ゲームID,名前,内部ID,局数,最大連荘数,和了数,和了点合計,和了点平均,最高和了点,和了巡目合計,和了巡目平均,ツモ和了,ロン和了,ダマ和了,役満和了,ドラ,赤ドラ,裏ドラ,放銃数,放銃点合計,放銃点平均,立直後放銃,宣言牌放銃,立直数,立直巡目合計,立直巡目平均,立直和了,先制立直,追っかけ立直,副露局数,副露和了,副露回数,門前清自摸和,立直,槍槓,嶺上開花,海底摸月,河底撈魚,役牌 白,役牌 發,役牌 中,役牌:自風牌,役牌:場風牌,断幺九,一盃口,平和,混全帯幺九,一気通貫,三色同順,ダブル立直,三色同刻,三槓子,対々和,三暗刻,小三元,混老頭,七対子,純全帯幺九,混一色,二盃口,清一色,一発,天和,地和,大三元,四暗刻,字一色,緑一色,清老頭,国士無双,小四喜,四槓子,九蓮宝燈,八連荘,純正九蓮宝燈,四暗刻単騎,国士無双十三面待ち,大四喜,燕返し,槓振り,十二落抬,五門斉,三連刻,一色三順,一筒摸月,九筒撈魚,人和,大車輪,大竹林,大数隣,石の上にも三年,大七星,その他の役
250901-2e93085c-b844-42d2-8087-9a925ab88498,Kasumisou,69812091,11,1,2,3100,1550,2000,25,12.5,1,1,0,0,0,1,0,0,0,,0,0,0,0,,0,0,0,3,2,5,0,0,0,0,0,0,0,0,1,0,0,1,0,0,0,0,0,0,0,0,0,0,0,0,0,0,0,0,0,0,0,0,0,0,0,0,0,0,0,0,0,0,0,0,0,0,0,0,0,0,0,0,0,0,0,0,0,0,0,0,0
250901-2e93085c-b844-42d2-8087-9a925ab88498,琴音04,101333044,11,2,4,24800,6200,11600,37,9.3,0,4,0,0,2,4,1,0,0,,0,0,5,47,9.4,4,4,1,2,0,3,0,4,0,0,0,0,0,0,0,0,0,0,0,2,0,0,0,0,0,0,0,0,0,0,0,0,0,0,0,0,0,0,0,0,0,0,0,0,0,0,0,0,0,0,0,0,0,0,0,0,0,0,0,0,0,0,0,0,0,0,0
250901-2e93085c-b844-42d2-8087-9a925ab88498,suzuken3,74756413,11,2,3,15300,5100,8000,37,12.3,2,1,0,0,1,0,1,1,2600,2600,0,0,2,16,8,2,2,0,3,1,4,1,2,0,0,0,0,0,0,0,0,0,0,0,1,0,1,0,0,0,0,0,0,0,0,0,0,1,0,0,0,0,0,0,0,0,0,0,0,0,0,0,0,0,0,0,0,0,0,0,0,0,0,0,0,0,0,0,0,0,0,0
250901-2e93085c-b844-42d2-8087-9a925ab88498,閄くん,102172268,11,2,1,7800,7800,7800,4,4,1,0,0,0,0,0,0,5,25500,5100,0,0,3,20,6.7,1,2,1,3,0,6,1,1,0,0,0,0,0,0,0,0,0,0,1,1,0,0,0,0,0,0,0,0,0,0,0,0,0,0,0,0,0,0,0,0,0,0,0,0,0,0,0,0,0,0,0,0,0,0,0,0,0,0,0,0,0,0,0,0,0,0,0
250901-03dd37c6-539d-4dea-97f7-10e0e04cba80,kotetsu0422,68590027,10,1,1,2000,2000,2000,17,17,0,1,0,0,0,0,0,3,20700,6900,1,0,2,22,11,1,2,0,2,0,2,0,1,0,0,0,0,0,0,0,0,0,0,0,1,0,0,0,0,0,0,0,0,0,0,0,0,0,0,0,0,0,0,0,0,0,0,0,0,0,0,0,0,0,0,0,0,0,0,0,0,0,0,0,0,0,0,0,0,0,0,0
250901-03dd37c6-539d-4dea-97f7-10e0e04cba80,CVココア,68095635,10,3,3,43700,14567,18000,37,12.3,1,2,0,0,4,4,0,0,0,,0,0,2,18,9,2,1,1,2,1,2,1,2,0,0,0,0,0,0,0,1,0,1,0,1,0,0,0,0,0,0,0,0,0,0,0,0,1,0,0,1,0,0,0,0,0,0,0,0,0,0,0,0,0,0,0,0,0,0,0,0,0,0,0,0,0,0,0,0,0,0,0
250901-03dd37c6-539d-4dea-97f7-10e0e04cba80,クロミです,105506555,10,1,4,23300,5825,12000,43,10.8,0,4,0,0,3,2,0,2,20000,10000,1,0,3,22,7.3,2,2,1,3,2,6,0,2,0,0,0,0,0,1,1,0,0,0,0,1,0,0,0,0,0,0,1,0,0,0,0,0,0,0,0,1,0,0,0,0,0,0,0,0,0,0,0,0,0,0,0,0,0,0,0,0,0,0,0,0,0,0,0,0,0,0,0
250901-03dd37c6-539d-4dea-97f7-10e0e04cba80,きょーか8,69157106,10,1,1,6400,6400,6400,13,13,1,0,0,0,1,1,0,2,10300,5150,0,0,0,0,,0,0,0,1,1,1,0,0,0,0,0,0,0,0,1,0,0,0,0,0,0,0,0,0,0,0,0,0,0,0,0,0,0,0,0,0,0,0,0,0,0,0,0,0,0,0,0,0,0,0,0,0,0,0,0,0,0,0,0,0,0,0,0,0,0,0,0
250901-7d6a24a2-58a0-43c8-a80c-ffd3905c83fe,kotetsu0422,68590027,11,2,3,37000,12333,18000,46,15.3,1,2,0,0,7,3,0,0,0,,0,0,1,9,9,1,1,0,2,2,4,1,1,0,0,0,0,0,0,1,0,0,1,0,0,0,0,0,0,0,0,0,0,0,0,0,0,1,0,0,0,0,0,0,0,0,0,0,0,0,0,0,0,0,0,0,0,0,0,0,0,0,0,0,0,0,0,0,0,0,0,0
250901-7d6a24a2-58a0-43c8-a80c-ffd3905c83fe,ちたーふ,68331919,11,2,2,26000,13000,18000,20,10,1,1,0,0,3,1,0,2,23200,11600,0,0,4,35,8.8,2,3,1,1,0,2,1,2,0,0,0,0,0,0,0,0,0,0,0,1,0,0,0,0,0,0,0,0,0,0,1,0,0,0,0,1,0,0,0,0,0,0,0,0,0,0,0,0,0,0,0,0,0,0,0,0,0,0,0,0,0,0,0,0,0,0,0
250901-7d6a24a2-58a0-43c8-a80c-ffd3905c83fe,閄くん,102172268,11,1,2,18600,9300,16000,24,12,1,1,0,0,1,1,0,1,16000,16000,0,0,1,10,10,1,1,0,8,1,14,1,1,0,0,0,0,0,0,0,0,0,1,0,1,0,0,1,0,0,0,1,0,0,0,0,0,0,0,0,0,0,0,0,0,0,0,0,0,0,0,0,0,0,0,0,0,0,0,0,0,0,0,0,0,0,0,0,0,0,0,0
250901-7d6a24a2-58a0-43c8-a80c-ffd3905c83fe,suzuken3,74756413,11,1,4,19500,4875,8000,54,13.5,3,1,1,0,2,2,0,2,20600,10300,1,0,1,9,9,0,1,0,3,3,3,1,0,0,0,0,0,0,1,0,1,1,1,0,0,0,0,0,0,0,0,1,0,0,0,0,0,0,0,0,0,0,0,0,0,0,0,0,0,0,0,0,0,0,0,0,0,0,0,0,0,0,0,0,0,0,0,0,0,0,0,0
250901-b9bfc235-69bc-4c77-aa40-c0dc274bd6c9,クロミです,105506555,10,1,2,6600,3300,3900,32,16,1,1,0,0,0,0,0,1,3900,3900,0,0,2,18,9,2,2,0,4,0,5,1,2,0,0,0,0,0,0,0,0,0,0,1,2,0,0,0,0,0,0,0,0,0,0,0,0,0,0,0,0,0,0,0,0,0,0,0,0,0,0,0,0,0,0,0,0,0,0,0,0,0,0,0,0,0,0,0,0,0,0,0
250901-b9bfc235-69bc-4c77-aa40-c0dc274bd6c9,ちたーふ,68331919,10,1,2,11800,5900,7900,17,8.5,1,1,0,0,0,3,1,3,23900,7967,0,0,1,5,5,1,1,0,3,1,5,1,1,0,0,0,0,0,0,0,0,0,1,0,0,0,0,0,0,0,0,0,0,0,0,0,0,0,0,0,0,0,0,0,0,0,0,0,0,0,0,0,0,0,0,0,0,0,0,0,0,0,0,0,0,0,0,0,0,0,0,0
250901-b9bfc235-69bc-4c77-aa40-c0dc274bd6c9,CVココア,68095635,10,3,2,21900,10950,18000,27,13.5,1,1,0,0,2,1,0,2,9000,4500,0,0,3,34,11.3,2,2,1,1,0,1,1,2,0,0,0,0,0,0,0,0,0,1,0,2,0,0,0,0,0,0,0,0,0,0,0,0,0,0,0,0,0,0,0,0,0,0,0,0,0,0,0,0,0,0,0,0,0,0,0,0,0,0,0,0,0,0,0,0,0,0,0
250901-b9bfc235-69bc-4c77-aa40-c0dc274bd6c9,にへぴ,102677127,10,1,3,11000,3667,7700,19,6.3,0,3,0,0,3,1,0,0,0,,0,0,2,14,7,1,2,0,5,2,7,0,1,0,0,0,0,0,0,2,0,0,0,0,0,0,0,0,0,0,0,0,0,0,0,0,0,0,0,0,0,0,0,0,0,0,0,0,0,0,0,0,0,0,0,0,0,0,0,0,0,0,0,0,0,0,0,0,0,0,0,0
250902-b4c29a29-52b7-4a2e-b667-6a1cf1149e8f,kotetsu0422,68590027,8,1,2,10600,5300,8000,30,15,0,2,0,0,1,1,1,1,12000,12000,0,0,3,34,11.3,2,3,0,0,0,0,0,2,0,0,0,0,0,0,0,0,0,1,0,0,0,0,0,0,0,0,0,0,0,0,0,0,0,0,0,0,0,0,0,0,0,0,0,0,0,0,0,0,0,0,0,0,0,0,0,0,0,0,0,0,0,0,0,0,0,0,0
250902-b4c29a29-52b7-4a2e-b667-6a1cf1149e8f,にへぴ,102677127,8,1,2,13200,6600,8000,15,7.5,0,2,0,0,1,1,0,0,0,,0,0,3,30,10,2,3,0,1,0,2,0,2,0,0,0,0,1,0,0,1,1,0,0,0,0,0,0,0,0,0,0,0,0,0,0,0,0,0,0,1,0,0,0,0,0,0,0,0,0,0,0,0,0,0,0,0,0,0,0,0,0,0,0,0,0,0,0,0,0,0,0
250902-b4c29a29-52b7-4a2e-b667-6a1cf1149e8f,閄くん,102172268,8,1,2,14000,7000,12000,22,11,0,2,0,0,2,2,2,2,13200,6600,0,0,1,6,6,1,1,0,5,1,6,0,1,0,0,0,0,0,0,1,0,0,0,0,1,0,0,0,0,0,0,0,0,0,0,0,0,0,0,0,0,0,0,0,0,0,0,0,0,0,0,0,0,0,0,0,0,0,0,0,0,0,0,0,0,0,0,0,0,0,0,0
250902-b4c29a29-52b7-4a2e-b667-6a1cf1149e8f,クロミです,105506555,8,1,1,8000,8000,8000,14,14,1,0,0,0,0,0,0,3,12600,4200,0,1,1,11,11,1,1,0,4,0,8,1,1,0,0,0,0,1,0,0,0,0,0,0,0,1,0,0,0,0,0,0,0,0,0,0,0,0,0,0,0,0,0,0,0,0,0,0,0,0,0,0,0,0,0,0,0,0,0,0,0,0,0,0,0,0,0,0,0,0,0,0
250902-45482eb3-e91a-4857-b0d9-1915745d63d9,ちたーふ,68331919,11,2,3,18500,6167,12000,39,13,2,1,1,0,0,0,0,0,0,,0,0,3,24,8,1,3,0,2,1,4,1,1,0,0,0,0,1,1,0,1,1,0,0,0,0,0,0,0,0,0,1,0,0,0,0,0,0,0,0,1,0,0,0,0,0,0,0,0,0,0,0,0,0,0,0,0,0,0,0,0,0,0,0,0,0,0,0,0,0,0,0
250902-45482eb3-e91a-4857-b0d9-1915745d63d9,suzuken3,74756413,11,1,0,0,,,0,,0,0,0,0,0,0,0,1,12000,12000,0,0,2,16,8,0,2,0,3,0,6,0,0,0,0,0,0,0,0,0,0,0,0,0,0,0,0,0,0,0,0,0,0,0,0,0,0,0,0,0,0,0,0,0,0,0,0,0,0,0,0,0,0,0,0,0,0,0,0,0,0,0,0,0,0,0,0,0,0,0,0,0
250902-45482eb3-e91a-4857-b0d9-1915745d63d9,ひつじ04,69255735,11,1,2,17200,8600,12000,23,11.5,1,1,0,0,1,1,0,3,6200,2067,0,0,3,31,10.3,2,2,1,1,0,2,1,2,0,0,0,0,0,0,0,0,0,0,0,1,1,0,1,0,0,0,0,0,0,0,0,0,0,0,0,0,0,0,0,0,0,0,0,0,0,0,0,0,0,0,0,0,0,0,0,0,0,0,0,0,0,0,0,0,0,0,0
250902-45482eb3-e91a-4857-b0d9-1915745d63d9,Kasumisou,69812091,11,2,3,6900,2300,2900,34,11.3,1,2,1,0,0,1,0,0,0,,0,0,1,9,9,1,1,0,2,1,2,1,1,0,0,0,0,1,0,0,0,0,1,0,1,0,0,0,0,0,0,0,0,0,0,0,0,0,0,0,0,0,0,0,0,0,0,0,0,0,0,0,0,0,0,0,0,0,0,0,0,0,0,0,0,0,0,0,0,0,0,0
250902-2619f02d-fe2a-47a6-bc67-6e9dbaf255d9,suzuken3,74756413,12,1,3,17000,5667,8000,31,10.3,0,3,0,0,2,1,1,3,13900,4633,0,0,4,38,9.5,2,3,1,4,1,4,0,2,0,0,0,0,0,0,0,0,0,2,0,0,0,0,0,0,0,0,0,0,0,0,0,0,0,0,0,1,0,0,0,0,0,0,0,0,0,0,0,0,0,0,0,0,0,0,0,0,0,0,0,0,0,0,0,0,0,0,0
250902-2619f02d-fe2a-47a6-bc67-6e9dbaf255d9,かんんちゃ,104219450,12,2,5,32900,6580,12000,56,11.2,2,3,1,0,1,4,1,1,1000,1000,0,0,5,46,9.2,4,3,2,1,0,1,2,4,0,0,0,0,0,0,0,0,0,2,1,2,0,1,0,0,0,0,0,0,0,0,0,0,0,0,0,0,0,0,0,0,0,0,0,0,0,0,0,0,0,0,0,0,0,0,0,0,0,0,0,0,0,0,0,0,0,0,0
250902-2619f02d-fe2a-47a6-bc67-6e9dbaf255d9,閄くん,102172268,12,2,2,4200,2100,2900,18,9,0,2,0,0,0,0,0,3,11500,3833,0,0,0,0,,0,0,0,7,2,8,0,0,0,0,0,0,1,1,1,0,0,0,0,0,0,0,0,0,0,0,0,0,0,0,0,0,0,0,0,0,0,0,0,0,0,0,0,0,0,0,0,0,0,0,0,0,0,0,0,0,0,0,0,0,0,0,0,0,0,0,0
250902-2619f02d-fe2a-47a6-bc67-6e9dbaf255d9,ひつじ04,69255735,12,2,2,7300,3650,5800,15,7.5,0,2,0,0,1,1,0,3,15100,5033,1,0,2,15,7.5,0,1,1,7,2,12,0,0,0,0,0,0,1,0,0,0,0,1,0,0,0,0,0,0,0,0,0,0,0,0,0,0,0,0,0,0,0,0,0,0,0,0,0,0,0,0,0,0,0,0,0,0,0,0,0,0,0,0,0,0,0,0,0,0,0,0,0
250902-ac20c091-1658-45b5-9b53-65eb600d1b6e,ねこぜ7272,106334717,9,2,1,2000,2000,2000,16,16,0,1,0,0,0,0,0,1,1300,1300,0,0,2,19,9.5,1,2,0,2,0,2,0,1,0,0,0,0,0,0,0,0,0,0,0,0,0,0,0,0,0,0,0,0,0,0,0,0,0,0,0,0,0,0,0,0,0,0,0,0,0,0,0,0,0,0,0,0,0,0,0,0,0,0,0,0,0,0,0,0,0,0,0
250902-ac20c091-1658-45b5-9b53-65eb600d1b6e,Kasumisou,69812091,9,1,0,0,,,0,,0,0,0,0,0,0,0,3,10700,3567,1,0,2,19,9.5,0,2,0,4,0,5,0,0,0,0,0,0,0,0,0,0,0,0,0,0,0,0,0,0,0,0,0,0,0,0,0,0,0,0,0,0,0,0,0,0,0,0,0,0,0,0,0,0,0,0,0,0,0,0,0,0,0,0,0,0,0,0,0,0,0,0,0
250902-ac20c091-1658-45b5-9b53-65eb600d1b6e,ちたーふ,68331919,9,1,2,11600,5800,7700,29,14.5,0,2,0,0,2,1,0,1,7700,7700,0,0,0,0,,0,0,0,2,2,4,0,0,0,0,0,0,0,1,0,1,0,0,0,0,0,0,0,0,0,0,0,0,0,0,0,0,1,0,0,0,0,0,0,0,0,0,0,0,0,0,0,0,0,0,0,0,0,0,0,0,0,0,0,0,0,0,0,0,0,0,0
250902-ac20c091-1658-45b5-9b53-65eb600d1b6e,クロミです,105506555,9,1,4,13000,3250,7700,39,9.8,1,3,1,0,3,1,0,1,3900,3900,0,0,0,0,,0,0,0,4,3,4,1,0,0,0,0,0,1,0,1,0,0,1,0,0,0,0,0,0,0,0,0,0,0,0,0,0,0,0,0,0,0,0,0,0,0,0,0,0,0,0,0,0,0,0,0,0,0,0,0,0,0,0,0,0,0,0,0,0,0,0,0
250902-7ba54b46-dbd0-4997-a27c-721edd45b93f,suzuken3,74756413,8,1,1,1300,1300,1300,7,7,0,1,0,0,0,0,0,2,13200,6600,0,0,4,37,9.3,1,3,1,3,0,7,0,1,0,0,0,0,0,0,0,0,0,0,0,0,0,0,0,0,0,0,0,0,0,0,0,0,0,0,0,0,0,0,0,0,0,0,0,0,0,0,0,0,0,0,0,0,0,0,0,0,0,0,0,0,0,0,0,0,0,0,0
250902-7ba54b46-dbd0-4997-a27c-721edd45b93f,閄くん,102172268,8,1,1,6400,6400,6400,13,13,1,0,0,0,1,0,0,2,13300,6650,0,0,1,10,10,0,0,1,4,1,5,0,0,0,0,0,0,0,0,0,1,1,0,0,0,0,0,0,0,0,0,0,0,0,0,0,0,0,0,0,0,0,0,0,0,0,0,0,0,0,0,0,0,0,0,0,0,0,0,0,0,0,0,0,0,0,0,0,0,0,0,0
250902-7ba54b46-dbd0-4997-a27c-721edd45b93f,kotetsu0422,68590027,8,1,2,20000,10000,12000,20,10,0,2,0,0,2,2,1,0,0,,0,0,2,15,7.5,2,2,0,2,0,2,0,2,0,0,0,0,0,0,0,0,0,0,1,1,0,1,0,0,0,0,0,0,0,0,0,0,0,0,0,1,0,0,0,0,0,0,0,0,0,0,0,0,0,0,0,0,0,0,0,0,0,0,0,0,0,0,0,0,0,0,0
250902-7ba54b46-dbd0-4997-a27c-721edd45b93f,かんんちゃ,104219450,8,1,3,19200,6400,12000,35,11.7,2,1,1,0,4,3,1,0,0,,0,0,3,22,7.3,1,3,0,1,1,2,1,1,0,0,0,0,1,0,0,0,0,0,1,0,0,0,0,0,0,0,0,0,0,0,0,0,0,0,0,0,0,0,0,0,0,0,0,0,0,0,0,0,0,0,0,0,0,0,0,0,0,0,0,0,0,0,0,0,0,0,0
250902-249ddbfb-11d0-4f6e-83ab-98326e5b28ef,suzuken3,74756413,10,1,0,0,,,0,,0,0,0,0,0,0,0,0,0,,0,0,1,13,13,0,1,0,2,0,2,0,0,0,0,0,0,0,0,0,0,0,0,0,0,0,0,0,0,0,0,0,0,0,0,0,0,0,0,0,0,0,0,0,0,0,0,0,0,0,0,0,0,0,0,0,0,0,0,0,0,0,0,0,0,0,0,0,0,0,0,0
250902-249ddbfb-11d0-4f6e-83ab-98326e5b28ef,閄くん,102172268,10,1,1,7700,7700,7700,12,12,0,1,0,0,0,0,0,3,11600,3867,0,0,0,0,,0,0,0,6,1,8,0,0,0,0,0,0,0,0,1,1,0,0,0,0,0,0,0,0,0,0,0,0,0,0,0,0,1,0,0,0,0,0,0,0,0,0,0,0,0,0,0,0,0,0,0,0,0,0,0,0,0,0,0,0,0,0,0,0,0,0,0
250902-249ddbfb-11d0-4f6e-83ab-98326e5b28ef,ルート12345,71218983,10,2,5,27600,5520,12000,61,12.2,2,3,1,0,2,1,3,2,19700,9850,1,0,4,23,5.8,3,4,0,4,1,8,2,3,0,0,0,0,0,0,0,0,0,3,1,1,0,0,0,0,0,0,0,0,0,0,0,0,0,0,0,0,0,0,0,0,0,0,0,0,0,0,0,0,0,0,0,0,0,0,0,0,0,0,0,0,0,0,0,0,0,0,0
250902-249ddbfb-11d0-4f6e-83ab-98326e5b28ef,クロミです,105506555,10,2,3,31900,10633,12000,35,11.7,2,1,0,0,2,2,3,0,0,,0,0,4,41,10.3,3,3,1,3,0,5,2,3,0,0,0,0,0,0,0,0,0,0,1,2,0,0,0,0,0,0,0,0,0,0,0,0,0,0,0,1,0,0,0,0,0,0,0,0,0,0,0,0,0,0,0,0,0,0,0,0,0,0,0,0,0,0,0,0,0,0,0
250902-ade0f68c-4bc6-46e1-98ac-ca1866e3a1de,kotetsu0422,68590027,15,3,3,13600,4533,7700,38,12.7,0,3,0,0,0,2,0,2,9700,4850,0,0,4,42,10.5,1,3,1,5,2,6,0,1,0,0,0,0,1,0,1,0,0,1,0,1,1,0,0,0,0,0,0,0,0,0,0,0,0,0,0,0,0,0,0,0,0,0,0,0,0,0,0,0,0,0,0,0,0,0,0,0,0,0,0,0,0,0,0,0,0,0,0
250902-ade0f68c-4bc6-46e1-98ac-ca1866e3a1de,ちたーふ,68331919,15,1,2,6600,3300,3900,26,13,1,1,0,0,0,1,0,3,18000,6000,1,2,6,62,10.3,2,3,3,0,0,0,1,2,0,0,0,0,0,0,0,0,0,0,0,2,0,0,0,0,0,0,0,0,0,0,0,0,0,0,0,0,0,0,0,0,0,0,0,0,0,0,0,0,0,0,0,0,0,0,0,0,0,0,0,0,0,0,0,0,0,0,0
250902-ade0f68c-4bc6-46e1-98ac-ca1866e3a1de,クロミです,105506555,15,4,4,35700,8925,18000,52,13,1,3,1,0,1,5,2,1,2900,2900,0,0,2,21,10.5,1,2,0,5,2,7,1,1,0,0,0,0,0,1,0,0,0,1,0,1,0,0,0,0,0,0,1,0,0,0,0,0,0,0,0,0,0,0,0,0,0,0,0,0,0,0,0,0,0,0,0,0,0,0,0,0,0,0,0,0,0,0,0,0,0,0,0
250902-ade0f68c-4bc6-46e1-98ac-ca1866e3a1de,suzuken3,74756413,15,3,3,14800,4933,8000,45,15,1,2,0,0,1,1,2,3,15500,5167,1,0,4,40,10,1,3,1,4,2,8,0,1,0,0,0,0,1,0,0,1,0,1,0,0,0,0,0,0,0,0,0,0,0,0,0,0,0,0,0,0,0,0,0,0,0,0,0,0,0,0,0,0,0,0,0,0,0,0,0,0,0,0,0,0,0,0,0,0,0,0,0
250903-c0f1b968-bb13-411b-82d5-34ecec893808,ひつじ04,69255735,14,2,2,14400,7200,12000,24,12,1,1,1,0,1,1,1,5,24500,4900,1,0,4,43,10.8,1,2,2,5,0,9,1,1,0,0,0,0,0,0,0,0,0,1,0,1,0,0,0,0,0,0,0,0,0,0,1,0,0,0,0,0,0,0,0,0,0,0,0,0,0,0,0,0,0,0,0,0,0,0,0,0,0,0,0,0,0,0,0,0,0,0,0
250903-c0f1b968-bb13-411b-82d5-34ecec893808,SaRa,72014327,14,2,0,0,,,0,,0,0,0,0,0,0,0,0,0,,0,0,2,21,10.5,0,2,0,2,0,3,0,0,0,0,0,0,0,0,0,0,0,0,0,0,0,0,0,0,0,0,0,0,0,0,0,0,0,0,0,0,0,0,0,0,0,0,0,0,0,0,0,0,0,0,0,0,0,0,0,0,0,0,0,0,0,0,0,0,0,0,0
250903-c0f1b968-bb13-411b-82d5-34ecec893808,suzuken3,74756413,14,2,3,28000,9333,12000,49,16.3,2,1,0,0,2,1,1,2,7900,3950,1,0,3,40,13.3,1,2,1,5,2,7,1,1,0,0,0,0,1,1,0,0,0,0,0,0,0,0,0,0,0,0,0,0,0,0,0,0,1,0,1,0,0,0,0,0,0,0,0,0,0,0,0,0,0,0,0,0,0,0,0,0,0,0,0,0,0,0,0,0,0,0,0
250903-c0f1b968-bb13-411b-82d5-34ecec893808,HARUBOKKURl,69199453,14,3,7,36400,5200,12000,82,11.7,1,6,0,0,4,4,0,1,2400,2400,0,0,4,39,9.8,3,3,1,6,4,8,1,3,0,0,0,0,1,0,0,1,0,2,0,0,0,0,1,0,0,0,0,0,0,0,1,0,0,0,0,0,0,0,0,0,0,0,0,0,0,0,0,0,0,0,0,0,0,0,0,0,0,0,0,0,0,0,0,0,0,0,0
250903-e5afb55b-c73d-4372-b3bd-7eed7b07a056,クロミです,105506555,16,2,2,8100,4050,5200,15,7.5,1,1,0,0,2,0,0,1,11600,11600,0,0,3,21,7,1,3,0,6,1,9,1,1,0,0,0,0,0,0,0,0,0,0,0,1,0,1,0,0,0,0,0,0,0,0,0,0,0,0,0,0,0,0,0,0,0,0,0,0,0,0,0,0,0,0,0,0,0,0,0,0,0,0,0,0,0,0,0,0,0,0,0
250903-e5afb55b-c73d-4372-b3bd-7eed7b07a056,ちたーふ,68331919,16,5,6,44000,7333,16000,72,12,3,3,1,0,7,5,1,3,18600,6200,0,0,2,20,10,1,1,1,7,4,10,2,1,0,0,0,0,1,1,1,0,1,1,0,1,0,0,0,0,0,0,0,0,0,0,0,0,0,0,0,0,0,0,0,0,0,0,0,0,0,0,0,0,0,0,0,0,0,0,0,0,0,0,0,0,0,0,0,0,0,0,0
250903-e5afb55b-c73d-4372-b3bd-7eed7b07a056,琴音04,101333044,16,1,2,10700,5350,8000,30,15,1,1,0,0,1,2,0,1,1600,1600,1,0,6,50,8.3,2,4,2,2,0,4,1,2,0,0,0,0,0,0,0,0,0,0,0,2,0,0,0,0,0,0,0,0,0,0,0,0,0,0,0,0,0,0,0,0,0,0,0,0,0,0,0,0,0,0,0,0,0,0,0,0,0,0,0,0,0,0,0,0,0,0,0
250903-e5afb55b-c73d-4372-b3bd-7eed7b07a056,Kasumisou,69812091,16,1,2,9300,4650,7700,36,18,0,2,2,0,1,1,0,2,9700,4850,0,0,2,22,11,0,2,0,4,0,5,0,0,0,0,0,0,0,1,0,0,0,1,0,1,0,0,0,0,0,0,0,0,0,0,0,0,0,0,0,0,0,0,0,0,0,0,0,0,0,0,0,0,0,0,0,0,0,0,0,0,0,0,0,0,0,0,0,0,0,0,0
250903-ae2d055e-b5ea-4751-8c38-d61f2a8f9e1f,ちたーふ,68331919,8,1,2,4000,2000,2000,26,13,0,2,0,0,0,1,0,1,2000,2000,0,1,0,0,,0,0,0,4,2,7,0,0,0,0,0,0,1,1,1,0,0,0,0,0,0,0,0,0,0,0,0,0,0,0,0,0,0,0,0,0,0,0,0,0,0,0,0,0,0,0,0,0,0,0,0,0,0,0,0,0,0,0,0,0,0,0,0,0,0,0,0
250903-ae2d055e-b5ea-4751-8c38-d61f2a8f9e1f,クロミです,105506555,8,1,2,17200,8600,12000,29,14.5,1,1,0,0,0,1,0,1,2000,2000,1,0,3,26,8.7,2,3,0,2,0,3,1,2,0,0,0,0,0,0,0,0,0,2,0,2,0,0,1,0,0,0,0,0,0,0,0,0,0,0,0,0,0,0,0,0,0,0,0,0,0,0,0,0,0,0,0,0,0,0,0,0,0,0,0,0,0,0,0,0,0,0,0
250903-ae2d055e-b5ea-4751-8c38-d61f2a8f9e1f,suzuken3,74756413,8,1,3,4400,1467,2000,36,12,1,2,0,0,1,0,0,2,14000,7000,1,0,3,23,7.7,1,2,1,3,2,4,0,1,0,0,0,0,0,0,0,0,0,2,0,0,0,0,0,0,0,0,0,0,0,0,0,0,0,0,0,0,0,0,0,0,0,0,0,0,0,0,0,0,0,0,0,0,0,0,0,0,0,0,0,0,0,0,0,0,0,0,0
250903-ae2d055e-b5ea-4751-8c38-d61f2a8f9e1f,ルート12345,71218983,8,1,0,0,,,0,,0,0,0,0,0,0,0,1,1300,1300,0,1,1,6,6,0,1,0,2,0,2,0,0,0,0,0,0,0,0,0,0,0,0,0,0,0,0,0,0,0,0,0,0,0,0,0,0,0,0,0,0,0,0,0,0,0,0,0,0,0,0,0,0,0,0,0,0,0,0,0,0,0,0,0,0,0,0,0,0,0,0,0
250903-e0a8ac32-f256-4c48-b3f4-783299547d18,クロミです,105506555,12,2,2,15200,7600,12000,26,13,0,2,0,0,4,0,0,1,8000,8000,0,0,1,4,4,1,1,0,7,1,11,0,1,0,0,0,0,0,0,0,0,0,1,0,0,0,0,0,0,0,0,0,0,0,0,1,0,0,0,0,0,0,0,0,0,0,0,0,0,0,0,0,0,0,0,0,0,0,0,0,0,0,0,0,0,0,0,0,0,0,0,0
250903-e0a8ac32-f256-4c48-b3f4-783299547d18,SaRa,72014327,12,3,4,35900,8975,12000,51,12.8,0,4,0,0,1,4,2,1,12000,12000,0,0,2,20,10,2,2,0,4,2,6,0,2,0,0,0,0,0,0,2,1,0,0,0,0,0,0,0,0,0,0,0,0,0,0,1,0,2,0,0,1,0,0,0,0,0,0,0,0,0,0,0,0,0,0,0,0,0,0,0,0,0,0,0,0,0,0,0,0,0,0,0
250903-e0a8ac32-f256-4c48-b3f4-783299547d18,ちたーふ,68331919,12,1,1,1500,1500,1500,18,18,1,0,0,0,0,0,0,6,35300,5883,2,0,2,21,10.5,0,1,1,3,1,3,0,0,0,0,0,0,0,0,0,0,1,0,0,0,0,0,0,0,0,0,0,0,0,0,0,0,0,0,0,0,0,0,0,0,0,0,0,0,0,0,0,0,0,0,0,0,0,0,0,0,0,0,0,0,0,0,0,0,0,0,0
250903-e0a8ac32-f256-4c48-b3f4-783299547d18,ルート12345,71218983,12,2,4,22200,5550,12000,50,12.5,2,2,0,0,3,0,2,0,0,,0,0,3,35,11.7,2,3,0,4,2,4,1,2,0,0,0,0,0,0,0,0,0,1,0,1,0,0,2,0,0,0,0,0,0,0,0,0,0,0,0,0,0,0,0,0,0,0,0,0,0,0,0,0,0,0,0,0,0,0,0,0,0,0,0,0,0,0,0,0,0,0,0
250904-4bb9600f-6f9f-4472-8112-fd7f868e65fc,にへぴ,102677127,12,2,0,0,,,0,,0,0,0,0,0,0,0,1,5800,5800,0,0,0,0,,0,0,0,7,0,10,0,0,0,0,0,0,0,0,0,0,0,0,0,0,0,0,0,0,0,0,0,0,0,0,0,0,0,0,0,0,0,0,0,0,0,0,0,0,0,0,0,0,0,0,0,0,0,0,0,0,0,0,0,0,0,0,0,0,0,0,0
250904-4bb9600f-6f9f-4472-8112-fd7f868e65fc,kotetsu0422,68590027,12,1,3,18600,6200,8000,34,11.3,1,2,1,0,3,0,0,0,0,,0,0,2,26,13,1,1,1,2,1,3,1,1,0,0,0,0,1,0,1,0,0,0,0,0,0,0,0,0,0,0,0,0,0,0,0,0,1,0,0,0,0,0,0,0,0,0,0,0,0,0,0,0,0,0,0,0,0,0,0,0,0,0,0,0,0,0,0,0,0,0,0
250904-4bb9600f-6f9f-4472-8112-fd7f868e65fc,suzuken3,74756413,12,4,7,35000,5000,11700,81,11.6,3,4,2,0,4,6,0,1,2600,2600,0,0,1,11,11,1,1,0,6,4,10,1,1,0,0,0,0,1,0,0,0,0,3,0,1,0,1,0,0,0,0,0,0,0,0,0,0,0,0,0,1,0,0,0,0,0,0,0,0,0,0,0,0,0,0,0,0,0,0,0,0,0,0,0,0,0,0,0,0,0,0,0
250904-4bb9600f-6f9f-4472-8112-fd7f868e65fc,やまちちまる,75231506,12,1,0,0,,,0,,0,0,0,0,0,0,0,4,19500,4875,1,0,3,32,10.7,0,3,0,0,0,0,0,0,0,0,0,0,0,0,0,0,0,0,0,0,0,0,0,0,0,0,0,0,0,0,0,0,0,0,0,0,0,0,0,0,0,0,0,0,0,0,0,0,0,0,0,0,0,0,0,0,0,0,0,0,0,0,0,0,0,0,0
250904-db491e76-a20b-4a71-8bcd-257cb2972b11,伊達の鬼,74277989,9,1,1,8000,8000,8000,9,9,1,0,0,0,0,0,0,3,13900,4633,0,0,1,10,10,0,0,1,2,1,4,0,0,0,0,0,0,0,1,0,1,0,0,0,0,1,0,0,0,0,0,0,0,0,0,0,0,1,0,0,0,0,0,0,0,0,0,0,0,0,0,0,0,0,0,0,0,0,0,0,0,0,0,0,0,0,0,0,0,0,0,0
250904-db491e76-a20b-4a71-8bcd-257cb2972b11,クロミです,105506555,9,1,2,15600,7800,7900,25,12.5,1,1,0,0,2,2,0,0,0,,0,0,1,12,12,1,1,0,2,1,3,1,1,0,0,0,0,0,0,1,0,0,1,0,0,0,0,0,0,0,0,0,0,0,0,0,0,0,0,0,0,0,0,0,0,0,0,0,0,0,0,0,0,0,0,0,0,0,0,0,0,0,0,0,0,0,0,0,0,0,0,0
250904-db491e76-a20b-4a71-8bcd-257cb2972b11,ルート12345,71218983,9,2,2,8100,4050,5200,29,14.5,0,2,0,0,0,2,1,0,0,,0,0,1,11,11,1,1,0,1,1,1,0,1,0,0,0,0,0,0,0,0,0,1,0,0,0,0,0,0,0,0,0,0,0,0,0,0,0,0,0,0,0,0,0,0,0,0,0,0,0,0,0,0,0,0,0,0,0,0,0,0,0,0,0,0,0,0,0,0,0,0,0
250904-db491e76-a20b-4a71-8bcd-257cb2972b11,琴音04,101333044,9,1,2,5000,2500,4000,20,10,1,1,0,0,0,0,1,1,2900,2900,0,0,2,17,8.5,1,2,0,3,1,3,1,1,0,0,0,0,0,1,0,0,0,0,0,0,0,0,0,0,0,0,0,0,0,0,0,0,0,0,0,0,0,0,0,0,0,0,0,0,0,0,0,0,0,0,0,0,0,0,0,0,0,0,0,0,0,0,0,0,0,0,0
250904-a6ce6ba9-95c4-4bc3-9735-36cf88aac070,クロミです,105506555,10,1,4,33700,8425,16000,49,12.3,1,3,0,0,3,2,5,2,13000,6500,0,0,4,26,6.5,4,3,1,3,0,3,1,4,0,0,0,0,0,0,0,0,0,1,0,2,0,0,0,0,0,0,0,0,0,0,0,0,0,0,0,1,0,0,0,0,0,0,0,0,0,0,0,0,0,0,0,0,0,0,0,0,0,0,0,0,0,0,0,0,0,0,0
250904-a6ce6ba9-95c4-4bc3-9735-36cf88aac070,閄くん,102172268,10,1,1,1000,1000,1000,7,7,0,1,0,0,0,0,0,2,12900,6450,0,1,0,0,,0,0,0,5,1,7,0,0,0,0,0,0,0,0,1,0,0,0,0,0,0,0,0,0,0,0,0,0,0,0,0,0,0,0,0,0,0,0,0,0,0,0,0,0,0,0,0,0,0,0,0,0,0,0,0,0,0,0,0,0,0,0,0,0,0,0,0
250904-a6ce6ba9-95c4-4bc3-9735-36cf88aac070,・てぃー・,69605115,10,1,1,7900,7900,7900,11,11,1,0,0,0,1,1,0,2,24000,12000,1,0,2,11,5.5,1,2,0,2,0,5,1,1,0,0,0,0,0,0,0,0,0,0,0,0,0,0,0,0,0,0,0,0,0,0,0,0,0,0,0,0,0,0,0,0,0,0,0,0,0,0,0,0,0,0,0,0,0,0,0,0,0,0,0,0,0,0,0,0,0,0,0
250904-a6ce6ba9-95c4-4bc3-9735-36cf88aac070,ルート12345,71218983,10,3,4,26000,6500,12000,42,10.5,1,3,0,0,1,4,0,1,1000,1000,0,0,2,14,7,2,2,0,3,2,3,1,2,0,0,0,0,0,0,0,1,1,1,0,1,0,0,0,0,0,0,0,0,0,0,0,0,0,0,0,1,0,0,0,0,0,0,0,0,0,0,0,0,0,0,0,0,0,0,0,0,0,0,0,0,0,0,0,0,0,0,0
250904-96a3aac6-4e01-4f78-abf0-6449c0fa6142,ルート12345,71218983,14,1,0,0,,,0,,0,0,0,0,0,0,0,2,4600,2300,0,1,2,24,12,0,0,2,3,0,4,0,0,0,0,0,0,0,0,0,0,0,0,0,0,0,0,0,0,0,0,0,0,0,0,0,0,0,0,0,0,0,0,0,0,0,0,0,0,0,0,0,0,0,0,0,0,0,0,0,0,0,0,0,0,0,0,0,0,0,0,0
250904-96a3aac6-4e01-4f78-abf0-6449c0fa6142,閄くん,102172268,14,3,6,25700,4283,11700,72,12,5,1,1,0,1,2,0,1,2900,2900,0,0,6,50,8.3,4,5,1,5,1,8,4,4,0,0,0,0,0,0,0,1,0,1,0,2,0,0,0,0,0,0,0,0,0,0,0,0,0,0,0,0,0,0,0,0,0,0,0,0,0,0,0,0,0,0,0,0,0,0,0,0,0,0,0,0,0,0,0,0,0,0,0
250904-96a3aac6-4e01-4f78-abf0-6449c0fa6142,ちたーふ,68331919,14,1,0,0,,,0,,0,0,0,0,0,0,0,2,13800,6900,0,0,2,27,13.5,0,1,1,4,0,7,0,0,0,0,0,0,0,0,0,0,0,0,0,0,0,0,0,0,0,0,0,0,0,0,0,0,0,0,0,0,0,0,0,0,0,0,0,0,0,0,0,0,0,0,0,0,0,0,0,0,0,0,0,0,0,0,0,0,0,0,0
250904-96a3aac6-4e01-4f78-abf0-6449c0fa6142,・てぃー・,69605115,14,3,6,33300,5550,12000,70,11.7,1,5,0,0,4,5,0,1,2000,2000,0,0,3,30,10,2,3,0,6,4,9,1,2,0,0,0,0,1,1,0,0,0,2,0,1,0,0,0,0,0,0,0,0,0,0,0,0,0,0,0,1,0,0,0,0,0,0,0,0,0,0,0,0,0,0,0,0,0,0,0,0,0,0,0,0,0,0,0,0,0,0,0
250905-97da89fa-8bc2-4fa7-bb6c-9b472f8456ca,ひつじ04,69255735,9,2,3,15500,5167,7700,44,14.7,0,3,0,0,0,4,1,1,5200,5200,0,0,3,24,8,1,1,2,2,2,2,0,1,0,0,0,0,0,1,0,0,0,1,0,1,0,0,0,0,0,0,0,0,0,0,0,0,0,0,0,0,0,0,0,0,0,0,0,0,0,0,0,0,0,0,0,0,0,0,0,0,0,0,0,0,0,0,0,0,0,0,0
250905-97da89fa-8bc2-4fa7-bb6c-9b472f8456ca,kotetsu0422,68590027,9,1,1,5200,5200,5200,13,13,0,1,1,0,2,0,0,6,29400,4900,3,0,3,32,10.7,0,2,1,0,0,0,0,0,0,0,0,0,0,0,0,0,0,0,1,0,0,0,0,0,0,0,0,0,0,0,0,0,0,0,0,0,0,0,0,0,0,0,0,0,0,0,0,0,0,0,0,0,0,0,0,0,0,0,0,0,0,0,0,0,0,0,0
250905-97da89fa-8bc2-4fa7-bb6c-9b472f8456ca,きょーか8,69157106,9,1,0,0,,,0,,0,0,0,0,0,0,0,1,7700,7700,1,0,2,12,6,0,2,0,0,0,0,0,0,0,0,0,0,0,0,0,0,0,0,0,0,0,0,0,0,0,0,0,0,0,0,0,0,0,0,0,0,0,0,0,0,0,0,0,0,0,0,0,0,0,0,0,0,0,0,0,0,0,0,0,0,0,0,0,0,0,0,0
250905-97da89fa-8bc2-4fa7-bb6c-9b472f8456ca,やまちちまる,75231506,9,1,5,27400,5480,8000,49,9.8,0,5,2,0,4,2,0,1,5800,5800,1,0,4,35,8.8,3,2,2,0,0,0,0,3,0,0,0,0,1,0,0,1,0,0,1,2,0,0,0,0,0,0,0,0,0,0,0,0,0,0,0,2,0,0,0,0,0,0,0,0,0,0,0,0,0,0,0,0,0,0,0,0,0,0,0,0,0,0,0,0,0,0,0
250905-38dd4eaa-b7e2-4967-bbc7-030586be63c6,ルート12345,71218983,15,2,2,13200,6600,8000,24,12,1,1,0,0,3,1,0,4,17300,4325,0,1,4,37,9.3,2,4,0,2,0,2,1,2,0,0,0,0,0,0,0,0,0,0,1,1,0,0,0,0,0,0,0,0,0,0,0,0,0,0,0,0,0,0,0,0,0,0,0,0,0,0,0,0,0,0,0,0,0,0,0,0,0,0,0,0,0,0,0,0,0,0,0
250905-38dd4eaa-b7e2-4967-bbc7-030586be63c6,ちたーふ,68331919,15,2,5,27500,5500,12000,62,12.4,1,4,0,0,2,5,0,1,8000,8000,0,0,6,58,9.7,3,4,2,4,2,4,1,3,0,0,0,0,0,0,1,0,0,2,0,1,0,0,1,0,0,0,0,0,0,0,0,0,0,0,0,0,0,0,0,0,0,0,0,0,0,0,0,0,0,0,0,0,0,0,0,0,0,0,0,0,0,0,0,0,0,0,0
250905-38dd4eaa-b7e2-4967-bbc7-030586be63c6,suzuken3,74756413,15,3,2,2500,1250,1500,23,11.5,0,2,0,0,0,0,0,3,24500,8167,0,0,3,25,8.3,0,2,1,7,2,9,0,0,0,0,0,0,0,0,0,0,0,1,0,0,1,0,0,0,0,0,0,0,0,0,0,0,0,0,0,0,0,0,0,0,0,0,0,0,0,0,0,0,0,0,0,0,0,0,0,0,0,0,0,0,0,0,0,0,0,0,0
250905-38dd4eaa-b7e2-4967-bbc7-030586be63c6,ほかほか亭白米,107968426,15,3,3,27700,9233,18000,31,10.3,0,3,0,0,3,2,0,1,3900,3900,0,0,1,9,9,0,1,0,9,3,13,0,0,0,0,0,0,3,0,1,1,0,0,0,0,0,0,0,0,0,0,1,0,0,0,0,0,0,0,0,0,0,0,0,0,0,0,0,0,0,0,0,0,0,0,0,0,0,0,0,0,0,0,0,0,0,0,0,0,0,0,0
250905-bfe41e3d-4af9-4dd3-b28b-791a695df0af,閄くん,102172268,11,1,2,16000,8000,8000,28,14,1,1,0,0,2,0,2,0,0,,0,0,6,54,9,1,5,1,3,1,4,0,1,0,0,0,0,1,0,1,0,0,0,1,0,0,0,0,0,0,0,0,0,0,0,0,0,1,0,0,0,0,0,0,0,0,0,0,0,0,0,0,0,0,0,0,0,0,0,0,0,0,0,0,0,0,0,0,0,0,0,0
250905-bfe41e3d-4af9-4dd3-b28b-791a695df0af,伊達の鬼,74277989,11,1,3,17200,5733,8000,47,15.7,2,1,0,0,0,2,1,1,12000,12000,0,0,4,50,12.5,3,1,3,2,0,3,2,3,0,0,0,0,0,0,0,0,0,1,1,1,0,0,0,0,0,0,0,0,0,0,0,0,0,0,0,0,0,0,0,0,0,0,0,0,0,0,0,0,0,0,0,0,0,0,0,0,0,0,0,0,0,0,0,0,0,0,0
250905-bfe41e3d-4af9-4dd3-b28b-791a695df0af,ひつじ04,69255735,11,4,4,30700,7675,12000,52,13,2,2,0,0,0,0,0,1,8000,8000,0,0,2,19,9.5,1,0,2,6,3,9,1,1,0,0,0,0,1,2,1,0,1,0,0,1,0,0,0,0,0,0,1,0,0,0,0,0,2,0,0,1,0,0,0,0,0,0,0,0,0,0,0,0,0,0,0,0,0,0,0,0,0,0,0,0,0,0,0,0,0,0,0
250905-bfe41e3d-4af9-4dd3-b28b-791a695df0af,kotetsu0422,68590027,11,1,0,0,,,0,,0,0,0,0,0,0,0,2,9500,4750,0,0,2,21,10.5,0,2,0,2,0,2,0,0,0,0,0,0,0,0,0,0,0,0,0,0,0,0,0,0,0,0,0,0,0,0,0,0,0,0,0,0,0,0,0,0,0,0,0,0,0,0,0,0,0,0,0,0,0,0,0,0,0,0,0,0,0,0,0,0,0,0,0
250905-e7df526c-a7b7-4fa1-a185-2902c1bed264,ルート12345,71218983,13,4,5,28900,5780,11700,55,11,1,4,0,0,1,4,1,3,33600,11200,1,1,3,18,6,2,2,1,5,3,6,1,2,0,0,0,0,1,1,0,1,0,0,1,0,0,0,0,0,0,0,0,0,0,0,0,0,0,0,0,0,0,0,0,0,0,0,0,0,0,0,0,0,0,0,0,0,0,0,0,0,0,0,0,0,0,0,0,0,0,0,0
250905-e7df526c-a7b7-4fa1-a185-2902c1bed264,ほかほか亭白米,107968426,13,2,2,11000,5500,8000,22,11,1,1,0,0,4,0,0,5,49200,9840,1,1,3,30,10,1,3,0,4,1,6,0,1,0,0,0,0,0,0,0,1,0,0,0,0,0,0,0,0,0,0,0,0,0,0,0,0,0,0,0,0,0,0,0,0,0,0,0,0,0,0,0,0,0,0,0,0,0,0,0,0,0,0,0,0,0,0,0,0,0,0,0
250905-e7df526c-a7b7-4fa1-a185-2902c1bed264,suzuken3,74756413,13,2,2,25600,12800,16000,19,9.5,0,2,0,0,2,0,2,1,5800,5800,1,0,5,42,8.4,2,4,1,2,0,4,0,2,0,0,0,0,0,0,0,0,0,0,0,0,0,0,0,0,0,0,0,1,0,0,1,0,0,0,0,1,0,0,0,0,0,0,0,0,0,0,0,0,0,0,0,0,0,0,0,0,0,0,0,0,0,0,0,0,0,0,0
250905-e7df526c-a7b7-4fa1-a185-2902c1bed264,SaRa,72014327,13,1,3,45700,15233,32000,38,12.7,1,2,1,1,3,0,0,0,0,,0,0,1,12,12,1,0,1,2,1,3,1,1,0,0,0,0,0,0,0,0,0,1,0,1,0,0,0,0,0,0,0,0,0,0,0,0,0,0,0,0,0,0,1,0,0,0,0,0,0,0,0,0,0,0,0,0,0,0,0,0,0,0,0,0,0,0,0,0,0,0,0
250905-091d42d5-cce9-43b3-8696-d1404567b856,クロミです,105506555,11,1,2,10000,5000,8000,15,7.5,0,2,0,0,2,0,0,1,2600,2600,0,0,2,8,4,2,2,0,5,0,6,0,2,0,0,0,0,0,0,0,0,0,0,1,2,0,0,0,0,0,0,0,0,0,0,0,0,0,0,0,0,0,0,0,0,0,0,0,0,0,0,0,0,0,0,0,0,0,0,0,0,0,0,0,0,0,0,0,0,0,0,0
250905-091d42d5-cce9-43b3-8696-d1404567b856,閄くん,102172268,11,2,3,29200,9733,12000,47,15.7,1,2,0,0,2,1,1,3,17700,5900,0,0,2,12,6,2,1,1,6,1,9,1,2,0,0,0,0,0,0,0,0,0,1,0,2,0,0,0,0,0,0,1,0,0,0,0,0,0,0,1,0,0,0,0,0,0,0,0,0,0,0,0,0,0,0,0,0,0,0,0,0,0,0,0,0,0,0,0,0,0,0,0
250905-091d42d5-cce9-43b3-8696-d1404567b856,伊達の鬼,74277989,11,1,0,0,,,0,,0,0,0,0,0,0,0,3,29800,9933,2,0,3,35,11.7,0,2,1,1,0,1,0,0,0,0,0,0,0,0,0,0,0,0,0,0,0,0,0,0,0,0,0,0,0,0,0,0,0,0,0,0,0,0,0,0,0,0,0,0,0,0,0,0,0,0,0,0,0,0,0,0,0,0,0,0,0,0,0,0,0,0,0
250905-091d42d5-cce9-43b3-8696-d1404567b856,ちたーふ,68331919,11,3,4,20100,5025,7700,47,11.8,1,3,0,0,4,2,0,0,0,,0,0,3,37,12.3,2,2,1,6,2,10,1,2,0,0,0,0,0,0,1,0,0,2,0,0,0,0,0,0,0,0,0,0,0,0,0,0,0,0,0,0,0,0,0,0,0,0,0,0,0,0,0,0,0,0,0,0,0,0,0,0,0,0,0,0,0,0,0,0,0,0,0
250905-a1247767-6506-44cb-a342-292db16c8a01,ルート12345,71218983,9,1,3,21000,7000,12000,32,10.7,1,2,0,0,1,2,0,1,2600,2600,0,0,2,16,8,1,1,1,3,2,4,1,1,0,0,0,0,0,1,0,1,0,0,0,1,0,0,0,0,0,0,0,0,0,0,0,0,1,0,0,0,0,0,0,0,0,0,0,0,0,0,0,0,0,0,0,0,0,0,0,0,0,0,0,0,0,0,0,0,0,0,0
250905-a1247767-6506-44cb-a342-292db16c8a01,CVココア,68095635,9,1,2,7800,3900,5200,16,8,1,1,0,0,0,2,0,1,1000,1000,0,0,2,11,5.5,2,2,0,2,0,3,1,2,0,0,0,0,0,0,0,0,0,0,0,1,0,0,0,0,0,0,0,0,0,0,0,0,0,0,0,0,0,0,0,0,0,0,0,0,0,0,0,0,0,0,0,0,0,0,0,0,0,0,0,0,0,0,0,0,0,0,0
250905-a1247767-6506-44cb-a342-292db16c8a01,SaRa,72014327,9,1,1,8000,8000,8000,9,9,0,1,0,0,0,1,1,1,8000,8000,0,0,2,16,8,1,2,0,1,0,1,0,1,0,0,0,0,0,0,0,0,1,0,0,0,0,0,0,0,0,0,0,0,0,0,0,0,0,0,0,1,0,0,0,0,0,0,0,0,0,0,0,0,0,0,0,0,0,0,0,0,0,0,0,0,0,0,0,0,0,0,0
250905-a1247767-6506-44cb-a342-292db16c8a01,ほかほか亭白米,107968426,9,1,3,14200,4733,8000,44,14.7,2,1,0,0,0,1,2,2,9000,4500,0,0,2,14,7,2,2,0,3,1,3,2,2,0,0,0,0,0,0,0,0,0,0,0,1,0,0,1,0,0,0,0,0,0,0,0,0,0,0,0,0,0,0,0,0,0,0,0,0,0,0,0,0,0,0,0,0,0,0,0,0,0,0,0,0,0,0,0,0,0,0,0
250905-486b7d9a-0086-415c-99e9-d2125577bd4d,ルート12345,71218983,12,1,1,12000,12000,12000,12,12,0,1,0,0,0,0,2,3,17000,5667,1,0,2,25,12.5,1,0,2,3,0,4,0,1,0,0,0,0,0,0,0,0,0,0,0,0,0,0,0,0,0,0,0,0,0,0,1,0,0,0,0,1,0,0,0,0,0,0,0,0,0,0,0,0,0,0,0,0,0,0,0,0,0,0,0,0,0,0,0,0,0,0,0
250905-486b7d9a-0086-415c-99e9-d2125577bd4d,ほかほか亭白米,107968426,12,3,1,8000,8000,8000,13,13,0,1,0,0,0,1,0,2,10900,5450,0,0,4,45,11.3,1,4,0,4,0,5,0,1,0,0,0,0,0,0,0,0,0,1,1,1,0,0,0,0,0,0,0,0,0,0,0,0,0,0,0,0,0,0,0,0,0,0,0,0,0,0,0,0,0,0,0,0,0,0,0,0,0,0,0,0,0,0,0,0,0,0,0
250905-486b7d9a-0086-415c-99e9-d2125577bd4d,CVココア,68095635,12,2,5,37000,7400,12000,67,13.4,0,5,0,0,3,2,2,0,0,,0,0,4,33,8.3,4,4,0,3,1,3,0,4,0,0,0,0,1,0,0,0,0,2,0,3,0,0,0,0,0,0,1,0,0,0,0,0,0,0,0,1,0,0,0,0,0,0,0,0,0,0,0,0,0,0,0,0,0,0,0,0,0,0,0,0,0,0,0,0,0,0,0
250905-486b7d9a-0086-415c-99e9-d2125577bd4d,SaRa,72014327,12,2,2,8100,4050,5200,27,13.5,1,1,0,0,0,1,0,3,32000,10667,0,0,2,30,15,1,1,1,6,1,8,1,1,0,0,0,0,0,0,0,2,0,0,0,0,0,0,0,0,0,0,0,0,0,0,0,0,0,0,0,0,0,0,0,0,0,0,0,0,0,0,0,0,0,0,0,0,0,0,0,0,0,0,0,0,0,0,0,0,0,0,0
250908-743d2f1c-1291-4631-9280-a6cb7642d60a,琴音04,101333044,9,2,3,15200,5067,8000,38,12.7,1,2,0,0,1,4,0,1,5200,5200,0,1,3,19,6.3,2,3,0,1,1,1,1,2,0,0,0,0,1,0,0,0,1,0,0,0,0,0,0,0,0,0,0,0,0,0,0,0,0,0,0,0,0,0,0,0,0,0,0,0,0,0,0,0,0,0,0,0,0,0,0,0,0,0,0,0,0,0,0,0,0,0,0
250908-743d2f1c-1291-4631-9280-a6cb7642d60a,閄くん,102172268,9,1,2,13200,6600,8000,30,15,1,1,0,0,2,3,0,1,12000,12000,0,0,2,25,12.5,1,1,1,4,1,8,0,1,0,0,1,0,0,0,0,0,1,0,0,0,0,0,0,0,0,0,0,0,0,0,0,0,0,0,0,0,0,0,0,0,0,0,0,0,0,0,0,0,0,0,0,0,0,0,0,0,0,0,0,0,0,0,0,0,0,0,0
250908-743d2f1c-1291-4631-9280-a6cb7642d60a,suzuken3,74756413,9,1,0,0,,,0,,0,0,0,0,0,0,0,3,9800,3267,1,0,1,10,10,0,1,0,2,0,2,0,0,0,0,0,0,0,0,0,0,0,0,0,0,0,0,0,0,0,0,0,0,0,0,0,0,0,0,0,0,0,0,0,0,0,0,0,0,0,0,0,0,0,0,0,0,0,0,0,0,0,0,0,0,0,0,0,0,0,0,0
250908-743d2f1c-1291-4631-9280-a6cb7642d60a,SaRa,72014327,9,1,3,15700,5233,12000,33,11,1,2,1,0,3,2,0,0,0,,0,0,1,10,10,1,1,0,3,1,4,1,1,0,0,0,0,0,0,0,0,0,1,0,0,0,0,0,0,0,0,0,0,0,0,0,0,0,0,0,0,0,0,0,0,0,0,0,0,0,0,0,0,0,0,0,0,0,0,0,0,0,0,0,0,0,0,0,0,0,0,0
250908-9d509ae3-9c00-48da-a71c-23c4e3fe50ce,閄くん,102172268,8,1,2,11900,5950,7900,16,8,2,0,0,0,1,1,1,0,0,,0,0,2,12,6,2,2,0,5,0,10,2,2,0,0,0,0,0,0,0,0,0,0,0,0,0,0,0,0,0,0,0,0,0,0,0,0,0,0,0,0,0,0,0,0,0,0,0,0,0,0,0,0,0,0,0,0,0,0,0,0,0,0,0,0,0,0,0,0,0,0,0
250908-9d509ae3-9c00-48da-a71c-23c4e3fe50ce,SaRa,72014327,8,1,2,12900,6450,7700,23,11.5,0,2,0,0,0,1,1,0,0,,0,0,1,10,10,1,1,0,2,1,5,0,1,0,0,0,0,0,1,0,0,0,0,0,1,0,0,0,0,0,0,0,0,0,0,0,0,1,0,0,0,0,0,0,0,0,0,0,0,0,0,0,0,0,0,0,0,0,0,0,0,0,0,0,0,0,0,0,0,0,0,0
250908-9d509ae3-9c00-48da-a71c-23c4e3fe50ce,suzuken3,74756413,8,1,2,13300,6650,12000,26,13,1,1,0,0,1,0,3,1,7700,7700,0,0,1,8,8,1,1,0,2,1,4,1,1,0,0,0,0,0,0,1,0,0,0,0,0,0,0,0,0,0,0,0,0,0,0,0,0,0,0,0,0,0,0,0,0,0,0,0,0,0,0,0,0,0,0,0,0,0,0,0,0,0,0,0,0,0,0,0,0,0,0,0
250908-9d509ae3-9c00-48da-a71c-23c4e3fe50ce,ちたーふ,68331919,8,1,1,8000,8000,8000,13,13,1,0,0,0,2,1,0,2,6500,3250,0,0,0,0,,0,0,0,1,1,2,0,0,0,0,0,0,0,0,0,1,1,0,0,0,0,0,0,0,0,0,0,0,0,0,0,0,0,0,0,0,0,0,0,0,0,0,0,0,0,0,0,0,0,0,0,0,0,0,0,0,0,0,0,0,0,0,0,0,0,0,0
250908-b6e001dd-0a7f-4062-a746-915373e5f786,SaRa,72014327,13,3,3,16700,5567,8000,31,10.3,0,3,0,0,6,0,0,2,10000,5000,0,0,0,0,,0,0,0,6,3,11,0,0,0,0,0,0,1,1,0,0,1,1,0,0,0,0,0,0,0,0,0,0,0,0,0,0,0,0,0,0,0,0,0,0,0,0,0,0,0,0,0,0,0,0,0,0,0,0,0,0,0,0,0,0,0,0,0,0,0,0,0
250908-b6e001dd-0a7f-4062-a746-915373e5f786,閄くん,102172268,13,1,2,20000,10000,12000,23,11.5,0,2,0,0,2,3,1,1,5900,5900,0,0,3,29,9.7,1,2,1,8,1,15,0,1,0,0,0,0,0,0,0,0,0,1,1,1,0,0,0,0,0,0,0,0,0,0,0,0,1,0,0,0,0,0,0,0,0,0,0,0,0,0,0,0,0,0,0,0,0,0,0,0,0,0,0,0,0,0,0,0,0,0,0
250908-b6e001dd-0a7f-4062-a746-915373e5f786,suzuken3,74756413,13,3,5,30500,6100,12000,59,11.8,3,2,0,0,4,2,1,3,20700,6900,0,0,5,31,6.2,3,5,0,5,2,11,2,3,0,0,0,1,0,0,0,0,0,2,0,1,0,0,1,0,0,0,0,0,0,0,0,0,0,0,0,1,0,0,0,0,0,0,0,0,0,0,0,0,0,0,0,0,0,0,0,0,0,0,0,0,0,0,0,0,0,0,0
250908-b6e001dd-0a7f-4062-a746-915373e5f786,HARUBOKKURl,69199453,13,2,2,5900,2950,3900,30,15,0,2,0,0,1,1,0,2,10600,5300,0,0,2,21,10.5,0,1,1,6,2,8,0,0,0,0,0,1,0,0,0,0,0,2,0,0,0,0,0,0,0,0,0,0,0,0,0,0,0,0,0,0,0,0,0,0,0,0,0,0,0,0,0,0,0,0,0,0,0,0,0,0,0,0,0,0,0,0,0,0,0,0,0
250909-dd7f415c-e49b-43b7-9f7e-0675dd479c15,クロミです,105506555,9,1,0,0,,,0,,0,0,0,0,0,0,0,2,9100,4550,0,0,1,10,10,0,1,0,4,0,5,0,0,0,0,0,0,0,0,0,0,0,0,0,0,0,0,0,0,0,0,0,0,0,0,0,0,0,0,0,0,0,0,0,0,0,0,0,0,0,0,0,0,0,0,0,0,0,0,0,0,0,0,0,0,0,0,0,0,0,0,0
250909-dd7f415c-e49b-43b7-9f7e-0675dd479c15,SaRa,72014327,9,2,5,19100,3820,8000,51,10.2,0,5,0,0,0,1,0,0,0,,0,0,0,0,,0,0,0,5,5,7,0,0,0,0,0,0,0,2,1,1,2,0,0,0,0,0,0,0,0,0,0,0,0,0,0,0,2,0,0,0,0,0,0,0,0,0,0,0,0,0,0,0,0,0,0,0,0,0,0,0,0,0,0,0,0,0,0,0,0,0,0
250909-dd7f415c-e49b-43b7-9f7e-0675dd479c15,ちたーふ,68331919,9,1,1,2000,2000,2000,8,8,0,1,0,0,1,0,0,3,10000,3333,0,0,1,9,9,0,1,0,3,1,5,0,0,0,0,0,0,0,1,0,0,0,0,0,0,0,0,0,0,0,0,0,0,0,0,0,0,0,0,0,0,0,0,0,0,0,0,0,0,0,0,0,0,0,0,0,0,0,0,0,0,0,0,0,0,0,0,0,0,0,0,0
250909-dd7f415c-e49b-43b7-9f7e-0675dd479c15,ルート12345,71218983,9,1,1,5200,5200,5200,17,17,1,0,0,0,0,1,0,1,2000,2000,0,0,2,23,11.5,0,1,1,1,1,1,0,0,0,0,0,0,0,0,0,1,1,0,0,0,0,0,0,0,0,0,0,0,0,0,0,0,0,0,0,0,0,0,0,0,0,0,0,0,0,0,0,0,0,0,0,0,0,0,0,0,0,0,0,0,0,0,0,0,0,0,0
250909-49783d3a-1368-4de6-bbce-da0450c2550e,クロミです,105506555,11,1,0,0,,,0,,0,0,0,0,0,0,0,3,17900,5967,0,0,2,25,12.5,0,2,0,3,0,3,0,0,0,0,0,0,0,0,0,0,0,0,0,0,0,0,0,0,0,0,0,0,0,0,0,0,0,0,0,0,0,0,0,0,0,0,0,0,0,0,0,0,0,0,0,0,0,0,0,0,0,0,0,0,0,0,0,0,0,0,0
250909-49783d3a-1368-4de6-bbce-da0450c2550e,SaRa,72014327,11,1,1,12000,12000,12000,12,12,0,1,0,0,0,0,2,2,20000,10000,0,0,2,27,13.5,1,0,2,2,0,5,0,1,0,0,0,0,0,0,0,0,0,0,0,0,0,0,0,0,0,0,0,0,0,0,1,0,0,0,0,1,0,0,0,0,0,0,0,0,0,0,0,0,0,0,0,0,0,0,0,0,0,0,0,0,0,0,0,0,0,0,0
250909-49783d3a-1368-4de6-bbce-da0450c2550e,Set4fi1,102454965,11,2,5,37900,7580,12000,56,11.2,1,4,0,0,4,2,2,0,0,,0,0,3,29,9.7,2,3,0,4,3,4,1,2,0,0,0,1,0,1,1,1,1,0,0,0,0,0,0,0,0,0,0,0,0,0,1,0,1,0,0,0,0,0,0,0,0,0,0,0,0,0,0,0,0,0,0,0,0,0,0,0,0,0,0,0,0,0,0,0,0,0,0
250909-49783d3a-1368-4de6-bbce-da0450c2550e,ルート12345,71218983,11,3,1,6000,6000,6000,17,17,1,0,0,0,0,1,0,0,0,,0,0,1,8,8,0,1,0,2,1,2,0,0,0,0,0,0,1,0,0,0,0,0,0,0,0,0,1,0,0,0,0,0,0,0,0,0,0,0,0,0,0,0,0,0,0,0,0,0,0,0,0,0,0,0,0,0,0,0,0,0,0,0,0,0,0,0,0,0,0,0,0
250909-ef07c58f-e024-40b7-93ce-bc4abba18f5b,かんんちゃ,104219450,13,1,2,10300,5150,7700,26,13,0,2,0,0,0,0,1,3,14500,4833,0,0,3,25,8.3,2,3,0,1,0,1,0,2,0,0,0,0,0,0,0,0,0,1,1,1,0,0,0,0,0,0,0,0,0,0,0,0,0,0,0,0,0,0,0,0,0,0,0,0,0,0,0,0,0,0,0,0,0,0,0,0,0,0,0,0,0,0,0,0,0,0,0
250909-ef07c58f-e024-40b7-93ce-bc4abba18f5b,ちたーふ,68331919,13,1,1,7700,7700,7700,12,12,0,1,0,0,0,1,0,2,4600,2300,1,0,2,22,11,1,1,1,5,0,8,0,1,0,0,0,0,0,0,0,0,0,0,0,1,0,0,0,0,0,0,0,0,0,0,0,0,0,0,0,1,0,0,0,0,0,0,0,0,0,0,0,0,0,0,0,0,0,0,0,0,0,0,0,0,0,0,0,0,0,0,0
250909-ef07c58f-e024-40b7-93ce-bc4abba18f5b,閄くん,102172268,13,3,6,28500,4750,8000,69,11.5,3,3,0,0,2,2,2,3,13100,4367,0,0,4,35,8.8,3,4,0,8,3,12,1,3,0,0,0,0,0,1,0,1,1,1,0,2,0,0,1,0,0,0,0,0,0,0,0,0,0,0,0,0,0,0,0,0,0,0,0,0,0,0,0,0,0,0,0,0,0,0,0,0,0,0,0,0,0,0,0,0,0,0,0
250909-ef07c58f-e024-40b7-93ce-bc4abba18f5b,suzuken3,74756413,13,2,4,8400,2100,3900,57,14.3,0,4,0,0,0,1,1,2,15700,7850,0,0,1,10,10,1,1,0,6,3,10,0,1,0,0,0,0,1,0,0,0,0,2,0,0,0,0,0,0,0,0,0,0,0,0,0,0,0,0,0,0,0,0,0,0,0,0,0,0,0,0,0,0,0,0,0,0,0,0,0,0,0,0,0,0,0,0,0,0,0,0,0
250909-765d1f42-b851-48fd-be21-ad5c4e395694,ちたーふ,68331919,8,1,2,3300,1650,2000,19,9.5,0,2,1,0,0,1,0,0,0,,0,0,2,30,15,0,0,2,2,1,2,0,0,0,0,0,0,1,0,0,0,0,1,0,0,0,0,0,0,0,0,0,0,0,0,0,0,0,0,0,0,0,0,0,0,0,0,0,0,0,0,0,0,0,0,0,0,0,0,0,0,0,0,0,0,0,0,0,0,0,0,0
250909-765d1f42-b851-48fd-be21-ad5c4e395694,閄くん,102172268,8,1,1,8000,8000,8000,15,15,1,0,0,0,0,0,1,3,20400,6800,2,1,3,30,10,1,2,1,1,0,1,1,1,0,0,0,0,0,0,0,0,0,1,0,1,0,0,0,0,0,0,0,0,0,0,0,0,0,0,0,0,0,0,0,0,0,0,0,0,0,0,0,0,0,0,0,0,0,0,0,0,0,0,0,0,0,0,0,0,0,0,0
250909-765d1f42-b851-48fd-be21-ad5c4e395694,クロミです,105506555,8,1,1,2000,2000,2000,10,10,0,1,0,0,0,0,0,1,1300,1300,0,0,3,32,10.7,1,2,1,2,0,4,0,1,0,0,0,0,0,0,0,0,0,0,0,1,0,0,0,0,0,0,0,0,0,0,0,0,0,0,0,0,0,0,0,0,0,0,0,0,0,0,0,0,0,0,0,0,0,0,0,0,0,0,0,0,0,0,0,0,0,0,0
250909-765d1f42-b851-48fd-be21-ad5c4e395694,kotetsu0422,68590027,8,1,4,35600,8900,12000,48,12,2,2,1,0,7,1,0,1,2000,2000,0,0,1,10,10,1,1,0,2,2,4,1,1,0,0,0,0,1,1,0,0,0,0,0,1,0,0,0,0,0,0,0,1,0,0,0,0,1,0,0,1,0,0,0,0,0,0,0,0,0,0,0,0,0,0,0,0,0,0,0,0,0,0,0,0,0,0,0,0,0,0,0
250909-57f30553-7f1a-4387-9005-bd409a9d6c7a,kotetsu0422,68590027,12,2,3,30600,10200,16000,43,14.3,1,2,0,0,6,2,0,1,8000,8000,0,0,1,8,8,0,0,1,9,3,14,0,0,0,0,0,0,0,0,1,0,0,1,0,0,0,0,0,0,0,0,1,0,0,0,0,0,0,0,1,0,0,0,0,0,0,0,0,0,0,0,0,0,0,0,0,0,0,0,0,0,0,0,0,0,0,0,0,0,0,0,0
250909-57f30553-7f1a-4387-9005-bd409a9d6c7a,クロミです,105506555,12,2,3,44000,14667,18000,46,15.3,1,2,0,0,3,1,1,1,16000,16000,1,0,4,50,12.5,2,4,0,3,1,4,1,2,0,0,0,1,0,0,0,1,0,2,0,1,0,0,0,0,0,0,0,0,0,0,0,0,1,0,0,0,0,0,0,0,0,0,0,0,0,0,0,0,0,0,0,0,0,0,0,0,0,0,0,0,0,0,0,0,0,0,0
250909-57f30553-7f1a-4387-9005-bd409a9d6c7a,閄くん,102172268,12,2,2,10900,5450,8000,26,13,0,2,0,0,3,0,0,2,20600,10300,0,0,0,0,,0,0,0,10,2,19,0,0,0,0,0,0,0,0,0,0,0,0,0,0,0,0,0,0,0,0,1,0,0,0,0,1,0,0,0,0,0,0,0,0,0,0,0,0,0,0,0,0,0,0,0,0,0,0,0,0,0,0,0,0,0,0,0,0,0,0,0
250909-57f30553-7f1a-4387-9005-bd409a9d6c7a,ちたーふ,68331919,12,1,3,34000,11333,18000,36,12,3,0,0,0,5,0,1,2,10900,5450,0,0,3,24,8,3,3,0,3,0,3,3,3,0,0,0,0,0,0,0,0,0,0,0,1,0,0,1,0,0,0,0,0,0,0,0,0,0,0,0,1,0,0,0,0,0,0,0,0,0,0,0,0,0,0,0,0,0,0,0,0,0,0,0,0,0,0,0,0,0,0,0
250911-fd637ac5-2b78-4a68-b329-365638726dee,ひつじ04,69255735,14,2,3,15600,5200,11700,32,10.7,1,2,0,0,1,1,0,3,15300,5100,0,1,1,7,7,1,1,0,3,2,7,1,1,0,0,0,0,0,0,0,0,1,1,0,0,0,0,0,0,0,0,0,0,0,0,0,0,0,0,0,1,0,0,0,0,0,0,0,0,0,0,0,0,0,0,0,0,0,0,0,0,0,0,0,0,0,0,0,0,0,0,0
250911-fd637ac5-2b78-4a68-b329-365638726dee,閄くん,102172268,14,1,2,3300,1650,2000,29,14.5,1,1,0,0,0,0,0,4,20400,5100,0,0,3,35,11.7,1,2,1,6,1,8,1,1,0,0,0,0,0,0,1,0,0,0,0,0,0,0,0,0,0,0,0,0,0,0,0,0,0,0,0,0,0,0,0,0,0,0,0,0,0,0,0,0,0,0,0,0,0,0,0,0,0,0,0,0,0,0,0,0,0,0,0
250911-fd637ac5-2b78-4a68-b329-365638726dee,ルート12345,71218983,14,1,0,0,,,0,,0,0,0,0,0,0,0,2,4900,2450,0,0,2,22,11,0,1,1,6,0,10,0,0,0,0,0,0,0,0,0,0,0,0,0,0,0,0,0,0,0,0,0,0,0,0,0,0,0,0,0,0,0,0,0,0,0,0,0,0,0,0,0,0,0,0,0,0,0,0,0,0,0,0,0,0,0,0,0,0,0,0,0
250911-fd637ac5-2b78-4a68-b329-365638726dee,琴音04,101333044,14,5,7,38100,5443,12000,87,12.4,1,6,0,0,6,2,2,0,0,,0,0,6,76,12.7,3,6,0,4,4,4,0,3,0,0,0,1,2,0,0,0,0,2,0,1,0,0,0,0,0,0,0,0,0,0,0,0,0,0,0,0,0,0,0,0,0,0,0,0,0,0,0,0,0,0,0,0,0,0,0,0,0,0,0,0,0,0,0,0,0,0,0
250912-71687a08-f6a4-499f-a27a-ea6994565949,ほかほか亭白米,107968426,12,1,2,15600,7800,7900,25,12.5,1,1,0,0,0,2,0,3,15100,5033,0,0,2,24,12,1,1,1,2,1,2,0,1,0,0,0,0,0,0,0,0,0,1,0,1,0,0,2,0,0,0,0,0,0,0,0,0,0,0,0,0,0,0,0,0,0,0,0,0,0,0,0,0,0,0,0,0,0,0,0,0,0,0,0,0,0,0,0,0,0,0,0
250912-71687a08-f6a4-499f-a27a-ea6994565949,Set4fi1,102454965,12,1,2,20000,10000,12000,25,12.5,1,1,1,0,2,1,1,2,19700,9850,0,0,1,7,7,1,0,1,5,0,7,1,1,0,0,0,0,0,1,0,0,0,0,1,1,0,0,0,0,0,0,0,0,0,0,0,0,0,0,0,1,0,0,0,0,0,0,0,0,0,0,0,0,0,0,0,0,0,0,0,0,0,0,0,0,0,0,0,0,0,0,0
250912-71687a08-f6a4-499f-a27a-ea6994565949,ルート12345,71218983,12,5,4,27100,6775,12000,41,10.3,0,4,0,0,5,1,2,1,2600,2600,1,0,3,27,9,1,2,1,5,3,7,0,1,0,0,0,0,0,0,1,1,0,1,0,0,0,0,0,0,0,0,0,0,0,0,0,0,0,0,0,0,0,0,0,0,0,0,0,0,0,0,0,0,0,0,0,0,0,0,0,0,0,0,0,0,0,0,0,0,0,0,0
250912-71687a08-f6a4-499f-a27a-ea6994565949,閄くん,102172268,12,1,3,5200,1733,2600,38,12.7,2,1,0,0,0,0,1,1,8000,8000,0,1,2,22,11,1,2,0,4,2,6,0,1,0,0,0,0,1,1,0,0,0,0,0,0,0,0,0,0,0,0,0,0,0,0,0,0,0,0,0,0,0,0,0,0,0,0,0,0,0,0,0,0,0,0,0,0,0,0,0,0,0,0,0,0,0,0,0,0,0,0,0
250912-1e17a10a-97ac-4f7e-b686-ebac6565df24,ほかほか亭白米,107968426,9,1,2,9000,4500,8000,24,12,1,1,1,0,2,0,0,2,8700,4350,0,0,0,0,,0,0,0,4,1,6,1,0,0,0,0,0,0,1,0,0,0,0,0,0,0,0,1,0,0,0,0,0,0,0,0,0,0,0,0,0,0,0,0,0,0,0,0,0,0,0,0,0,0,0,0,0,0,0,0,0,0,0,0,0,0,0,0,0,0,0,0
250912-1e17a10a-97ac-4f7e-b686-ebac6565df24,閄くん,102172268,9,1,2,20000,10000,12000,17,8.5,1,1,0,0,1,0,2,2,3900,1950,0,0,4,32,8,2,4,0,1,0,1,1,2,0,0,0,0,0,0,0,0,0,1,0,0,0,1,1,0,0,0,0,0,0,0,0,0,0,0,0,0,0,0,0,0,0,0,0,0,0,0,0,0,0,0,0,0,0,0,0,0,0,0,0,0,0,0,0,0,0,0,0
250912-1e17a10a-97ac-4f7e-b686-ebac6565df24,Set4fi1,102454965,9,2,3,11600,3867,7700,34,11.3,0,3,0,0,1,2,0,0,0,,0,0,1,8,8,1,1,0,4,2,7,0,1,0,0,0,0,1,0,0,0,0,1,0,1,0,0,0,0,0,0,0,0,0,0,0,0,0,0,0,0,0,0,0,0,0,0,0,0,0,0,0,0,0,0,0,0,0,0,0,0,0,0,0,0,0,0,0,0,0,0,0
250912-1e17a10a-97ac-4f7e-b686-ebac6565df24,ルート12345,71218983,9,1,1,1000,1000,1000,8,8,0,1,0,0,0,0,0,2,13000,6500,0,1,0,0,,0,0,0,2,1,2,0,0,0,0,0,0,0,0,0,0,0,1,0,0,0,0,0,0,0,0,0,0,0,0,0,0,0,0,0,0,0,0,0,0,0,0,0,0,0,0,0,0,0,0,0,0,0,0,0,0,0,0,0,0,0,0,0,0,0,0,0
250912-c235eb20-b150-40e5-baaa-88165cdbd5e4,琴音04,101333044,12,3,1,18000,18000,18000,10,10,1,0,0,0,0,0,2,1,1000,1000,0,0,3,24,8,1,2,1,3,0,4,1,1,0,0,0,0,0,0,0,0,0,0,0,0,0,0,0,0,0,0,0,0,0,0,1,0,0,0,0,0,0,0,0,0,0,0,0,0,0,0,0,0,0,0,0,0,0,0,0,0,0,0,0,0,0,0,0,0,0,0,0
250912-c235eb20-b150-40e5-baaa-88165cdbd5e4,ルート12345,71218983,12,1,0,0,,,0,,0,0,0,0,0,0,0,4,18400,4600,0,1,4,44,11,0,1,3,1,0,1,0,0,0,0,0,0,0,0,0,0,0,0,0,0,0,0,0,0,0,0,0,0,0,0,0,0,0,0,0,0,0,0,0,0,0,0,0,0,0,0,0,0,0,0,0,0,0,0,0,0,0,0,0,0,0,0,0,0,0,0,0
250912-c235eb20-b150-40e5-baaa-88165cdbd5e4,Set4fi1,102454965,12,3,5,30900,6180,12000,61,12.2,2,3,2,0,5,1,0,1,2000,2000,0,0,3,32,10.7,2,2,1,2,1,3,2,2,0,0,0,0,0,1,0,0,0,0,1,3,0,0,0,0,0,0,0,0,0,0,0,0,0,0,0,1,0,0,0,0,0,0,0,0,0,0,0,0,0,0,0,0,0,0,0,0,0,0,0,0,0,0,0,0,0,0,0
250912-c235eb20-b150-40e5-baaa-88165cdbd5e4,ほかほか亭白米,107968426,12,1,4,11900,2975,7900,38,9.5,1,3,0,0,1,1,0,0,0,,0,0,4,43,10.8,1,3,1,3,3,3,1,1,0,0,0,0,0,0,0,0,1,2,0,0,0,1,0,0,0,0,0,0,0,0,0,0,0,0,0,0,0,0,0,0,0,0,0,0,0,0,0,0,0,0,0,0,0,0,0,0,0,0,0,0,0,0,0,0,0,0,0
250913-a2c8668c-05bf-4cbc-8e85-d9a5da3002fb,ねこぜ7272,106334717,12,2,4,10900,2725,6000,35,8.8,1,3,0,0,0,2,0,2,11900,5950,0,1,0,0,,0,0,0,5,4,5,0,0,0,0,0,0,0,0,0,2,3,0,0,0,0,0,0,0,0,0,0,0,0,0,0,0,0,0,0,0,0,0,0,0,0,0,0,0,0,0,0,0,0,0,0,0,0,0,0,0,0,0,0,0,0,0,0,0,0,0,0
250913-a2c8668c-05bf-4cbc-8e85-d9a5da3002fb,閄くん,102172268,12,1,2,10600,5300,8000,23,11.5,0,2,0,0,1,1,1,0,0,,0,0,2,17,8.5,2,2,0,8,0,11,0,2,0,0,0,0,0,0,0,0,0,0,1,0,0,0,0,0,0,0,0,0,0,0,0,0,0,0,0,0,0,0,0,0,0,0,0,0,0,0,0,0,0,0,0,0,0,0,0,0,0,0,0,0,0,0,0,0,0,0,0
250913-a2c8668c-05bf-4cbc-8e85-d9a5da3002fb,ここあこあ,71375454,12,1,2,28000,14000,16000,27,13.5,1,1,0,0,0,3,1,2,3900,1950,0,1,4,49,12.3,2,3,1,0,0,0,1,2,0,0,0,0,0,0,0,0,1,0,0,0,0,0,1,0,0,0,1,1,0,0,0,0,0,0,0,1,0,0,0,0,0,0,0,0,0,0,0,0,0,0,0,0,0,0,0,0,0,0,0,0,0,0,0,0,0,0,0
250913-a2c8668c-05bf-4cbc-8e85-d9a5da3002fb,Akise299,101770365,12,3,2,5000,2500,3900,24,12,1,1,0,0,2,0,0,3,15600,5200,1,0,3,35,11.7,0,1,2,4,2,5,0,0,0,0,0,0,0,1,0,0,0,1,0,0,0,0,0,0,0,0,0,0,0,0,0,0,0,0,0,0,0,0,0,0,0,0,0,0,0,0,0,0,0,0,0,0,0,0,0,0,0,0,0,0,0,0,0,0,0,0,0
250913-35b93c3e-d178-4d0e-a828-5f44f1f913ee,ねこぜ7272,106334717,22,2,3,9200,3067,5200,29,9.7,1,2,0,0,0,2,0,3,10800,3600,0,0,1,11,11,1,1,0,6,2,9,0,1,0,0,0,0,0,1,0,0,1,1,0,0,0,0,0,0,0,0,0,0,0,0,0,0,0,0,0,0,0,0,0,0,0,0,0,0,0,0,0,0,0,0,0,0,0,0,0,0,0,0,0,0,0,0,0,0,0,0,0
250913-35b93c3e-d178-4d0e-a828-5f44f1f913ee,閄くん,102172268,22,1,3,17300,5767,12000,37,12.3,1,2,0,0,1,2,2,5,23600,4720,0,0,1,11,11,1,1,0,13,2,19,0,1,0,0,0,0,0,1,0,1,0,0,1,0,0,0,1,0,0,0,0,0,0,0,0,0,0,0,0,0,0,0,0,0,0,0,0,0,0,0,0,0,0,0,0,0,0,0,0,0,0,0,0,0,0,0,0,0,0,0,0
250913-35b93c3e-d178-4d0e-a828-5f44f1f913ee,ここあこあ,71375454,22,7,4,45900,11475,18000,44,11,2,2,0,0,4,1,2,1,7700,7700,1,0,4,34,8.5,3,3,1,3,1,4,2,3,0,0,0,0,1,0,0,0,0,0,0,2,0,0,0,0,0,0,0,0,0,0,0,0,1,0,0,1,0,0,0,0,0,0,0,0,0,0,0,0,0,0,0,0,0,0,0,0,0,0,0,0,0,0,0,0,0,0,0
250913-35b93c3e-d178-4d0e-a828-5f44f1f913ee,Akise299,101770365,22,8,9,41100,4567,12000,110,12.2,2,7,0,0,3,3,0,4,30800,7700,1,0,5,49,9.8,3,4,1,10,6,19,1,3,0,0,0,0,1,2,0,1,2,1,1,1,0,0,1,0,0,0,0,0,0,0,0,0,1,0,0,0,0,0,0,0,0,0,0,0,0,0,0,0,0,0,0,0,0,0,0,0,0,0,0,0,0,0,0,0,0,0,0
250914-389b9800-fa58-4046-a1dc-a59f3ec7dba0,ひつじ04,69255735,13,3,4,15100,3775,8000,44,11,1,3,0,0,1,1,0,1,1500,1500,1,0,5,64,12.8,2,3,2,3,2,4,1,2,0,0,0,0,0,0,1,0,0,2,0,1,0,0,0,0,0,0,0,0,0,0,0,0,0,0,0,1,0,0,0,0,0,0,0,0,0,0,0,0,0,0,0,0,0,0,0,0,0,0,0,0,0,0,0,0,0,0,0
250914-389b9800-fa58-4046-a1dc-a59f3ec7dba0,ほかほか亭白米,107968426,13,1,0,0,,,0,,0,0,0,0,0,0,0,3,15800,5267,1,0,2,23,11.5,0,1,1,5,0,7,0,0,0,0,0,0,0,0,0,0,0,0,0,0,0,0,0,0,0,0,0,0,0,0,0,0,0,0,0,0,0,0,0,0,0,0,0,0,0,0,0,0,0,0,0,0,0,0,0,0,0,0,0,0,0,0,0,0,0,0,0
250914-389b9800-fa58-4046-a1dc-a59f3ec7dba0,ちたーふ,68331919,13,2,3,19900,6633,12000,32,10.7,2,1,0,0,1,1,0,2,5800,2900,0,0,2,14,7,1,2,0,4,2,5,1,1,0,0,0,0,1,1,0,0,0,0,0,0,0,0,0,0,0,0,0,0,0,0,0,0,0,0,1,0,0,0,0,0,0,0,0,0,0,0,0,0,0,0,0,0,0,0,0,0,0,0,0,0,0,0,0,0,0,0,0
250914-389b9800-fa58-4046-a1dc-a59f3ec7dba0,kotetsu0422,68590027,13,2,4,14500,3625,8000,47,11.8,1,3,0,0,3,1,0,1,1300,1300,1,0,3,35,11.7,1,3,0,4,3,6,0,1,0,0,0,0,0,0,0,0,1,2,0,0,0,0,0,0,0,0,0,0,0,0,0,0,0,0,0,1,0,0,0,0,0,0,0,0,0,0,0,0,0,0,0,0,0,0,0,0,0,0,0,0,0,0,0,0,0,0,0
250914-cf8aee76-a935-461e-ab94-89a770041dc7,ちたーふ,68331919,15,2,4,16400,4100,8000,46,11.5,1,3,1,0,0,3,1,1,12000,12000,0,0,3,24,8,2,2,1,3,1,4,1,2,0,0,0,0,1,0,1,1,0,0,0,0,0,0,0,0,0,0,0,0,0,0,0,0,0,0,0,0,0,0,0,0,0,0,0,0,0,0,0,0,0,0,0,0,0,0,0,0,0,0,0,0,0,0,0,0,0,0,0
250914-cf8aee76-a935-461e-ab94-89a770041dc7,kotetsu0422,68590027,15,2,2,13000,6500,12000,22,11,0,2,1,0,3,0,0,4,22200,5550,0,0,1,13,13,0,0,1,4,1,9,0,0,0,0,0,0,0,0,0,0,0,2,1,0,0,0,0,0,0,0,0,0,0,0,0,0,0,0,0,0,0,0,0,0,0,0,0,0,0,0,0,0,0,0,0,0,0,0,0,0,0,0,0,0,0,0,0,0,0,0,0
250914-cf8aee76-a935-461e-ab94-89a770041dc7,やまちちまる,75231506,15,4,5,39800,7960,18000,46,9.2,3,2,1,0,2,0,1,2,2600,1300,0,0,2,11,5.5,2,2,0,5,2,6,3,2,0,1,0,0,0,0,1,2,2,0,0,1,0,0,1,0,0,0,0,0,0,0,0,0,0,0,0,0,0,0,0,0,0,0,0,0,0,0,0,0,0,0,0,0,0,0,0,0,0,0,0,0,0,0,0,0,0,0,0
250914-cf8aee76-a935-461e-ab94-89a770041dc7,ねこぜ7272,106334717,15,2,4,31500,7875,12000,46,11.5,3,1,0,0,0,3,3,1,1000,1000,0,0,5,42,8.4,4,5,0,0,0,0,3,4,0,0,0,0,0,0,0,0,0,1,0,3,0,0,0,0,0,0,0,0,0,0,0,0,0,0,0,1,0,0,0,0,0,0,0,0,0,0,0,0,0,0,0,0,0,0,0,0,0,0,0,0,0,0,0,0,0,0,0
250914-1c5a7031-0ef2-4e8a-b77d-139c4bd519f3,こりまる。,108266073,12,1,2,13200,6600,8000,20,10,0,2,0,0,0,2,0,2,24000,12000,0,0,2,16,8,2,2,0,3,0,5,0,2,0,0,0,0,0,1,0,0,0,1,0,0,0,0,0,0,0,0,0,0,0,0,1,0,0,0,0,0,0,0,0,0,0,0,0,0,0,0,0,0,0,0,0,0,0,0,0,0,0,0,0,0,0,0,0,0,0,0,0
250914-1c5a7031-0ef2-4e8a-b77d-139c4bd519f3,クロミです,105506555,12,2,1,11600,11600,11600,9,9,0,1,0,0,1,0,1,1,5200,5200,0,0,2,23,11.5,1,2,0,1,0,1,0,1,0,0,0,0,0,0,0,0,0,0,0,1,0,0,0,0,0,0,0,0,0,0,0,0,0,0,0,0,0,0,0,0,0,0,0,0,0,0,0,0,0,0,0,0,0,0,0,0,0,0,0,0,0,0,0,0,0,0,0
250914-1c5a7031-0ef2-4e8a-b77d-139c4bd519f3,Akise299,101770365,12,1,2,20000,10000,12000,23,11.5,2,0,0,0,0,2,2,3,26000,8667,1,0,3,28,9.3,2,2,1,3,0,4,2,2,0,0,0,0,0,0,0,0,0,0,0,2,0,0,0,0,0,0,0,0,0,0,0,0,0,0,0,1,0,0,0,0,0,0,0,0,0,0,0,0,0,0,0,0,0,0,0,0,0,0,0,0,0,0,0,0,0,0,0
250914-1c5a7031-0ef2-4e8a-b77d-139c4bd519f3,ちたーふ,68331919,12,4,6,45900,7650,12000,73,12.2,3,3,0,0,0,4,3,0,0,,0,0,3,24,8,3,3,0,4,3,4,1,3,0,0,0,0,0,0,1,1,1,2,0,2,0,0,1,0,0,0,0,0,0,0,1,0,0,0,0,1,0,0,0,0,0,0,0,0,0,0,0,0,0,0,0,0,0,0,0,0,0,0,0,0,0,0,0,0,0,0,0
250914-0b03c037-1662-4230-aa9a-7d0b69e138d8,こりまる。,108266073,13,5,5,43000,8600,18000,59,11.8,1,4,0,0,3,2,2,2,7800,3900,0,0,4,42,10.5,4,3,1,3,1,4,1,4,0,0,0,0,0,1,0,2,0,0,0,1,0,0,0,0,0,0,0,0,0,0,1,0,0,0,0,1,0,0,0,0,0,0,0,0,0,0,0,0,0,0,0,0,0,0,0,0,0,0,0,0,0,0,0,0,0,0,0
250914-0b03c037-1662-4230-aa9a-7d0b69e138d8,kotetsu0422,68590027,13,1,2,7800,3900,5200,27,13.5,0,2,0,0,3,0,0,4,15000,3750,1,0,3,27,9,2,3,0,2,0,4,0,2,0,0,0,0,0,0,0,0,0,0,0,0,0,0,0,0,0,0,0,0,0,0,0,0,0,0,0,0,0,0,0,0,0,0,0,0,0,0,0,0,0,0,0,0,0,0,0,0,0,0,0,0,0,0,0,0,0,0,0
250914-0b03c037-1662-4230-aa9a-7d0b69e138d8,Akise299,101770365,13,2,2,5900,2950,3900,25,12.5,1,1,0,0,0,1,0,1,3900,3900,0,0,3,33,11,1,3,0,4,1,5,1,1,0,0,0,0,0,0,1,0,0,0,0,1,0,0,0,0,0,0,0,0,0,0,0,0,0,0,0,0,0,0,0,0,0,0,0,0,0,0,0,0,0,0,0,0,0,0,0,0,0,0,0,0,0,0,0,0,0,0,0
250914-0b03c037-1662-4230-aa9a-7d0b69e138d8,クロミです,105506555,13,1,2,9100,4550,5200,23,11.5,1,1,0,0,1,1,0,1,18000,18000,0,0,3,23,7.7,2,2,1,4,0,4,1,2,0,0,0,0,0,0,0,0,0,0,0,2,0,0,0,0,0,0,0,0,0,0,0,0,0,0,0,0,0,0,0,0,0,0,0,0,0,0,0,0,0,0,0,0,0,0,0,0,0,0,0,0,0,0,0,0,0,0,0
250915-7d95429a-b7a1-4cfb-aee1-1dce9294f0a4,SaRa,72014327,16,1,1,4000,4000,4000,18,18,1,0,0,0,1,0,0,2,13500,6750,1,0,2,23,11.5,1,2,0,2,0,3,1,1,0,0,0,0,0,0,0,0,0,0,0,0,0,0,0,0,0,0,0,0,0,0,0,0,0,0,0,0,0,0,0,0,0,0,0,0,0,0,0,0,0,0,0,0,0,0,0,0,0,0,0,0,0,0,0,0,0,0,0
250915-7d95429a-b7a1-4cfb-aee1-1dce9294f0a4,きょーか8,69157106,16,6,7,57400,8200,12000,88,12.6,3,4,2,0,2,1,2,2,5200,2600,0,0,6,64,10.7,3,6,0,4,2,7,3,3,0,0,0,0,0,1,0,0,2,3,0,1,0,1,0,0,0,0,0,1,0,0,0,0,0,0,0,2,0,0,0,0,0,0,0,0,0,0,0,0,0,0,0,0,0,0,0,0,0,0,0,0,0,0,0,0,0,0,0
250915-7d95429a-b7a1-4cfb-aee1-1dce9294f0a4,ちたーふ,68331919,16,1,1,3900,3900,3900,16,16,0,1,0,0,2,0,0,2,13000,6500,0,1,0,0,,0,0,0,4,1,6,0,0,0,0,0,0,0,0,0,0,0,1,0,0,0,0,0,0,0,0,0,0,0,0,0,0,0,0,0,0,0,0,0,0,0,0,0,0,0,0,0,0,0,0,0,0,0,0,0,0,0,0,0,0,0,0,0,0,0,0,0
250915-7d95429a-b7a1-4cfb-aee1-1dce9294f0a4,kotetsu0422,68590027,16,3,4,30700,7675,24000,47,11.8,2,2,1,0,2,2,2,1,2900,2900,0,0,2,11,5.5,1,2,0,6,2,11,1,1,0,0,0,0,1,1,0,1,0,1,0,1,0,0,0,0,0,0,0,0,0,0,0,0,0,0,0,0,0,0,0,0,0,0,0,0,0,0,0,0,0,0,0,0,0,0,0,0,0,0,0,0,0,0,0,0,0,0,0
250916-78cafd3a-060d-4724-a343-ae510f57a907,suzuken3,74756413,10,2,4,25900,6475,8000,45,11.3,1,3,1,0,3,3,0,3,7800,2600,2,0,4,29,7.3,2,4,0,3,1,4,1,2,0,0,0,0,0,0,0,0,0,1,1,0,1,0,1,0,0,0,0,0,0,0,0,0,0,0,0,1,0,0,0,0,0,0,0,0,0,0,0,0,0,0,0,0,0,0,0,0,0,0,0,0,0,0,0,0,0,0,0
250916-78cafd3a-060d-4724-a343-ae510f57a907,うっかりゆるる,105758204,10,1,1,1300,1300,1300,12,12,0,1,0,0,0,0,0,2,5200,2600,0,0,2,24,12,1,2,0,2,0,5,0,1,0,0,0,0,0,0,0,0,0,0,0,0,0,0,0,0,0,0,0,0,0,0,0,0,0,0,0,0,0,0,0,0,0,0,0,0,0,0,0,0,0,0,0,0,0,0,0,0,0,0,0,0,0,0,0,0,0,0,0
250916-78cafd3a-060d-4724-a343-ae510f57a907,にへぴ,102677127,10,1,2,3900,1950,2600,27,13.5,0,2,1,0,0,1,0,2,9300,4650,0,0,0,0,,0,0,0,4,1,5,0,0,0,0,0,0,0,0,0,0,1,1,0,0,0,0,0,0,0,0,0,0,0,0,0,0,0,0,0,0,0,0,0,0,0,0,0,0,0,0,0,0,0,0,0,0,0,0,0,0,0,0,0,0,0,0,0,0,0,0,0
250916-78cafd3a-060d-4724-a343-ae510f57a907,ひつじ04,69255735,10,2,2,5200,2600,3900,24,12,0,2,0,0,0,2,0,1,8000,8000,0,0,0,0,,0,0,0,6,2,10,0,0,0,0,0,0,0,0,0,0,1,1,0,0,0,0,0,0,0,0,0,0,0,0,0,0,0,0,0,0,0,0,0,0,0,0,0,0,0,0,0,0,0,0,0,0,0,0,0,0,0,0,0,0,0,0,0,0,0,0,0
250916-81b219c6-3734-43bd-b293-590bf3649bfb,ひつじ04,69255735,9,1,3,14500,4833,8000,40,13.3,1,2,0,0,3,1,1,1,1000,1000,0,0,2,15,7.5,2,2,0,6,1,10,1,2,0,0,0,0,0,0,0,1,0,0,0,1,0,0,0,0,0,0,0,0,0,0,0,0,0,0,0,0,0,0,0,0,0,0,0,0,0,0,0,0,0,0,0,0,0,0,0,0,0,0,0,0,0,0,0,0,0,0,0
250916-81b219c6-3734-43bd-b293-590bf3649bfb,kotetsu0422,68590027,9,1,0,0,,,0,,0,0,0,0,0,0,0,0,0,,0,0,1,13,13,0,0,1,3,0,6,0,0,0,0,0,0,0,0,0,0,0,0,0,0,0,0,0,0,0,0,0,0,0,0,0,0,0,0,0,0,0,0,0,0,0,0,0,0,0,0,0,0,0,0,0,0,0,0,0,0,0,0,0,0,0,0,0,0,0,0,0
250916-81b219c6-3734-43bd-b293-590bf3649bfb,クロミです,105506555,9,1,3,10700,3567,7700,28,9.3,0,3,0,0,2,2,0,1,2600,2600,0,0,0,0,,0,0,0,5,3,8,0,0,0,0,0,0,0,1,0,0,0,1,0,0,0,1,0,0,0,0,0,0,0,0,0,0,0,0,0,0,0,0,0,0,0,0,0,0,0,0,0,0,0,0,0,0,0,0,0,0,0,0,0,0,0,0,0,0,0,0,0
250916-81b219c6-3734-43bd-b293-590bf3649bfb,きょーか8,69157106,9,2,1,3000,3000,3000,8,8,1,0,0,0,0,0,0,3,13600,4533,0,0,2,15,7.5,1,2,0,1,0,2,1,1,0,0,0,0,0,0,0,0,0,0,0,0,0,0,0,0,0,0,0,0,0,0,0,0,0,0,0,0,0,0,0,0,0,0,0,0,0,0,0,0,0,0,0,0,0,0,0,0,0,0,0,0,0,0,0,0,0,0,0
250916-8a00899c-dbad-4a80-85e7-3cd507f09c18,ほかほか亭白米,107968426,15,3,4,22100,5525,7700,54,13.5,1,3,2,0,2,0,1,4,30100,7525,0,0,4,46,11.5,2,2,2,3,0,5,1,2,0,1,0,0,0,0,0,0,0,1,0,2,0,0,0,0,0,0,0,0,0,0,0,0,0,0,0,1,0,0,0,0,0,0,0,0,0,0,0,0,0,0,0,0,0,0,0,0,0,0,0,0,0,0,0,0,0,0,0
250916-8a00899c-dbad-4a80-85e7-3cd507f09c18,ちたーふ,68331919,15,2,1,7700,7700,7700,13,13,0,1,0,0,0,0,1,0,0,,0,0,3,29,9.7,1,3,0,5,0,8,0,1,0,0,0,0,0,0,0,0,0,1,0,0,0,0,0,0,0,0,0,0,0,0,0,0,0,0,0,0,0,0,0,0,0,0,0,0,0,0,0,0,0,0,0,0,0,0,0,0,0,0,0,0,0,0,0,0,0,0,0
250916-8a00899c-dbad-4a80-85e7-3cd507f09c18,閄くん,102172268,15,2,5,27300,5460,12000,65,13,0,5,0,0,1,2,1,4,20000,5000,0,1,4,40,10,2,2,2,9,3,14,0,2,0,0,0,0,0,1,0,0,2,3,1,0,0,0,1,0,0,0,0,0,0,0,0,0,0,0,0,0,0,0,0,0,0,0,0,0,0,0,0,0,0,0,0,0,0,0,0,0,0,0,0,0,0,0,0,0,0,0,0
250916-8a00899c-dbad-4a80-85e7-3cd507f09c18,ここあこあ,71375454,15,2,2,5600,2800,3000,23,11.5,1,1,0,0,0,1,0,2,4900,2450,2,0,5,46,9.2,2,5,0,0,0,0,1,2,0,0,0,0,0,0,0,0,0,0,0,0,0,0,0,0,0,0,0,0,0,0,0,0,0,0,0,0,0,0,0,0,0,0,0,0,0,0,0,0,0,0,0,0,0,0,0,0,0,0,0,0,0,0,0,0,0,0,0
250916-30cd2200-0fc5-48c5-97c5-f30ab67d2d61,kotetsu0422,68590027,11,3,3,21500,7167,18000,39,13,0,3,0,0,1,1,1,0,0,,0,0,3,36,12,1,2,1,3,2,5,0,1,0,0,0,0,0,0,0,1,1,1,0,0,0,1,0,0,0,0,0,0,0,0,0,0,0,0,0,0,0,0,0,0,0,0,0,0,0,0,0,0,0,0,0,0,0,0,0,0,0,0,0,0,0,0,0,0,0,0,0
250916-30cd2200-0fc5-48c5-97c5-f30ab67d2d61,きょーか8,69157106,11,1,1,12000,12000,12000,8,8,1,0,0,0,2,2,0,4,36200,9050,0,0,2,18,9,1,2,0,2,0,3,1,1,0,0,0,0,0,0,0,0,0,0,0,0,0,0,0,0,0,0,0,0,0,0,0,0,0,0,0,0,0,0,0,0,0,0,0,0,0,0,0,0,0,0,0,0,0,0,0,0,0,0,0,0,0,0,0,0,0,0,0
250916-30cd2200-0fc5-48c5-97c5-f30ab67d2d61,閄くん,102172268,11,2,5,26200,5240,12000,65,13,1,4,0,0,2,2,0,1,1500,1500,1,0,4,44,11,3,4,0,4,2,8,1,3,0,0,0,0,1,0,1,1,0,2,1,0,0,0,0,0,0,0,0,0,0,0,0,0,0,0,0,1,0,0,0,0,0,0,0,0,0,0,0,0,0,0,0,0,0,0,0,0,0,0,0,0,0,0,0,0,0,0,0
250916-30cd2200-0fc5-48c5-97c5-f30ab67d2d61,クロミです,105506555,11,1,1,12000,12000,12000,16,16,1,0,0,0,1,1,1,2,4000,2000,1,0,2,26,13,1,2,0,6,0,9,1,1,0,0,0,0,0,0,0,0,0,0,0,0,0,0,0,0,0,0,0,0,0,0,0,0,0,0,0,1,0,0,0,0,0,0,0,0,0,0,0,0,0,0,0,0,0,0,0,0,0,0,0,0,0,0,0,0,0,0,0
250916-52b5fdcd-9b9c-4831-b6d3-1eb4cfef5aa9,ちたーふ,68331919,13,2,0,0,,,0,,0,0,0,0,0,0,0,3,18800,6267,0,0,2,22,11,0,2,0,3,0,4,0,0,0,0,0,0,0,0,0,0,0,0,0,0,0,0,0,0,0,0,0,0,0,0,0,0,0,0,0,0,0,0,0,0,0,0,0,0,0,0,0,0,0,0,0,0,0,0,0,0,0,0,0,0,0,0,0,0,0,0,0
250916-52b5fdcd-9b9c-4831-b6d3-1eb4cfef5aa9,Kasumisou,69812091,13,2,4,29000,7250,12000,48,12,1,3,0,0,6,2,0,1,7700,7700,1,0,3,32,10.7,2,1,2,4,2,4,1,2,0,0,0,0,1,0,0,0,0,1,0,1,0,0,0,0,0,0,0,0,0,0,0,0,0,0,0,1,0,0,0,0,0,0,0,0,0,0,0,0,0,0,0,0,0,0,0,0,0,0,0,0,0,0,0,0,0,0,0
250916-52b5fdcd-9b9c-4831-b6d3-1eb4cfef5aa9,クロミです,105506555,13,3,4,20500,5125,9600,46,11.5,2,2,0,0,4,1,0,2,11200,5600,1,0,2,13,6.5,0,2,0,6,4,10,0,0,0,0,0,0,0,0,1,2,2,0,0,0,0,0,0,0,0,0,0,0,0,0,0,0,0,0,0,0,0,0,0,0,0,0,0,0,0,0,0,0,0,0,0,0,0,0,0,0,0,0,0,0,0,0,0,0,0,0,0
250916-52b5fdcd-9b9c-4831-b6d3-1eb4cfef5aa9,kotetsu0422,68590027,13,2,3,27700,9233,12000,35,11.7,1,2,0,0,2,4,4,1,2000,2000,0,0,3,22,7.3,3,3,0,5,0,9,1,3,0,0,0,0,0,0,0,0,0,0,0,1,0,0,0,0,0,0,0,0,0,0,0,0,0,0,0,0,0,0,0,0,0,0,0,0,0,0,0,0,0,0,0,0,0,0,0,0,0,0,0,0,0,0,0,0,0,0,0
250917-52185cc2-5463-46bb-aca3-1b4610cb4ff2,ひつじ04,69255735,10,1,2,4000,2000,2000,27,13.5,1,1,0,0,1,1,0,2,5900,2950,0,0,1,6,6,0,1,0,8,2,13,0,0,0,0,0,0,0,0,0,1,0,1,0,0,0,0,0,0,0,0,0,0,0,0,0,0,0,0,0,0,0,0,0,0,0,0,0,0,0,0,0,0,0,0,0,0,0,0,0,0,0,0,0,0,0,0,0,0,0,0,0
250917-52185cc2-5463-46bb-aca3-1b4610cb4ff2,にへぴ,102677127,10,1,2,5900,2950,3900,18,9,0,2,0,0,0,1,0,0,0,,0,0,0,0,,0,0,0,5,2,8,0,0,0,0,0,0,1,0,0,0,0,1,0,0,0,0,0,0,0,0,1,0,0,0,0,0,0,0,0,0,0,0,0,0,0,0,0,0,0,0,0,0,0,0,0,0,0,0,0,0,0,0,0,0,0,0,0,0,0,0,0
250917-52185cc2-5463-46bb-aca3-1b4610cb4ff2,suzuken3,74756413,10,2,4,14200,3550,8000,48,12,2,2,1,0,1,3,1,2,4000,2000,0,0,3,35,11.7,1,1,2,2,2,4,1,1,0,0,0,0,1,0,1,0,0,0,0,1,0,0,0,0,0,0,0,0,0,0,0,0,0,0,0,0,0,0,0,0,0,0,0,0,0,0,0,0,0,0,0,0,0,0,0,0,0,0,0,0,0,0,0,0,0,0,0
250917-52185cc2-5463-46bb-aca3-1b4610cb4ff2,うっかりゆるる,105758204,10,1,2,9100,4550,8000,19,9.5,2,0,0,0,0,1,0,1,8000,8000,1,0,3,24,8,1,3,0,1,1,2,1,1,0,0,0,0,0,0,0,0,1,1,0,1,0,0,0,0,0,0,0,0,0,0,0,0,0,0,0,0,0,0,0,0,0,0,0,0,0,0,0,0,0,0,0,0,0,0,0,0,0,0,0,0,0,0,0,0,0,0,0
250917-da429128-b71c-4929-8cc1-a8bd66bc6ff9,kotetsu0422,68590027,15,3,4,30000,7500,12000,53,13.3,0,4,1,0,6,3,0,2,3600,1800,0,2,3,35,11.7,2,2,1,2,1,3,0,2,0,0,0,0,0,0,1,0,1,0,1,2,0,0,0,0,0,0,0,0,0,0,0,0,0,0,0,0,0,0,0,0,0,0,0,0,0,0,0,0,0,0,0,0,0,0,0,0,0,0,0,0,0,0,0,0,0,0,0
250917-da429128-b71c-4929-8cc1-a8bd66bc6ff9,琴音04,101333044,15,2,5,27200,5440,11600,52,10.4,1,4,0,0,0,3,3,1,5200,5200,0,0,4,27,6.8,3,3,1,4,2,4,0,3,0,0,0,0,0,1,1,0,0,1,0,1,0,0,0,0,0,0,0,0,0,0,0,0,0,0,0,1,0,0,0,0,0,0,0,0,0,0,0,0,0,0,0,0,0,0,0,0,0,0,0,0,0,0,0,0,0,0,0
250917-da429128-b71c-4929-8cc1-a8bd66bc6ff9,きょーか8,69157106,15,5,3,27300,9100,18000,37,12.3,3,0,0,0,1,2,2,0,0,,0,0,4,35,8.8,2,4,0,5,1,8,2,2,0,0,0,0,0,0,0,0,0,1,0,1,0,0,0,0,0,0,0,0,0,0,0,0,0,0,0,0,0,0,0,0,0,0,0,0,0,0,0,0,0,0,0,0,0,0,0,0,0,0,0,0,0,0,0,0,0,0,0
250917-da429128-b71c-4929-8cc1-a8bd66bc6ff9,ちたーふ,68331919,15,1,1,5200,5200,5200,15,15,0,1,0,0,2,0,0,6,49600,8267,3,0,4,36,9,0,1,3,3,1,5,0,0,0,0,0,0,1,0,0,0,0,0,0,0,0,0,0,0,0,0,0,0,0,0,0,0,0,0,0,0,0,0,0,0,0,0,0,0,0,0,0,0,0,0,0,0,0,0,0,0,0,0,0,0,0,0,0,0,0,0,0
250917-e6fb7883-280e-4fd8-b05a-ac6dfc44c101,クロミです,105506555,12,2,2,13800,6900,8000,17,8.5,0,2,0,0,3,1,0,2,11900,5950,0,0,2,20,10,1,1,1,3,1,4,0,1,0,0,0,0,0,0,0,1,1,0,0,1,0,0,0,0,0,0,0,0,0,0,0,0,0,0,0,0,0,0,0,0,0,0,0,0,0,0,0,0,0,0,0,0,0,0,0,0,0,0,0,0,0,0,0,0,0,0,0
250917-e6fb7883-280e-4fd8-b05a-ac6dfc44c101,ちたーふ,68331919,12,2,3,15600,5200,5200,37,12.3,0,3,0,0,1,2,0,1,1300,1300,0,0,2,18,9,2,2,0,4,1,5,0,2,0,0,0,0,0,0,0,0,0,0,0,0,0,0,0,0,0,0,1,0,0,0,0,0,0,0,0,2,0,0,0,0,0,0,0,0,0,0,0,0,0,0,0,0,0,0,0,0,0,0,0,0,0,0,0,0,0,0,0
250917-e6fb7883-280e-4fd8-b05a-ac6dfc44c101,Kasumisou,69812091,12,2,1,1300,1300,1300,8,8,0,1,0,0,0,0,0,4,17100,4275,0,0,3,26,8.7,1,2,1,5,0,6,0,1,0,0,0,0,0,0,0,0,0,0,0,0,0,0,0,0,0,0,0,0,0,0,0,0,0,0,0,0,0,0,0,0,0,0,0,0,0,0,0,0,0,0,0,0,0,0,0,0,0,0,0,0,0,0,0,0,0,0,0
250917-e6fb7883-280e-4fd8-b05a-ac6dfc44c101,かんんちゃ,104219450,12,2,3,13400,4467,8000,27,9,0,3,0,0,3,0,1,2,13800,6900,0,0,2,20,10,1,1,1,5,2,6,0,1,0,0,0,0,0,1,0,1,1,0,0,0,0,0,0,0,0,0,0,0,0,0,0,0,0,0,0,1,0,0,0,0,0,0,0,0,0,0,0,0,0,0,0,0,0,0,0,0,0,0,0,0,0,0,0,0,0,0,0
250917-d2802377-1d58-4c21-9c95-2b044c9b5648,Set4fi1,102454965,13,3,2,2100,1050,1100,18,9,1,1,0,0,0,0,0,2,10400,5200,1,0,3,26,8.7,0,3,0,4,2,7,0,0,0,0,0,0,1,0,0,1,0,0,0,0,0,0,0,0,0,0,0,0,0,0,0,0,0,0,0,0,0,0,0,0,0,0,0,0,0,0,0,0,0,0,0,0,0,0,0,0,0,0,0,0,0,0,0,0,0,0,0
250917-d2802377-1d58-4c21-9c95-2b044c9b5648,ねこぜ7272,106334717,13,1,1,16000,16000,16000,9,9,1,0,0,0,2,0,0,1,1500,1500,0,0,3,33,11,1,2,1,2,0,2,1,1,0,0,0,0,0,0,0,0,0,0,0,1,0,1,0,0,0,0,0,0,0,0,0,0,0,0,0,1,0,0,0,0,0,0,0,0,0,0,0,0,0,0,0,0,0,0,0,0,0,0,0,0,0,0,0,0,0,0,0
250917-d2802377-1d58-4c21-9c95-2b044c9b5648,kotetsu0422,68590027,13,3,4,23600,5900,11700,41,10.3,1,3,1,0,0,1,2,2,9000,4500,0,0,3,33,11,2,1,2,4,1,4,1,2,0,0,0,0,1,0,0,0,0,1,0,1,0,0,0,0,0,0,0,0,0,0,1,0,0,0,0,1,0,0,0,0,0,0,0,0,0,0,0,0,0,0,0,0,0,0,0,0,0,0,0,0,0,0,0,0,0,0,0
250917-d2802377-1d58-4c21-9c95-2b044c9b5648,きょーか8,69157106,13,1,1,8000,8000,8000,19,19,0,1,0,0,1,1,0,0,0,,0,0,2,21,10.5,0,1,1,3,1,4,0,0,0,0,0,1,0,0,1,1,0,0,0,0,0,0,0,0,0,0,0,0,0,0,0,0,0,0,0,0,0,0,0,0,0,0,0,0,0,0,0,0,0,0,0,0,0,0,0,0,0,0,0,0,0,0,0,0,0,0,0
250917-b4c11562-4b47-401c-a9c7-30fa404f9378,クロミです,105506555,12,2,1,12000,12000,12000,13,13,1,0,0,0,1,1,1,3,18100,6033,1,0,4,31,7.8,1,4,0,2,0,2,1,1,0,0,0,0,0,0,0,0,0,0,0,0,0,0,0,0,0,0,0,0,0,0,0,0,0,0,0,0,0,0,0,0,0,0,0,0,0,0,0,0,0,0,0,0,0,0,0,0,0,0,0,0,0,0,0,0,0,0,0
250917-b4c11562-4b47-401c-a9c7-30fa404f9378,Kasumisou,69812091,12,3,3,9400,3133,4000,44,14.7,2,1,0,0,2,1,0,3,17700,5900,1,1,1,7,7,0,0,1,4,3,7,0,0,0,0,0,0,1,1,0,0,0,1,0,0,0,0,0,0,0,0,0,0,0,0,0,0,0,0,0,0,0,0,0,0,0,0,0,0,0,0,0,0,0,0,0,0,0,0,0,0,0,0,0,0,0,0,0,0,0,0,0
250917-b4c11562-4b47-401c-a9c7-30fa404f9378,閄くん,102172268,12,2,3,21500,7167,8000,25,8.3,0,3,0,0,5,3,0,1,2000,2000,0,0,0,0,,0,0,0,8,3,13,0,0,0,0,0,0,0,1,0,1,1,1,0,0,0,0,0,0,0,0,0,0,0,0,0,0,0,0,0,0,0,0,0,0,0,0,0,0,0,0,0,0,0,0,0,0,0,0,0,0,0,0,0,0,0,0,0,0,0,0,0
250917-b4c11562-4b47-401c-a9c7-30fa404f9378,ちたーふ,68331919,12,1,4,21900,5475,8000,40,10,1,3,0,0,7,2,0,0,0,,0,0,2,13,6.5,2,2,0,5,2,8,0,2,0,0,0,0,1,0,1,0,0,0,0,1,0,0,0,0,0,0,0,0,0,0,0,0,0,0,0,0,0,0,0,0,0,0,0,0,0,0,0,0,0,0,0,0,0,0,0,0,0,0,0,0,0,0,0,0,0,0,0
250917-4e1fa1bb-f1d9-4641-9ee3-cb19fff5c339,クロミです,105506555,19,5,7,40300,5757,18000,68,9.7,1,6,0,0,3,2,0,3,12500,4167,0,0,2,15,7.5,1,2,0,11,6,19,0,1,0,0,0,0,1,2,2,1,2,1,0,0,0,0,0,0,0,0,1,0,0,0,1,0,0,0,0,0,0,0,0,0,0,0,0,0,0,0,0,0,0,0,0,0,0,0,0,0,0,0,0,0,0,0,0,0,0,0,0
250917-4e1fa1bb-f1d9-4641-9ee3-cb19fff5c339,Set4fi1,102454965,19,1,1,1000,1000,1000,9,9,0,1,0,0,0,0,0,5,40900,8180,0,0,1,13,13,0,1,0,5,1,7,0,0,0,0,0,0,0,0,1,0,0,0,0,0,0,0,0,0,0,0,0,0,0,0,0,0,0,0,0,0,0,0,0,0,0,0,0,0,0,0,0,0,0,0,0,0,0,0,0,0,0,0,0,0,0,0,0,0,0,0,0
250917-4e1fa1bb-f1d9-4641-9ee3-cb19fff5c339,ちたーふ,68331919,19,5,4,24800,6200,11700,50,12.5,1,3,0,0,3,2,0,5,11700,2340,1,0,4,37,9.3,1,2,2,7,3,14,0,1,0,0,0,0,1,1,0,0,1,1,0,1,0,0,0,0,0,0,0,0,0,0,0,0,0,0,0,0,0,0,0,0,0,0,0,0,0,0,0,0,0,0,0,0,0,0,0,0,0,0,0,0,0,0,0,0,0,0,0
250917-4e1fa1bb-f1d9-4641-9ee3-cb19fff5c339,Kasumisou,69812091,19,2,6,52600,8767,18000,78,13,1,5,2,0,6,5,2,2,20900,10450,0,0,6,52,8.7,4,6,0,3,0,4,1,4,0,0,0,0,0,0,0,1,1,2,1,4,0,0,0,0,0,0,0,0,0,0,0,0,0,0,0,0,0,0,0,0,0,0,0,0,0,0,0,0,0,0,0,0,0,0,0,0,0,0,0,0,0,0,0,0,0,0,0
250918-2503e4fb-b299-487f-bc3f-3976e0e72a40,閄くん,102172268,14,3,4,28400,7100,12000,41,10.3,0,4,0,0,6,1,1,2,9000,4500,0,1,5,45,9,3,3,2,6,1,11,0,3,0,0,0,0,0,0,1,0,1,0,1,1,0,0,0,0,0,0,0,0,0,0,0,0,0,0,0,0,0,0,0,0,0,0,0,0,0,0,0,0,0,0,0,0,0,0,0,0,0,0,0,0,0,0,0,0,0,0,0
250918-2503e4fb-b299-487f-bc3f-3976e0e72a40,クロミです,105506555,14,1,2,13000,6500,12000,21,10.5,1,1,0,0,0,3,1,4,41900,10475,0,0,1,9,9,1,1,0,7,1,12,1,1,0,0,0,0,1,0,0,0,0,0,0,0,0,0,0,0,0,0,0,0,0,0,0,0,0,0,0,1,0,0,0,0,0,0,0,0,0,0,0,0,0,0,0,0,0,0,0,0,0,0,0,0,0,0,0,0,0,0,0
250918-2503e4fb-b299-487f-bc3f-3976e0e72a40,ちたーふ,68331919,14,3,4,38900,9725,18000,49,12.3,0,4,0,0,4,1,0,3,23000,7667,0,0,0,0,,0,0,0,9,4,14,0,0,0,0,0,0,1,0,0,2,4,0,0,0,0,1,0,0,0,0,0,0,0,0,0,0,2,0,0,0,0,0,0,0,0,0,0,0,0,0,0,0,0,0,0,0,0,0,0,0,0,0,0,0,0,0,0,0,0,0,0
250918-2503e4fb-b299-487f-bc3f-3976e0e72a40,CVココア,68095635,14,2,4,33200,8300,12000,50,12.5,2,2,0,0,0,3,4,1,11600,11600,0,1,4,28,7,4,4,0,2,0,3,2,4,0,0,0,1,0,0,0,0,0,1,0,1,0,0,0,0,0,0,0,0,0,0,0,0,0,0,0,0,0,0,0,0,0,0,0,0,0,0,0,0,0,0,0,0,0,0,0,0,0,0,0,0,0,0,0,0,0,0,0
250918-6f7b8bc3-975d-414f-9c1f-7598a96d179f,ねこぜ7272,106334717,11,1,1,2000,2000,2000,12,12,0,1,0,0,0,1,0,2,13500,6750,0,0,1,13,13,0,1,0,3,1,3,0,0,0,0,0,0,0,0,0,0,0,1,0,0,0,0,0,0,0,0,0,0,0,0,0,0,0,0,0,0,0,0,0,0,0,0,0,0,0,0,0,0,0,0,0,0,0,0,0,0,0,0,0,0,0,0,0,0,0,0,0
250918-6f7b8bc3-975d-414f-9c1f-7598a96d179f,Set4fi1,102454965,11,4,5,29300,5860,12000,61,12.2,4,1,2,0,3,3,1,0,0,,0,0,2,23,11.5,1,1,1,2,2,2,2,1,0,0,0,0,0,0,0,0,1,2,0,1,0,0,0,0,0,0,0,0,0,0,1,0,0,0,0,0,0,0,0,0,0,0,0,0,0,0,0,0,0,0,0,0,0,0,0,0,0,0,0,0,0,0,0,0,0,0,0
250918-6f7b8bc3-975d-414f-9c1f-7598a96d179f,kotetsu0422,68590027,11,1,1,1300,1300,1300,9,9,0,1,1,0,0,0,0,1,2000,2000,0,0,2,20,10,0,2,0,5,0,8,0,0,0,0,0,0,0,0,0,0,0,1,0,0,0,0,0,0,0,0,0,0,0,0,0,0,0,0,0,0,0,0,0,0,0,0,0,0,0,0,0,0,0,0,0,0,0,0,0,0,0,0,0,0,0,0,0,0,0,0,0
250918-6f7b8bc3-975d-414f-9c1f-7598a96d179f,きょーか8,69157106,11,1,2,11900,5950,8000,23,11.5,1,1,0,0,1,2,0,1,1300,1300,0,0,2,15,7.5,0,2,0,7,2,10,0,0,0,0,0,0,0,1,0,0,1,0,0,0,0,0,0,0,0,0,0,0,0,0,0,0,1,0,0,0,0,0,0,0,0,0,0,0,0,0,0,0,0,0,0,0,0,0,0,0,0,0,0,0,0,0,0,0,0,0,0
250918-5234211f-7170-4872-9e02-2ca95e30d452,CVココア,68095635,9,1,1,12000,12000,12000,9,9,1,0,0,0,1,2,0,2,5900,2950,0,0,1,8,8,1,1,0,4,0,5,1,1,0,0,0,0,0,0,0,0,0,0,0,1,0,0,0,0,0,0,0,0,0,0,0,0,0,0,0,1,0,0,0,0,0,0,0,0,0,0,0,0,0,0,0,0,0,0,0,0,0,0,0,0,0,0,0,0,0,0,0
250918-5234211f-7170-4872-9e02-2ca95e30d452,ちたーふ,68331919,9,1,1,2600,2600,2600,15,15,0,1,0,0,1,0,0,2,27600,13800,1,0,1,7,7,0,1,0,2,1,3,0,0,0,0,0,0,0,0,1,0,0,0,0,0,0,0,0,0,0,0,0,0,0,0,0,0,0,0,0,0,0,0,0,0,0,0,0,0,0,0,0,0,0,0,0,0,0,0,0,0,0,0,0,0,0,0,0,0,0,0,0
250918-5234211f-7170-4872-9e02-2ca95e30d452,閄くん,102172268,9,1,4,27900,6975,8000,51,12.8,0,4,0,0,2,1,0,1,5200,5200,1,0,4,35,8.8,2,3,1,3,2,6,0,2,0,0,0,0,1,1,1,0,1,0,0,1,0,1,1,0,0,0,1,0,0,0,0,0,0,0,0,1,0,0,0,0,0,0,0,0,0,0,0,0,0,0,0,0,0,0,0,0,0,0,0,0,0,0,0,0,0,0,0
250918-5234211f-7170-4872-9e02-2ca95e30d452,クロミです,105506555,9,2,3,18800,6267,11600,39,13,0,3,0,0,1,1,2,2,10600,5300,1,1,3,35,11.7,2,2,1,1,1,2,0,2,0,0,0,0,1,0,1,0,0,0,0,1,0,0,0,0,0,0,0,0,0,0,0,0,0,0,0,0,0,0,0,0,0,0,0,0,0,0,0,0,0,0,0,0,0,0,0,0,0,0,0,0,0,0,0,0,0,0,0
250919-ee1e3b19-ec86-47da-8599-8491921d5368,閄くん,102172268,14,1,0,0,,,0,,0,0,0,0,0,0,0,4,35000,8750,1,0,2,20,10,0,1,1,2,0,3,0,0,0,0,0,0,0,0,0,0,0,0,0,0,0,0,0,0,0,0,0,0,0,0,0,0,0,0,0,0,0,0,0,0,0,0,0,0,0,0,0,0,0,0,0,0,0,0,0,0,0,0,0,0,0,0,0,0,0,0,0
250919-ee1e3b19-ec86-47da-8599-8491921d5368,クロミです,105506555,14,2,4,21300,5325,8000,45,11.3,1,3,1,0,2,1,1,2,13500,6750,0,0,3,19,6.3,3,3,0,3,0,4,1,3,0,0,0,0,0,0,1,0,0,1,0,0,0,0,0,0,0,0,0,0,0,0,1,0,0,0,0,0,0,0,0,0,0,0,0,0,0,0,0,0,0,0,0,0,0,0,0,0,0,0,0,0,0,0,0,0,0,0,0
250919-ee1e3b19-ec86-47da-8599-8491921d5368,suzuken3,74756413,14,3,5,26500,5300,8000,54,10.8,2,3,1,0,6,3,0,1,2000,2000,0,0,2,9,4.5,1,2,0,6,3,9,0,1,0,0,0,0,2,0,0,0,0,2,0,0,0,0,0,0,0,0,0,0,0,0,0,0,0,0,0,0,0,0,0,0,0,0,0,0,0,0,0,0,0,0,0,0,0,0,0,0,0,0,0,0,0,0,0,0,0,0,0
250919-ee1e3b19-ec86-47da-8599-8491921d5368,ねこぜ7272,106334717,14,4,4,31400,7850,12000,36,9,1,3,1,0,0,5,1,2,9600,4800,0,0,1,4,4,1,1,0,4,2,5,1,1,0,0,0,0,0,1,0,0,0,2,0,1,0,0,0,0,0,0,0,0,0,0,1,0,0,0,0,0,0,0,0,0,0,0,0,0,0,0,0,0,0,0,0,0,0,0,0,0,0,0,0,0,0,0,0,0,0,0,0
250919-660112f4-4938-4c5a-b849-e5e65e9b42ca,西野園綾音,68792390,13,2,3,33700,11233,18000,33,11,1,2,0,0,3,3,1,2,11900,5950,0,1,3,28,9.3,2,2,1,2,1,4,1,2,0,0,0,0,0,0,0,0,1,1,0,1,0,0,0,0,0,0,0,0,0,0,0,0,0,0,0,2,0,0,0,0,0,0,0,0,0,0,0,0,0,0,0,0,0,0,0,0,0,0,0,0,0,0,0,0,0,0,0
250919-660112f4-4938-4c5a-b849-e5e65e9b42ca,ちたーふ,68331919,13,2,3,19600,6533,8000,31,10.3,0,3,0,0,5,0,0,4,21100,5275,0,0,3,30,10,1,0,3,4,2,7,0,1,0,0,0,0,0,0,0,0,1,0,0,0,0,0,0,0,0,0,0,0,0,0,0,1,1,0,0,0,0,0,0,0,0,0,0,0,0,0,0,0,0,0,0,0,0,0,0,0,0,0,0,0,0,0,0,0,0,0,0
250919-660112f4-4938-4c5a-b849-e5e65e9b42ca,こりまる。,108266073,13,1,0,0,,,0,,0,0,0,0,0,0,0,2,12900,6450,0,0,3,28,9.3,0,2,1,2,0,2,0,0,0,0,0,0,0,0,0,0,0,0,0,0,0,0,0,0,0,0,0,0,0,0,0,0,0,0,0,0,0,0,0,0,0,0,0,0,0,0,0,0,0,0,0,0,0,0,0,0,0,0,0,0,0,0,0,0,0,0,0
250919-660112f4-4938-4c5a-b849-e5e65e9b42ca,ルート12345,71218983,13,3,5,20600,4120,8000,61,12.2,2,3,2,0,1,3,0,0,0,,0,0,4,36,9,2,4,0,3,1,6,1,2,0,1,0,0,0,1,0,1,0,0,0,1,1,0,0,0,0,0,0,0,0,0,0,0,0,0,0,0,0,0,0,0,0,0,0,0,0,0,0,0,0,0,0,0,0,0,0,0,0,0,0,0,0,0,0,0,0,0,0
250919-dd9c69f7-0f37-48d5-8455-affa925327f1,こりまる。,108266073,12,2,2,9000,4500,8000,19,9.5,0,2,0,0,1,2,0,2,5800,2900,0,0,2,22,11,1,1,1,3,1,3,0,1,0,0,0,0,0,0,1,0,0,0,0,1,0,0,0,0,0,0,0,0,0,0,0,0,0,0,0,0,0,0,0,0,0,0,0,0,0,0,0,0,0,0,0,0,0,0,0,0,0,0,0,0,0,0,0,0,0,0,0
250919-dd9c69f7-0f37-48d5-8455-affa925327f1,クロミです,105506555,12,2,2,17200,8600,12000,30,15,2,0,1,0,1,2,0,1,1000,1000,0,0,2,24,12,1,2,0,3,0,5,2,1,0,0,0,0,0,0,0,0,0,0,0,1,0,0,0,0,0,0,0,1,0,0,0,0,0,0,0,0,0,0,0,0,0,0,0,0,0,0,0,0,0,0,0,0,0,0,0,0,0,0,0,0,0,0,0,0,0,0,0
250919-dd9c69f7-0f37-48d5-8455-affa925327f1,西野園綾音,68792390,12,1,0,0,,,0,,0,0,0,0,0,0,0,2,15700,7850,0,0,1,14,14,0,0,1,0,0,0,0,0,0,0,0,0,0,0,0,0,0,0,0,0,0,0,0,0,0,0,0,0,0,0,0,0,0,0,0,0,0,0,0,0,0,0,0,0,0,0,0,0,0,0,0,0,0,0,0,0,0,0,0,0,0,0,0,0,0,0,0
250919-dd9c69f7-0f37-48d5-8455-affa925327f1,ちたーふ,68331919,12,3,6,37300,6217,12000,60,10,3,3,1,0,1,4,2,0,0,,0,0,4,33,8.3,4,4,0,3,1,4,3,4,0,0,0,0,0,0,1,0,1,1,0,1,0,0,0,0,0,0,0,0,0,0,0,0,1,0,0,0,0,0,0,0,0,0,0,0,0,0,0,0,0,0,0,0,0,0,0,0,0,0,0,0,0,0,0,0,0,0,0
250919-27e074db-ef58-4087-bb81-6090b06ac924,ちたーふ,68331919,18,1,3,13000,4333,8000,46,15.3,1,2,0,0,1,1,1,3,8300,2767,1,0,3,34,11.3,2,0,3,5,1,9,0,2,0,0,0,0,0,0,1,0,0,0,1,2,0,0,0,0,0,0,0,0,0,0,0,0,0,0,0,0,0,0,0,0,0,0,0,0,0,0,0,0,0,0,0,0,0,0,0,0,0,0,0,0,0,0,0,0,0,0,0
250919-27e074db-ef58-4087-bb81-6090b06ac924,Kasumisou,69812091,18,2,5,15000,3000,5200,60,12,1,4,0,0,0,4,0,1,8000,8000,0,0,3,23,7.7,1,3,0,8,4,10,0,1,0,0,0,0,0,1,1,0,1,1,0,0,1,0,0,0,0,0,0,0,0,0,0,0,0,0,0,0,0,0,0,0,0,0,0,0,0,0,0,0,0,0,0,0,0,0,0,0,0,0,0,0,0,0,0,0,0,0,0
250919-27e074db-ef58-4087-bb81-6090b06ac924,クロミです,105506555,18,7,5,27200,5440,12000,54,10.8,2,3,0,0,3,1,1,4,20500,5125,1,0,5,62,12.4,2,3,2,6,3,13,1,2,0,0,0,0,0,1,0,1,1,0,0,1,0,0,0,0,0,0,0,0,0,0,0,0,0,0,0,1,0,0,0,0,0,0,0,0,0,0,0,0,0,0,0,0,0,0,0,0,0,0,0,0,0,0,0,0,0,0,0
250919-27e074db-ef58-4087-bb81-6090b06ac924,西野園綾音,68792390,18,3,3,16100,5367,12000,41,13.7,1,2,0,0,0,1,1,3,15900,5300,0,1,5,52,10.4,2,4,1,5,1,7,0,2,0,0,0,0,1,0,0,0,0,2,0,0,0,0,0,0,0,0,0,0,0,0,0,0,0,0,0,1,0,0,0,0,0,0,0,0,0,0,0,0,0,0,0,0,0,0,0,0,0,0,0,0,0,0,0,0,0,0,0
250921-15cf6dd5-02b1-47f7-83ab-14263b8894a9,suzuken3,74756413,9,1,2,15900,7950,12000,23,11.5,0,2,0,0,2,1,4,2,13000,6500,0,0,1,13,13,1,0,1,4,1,5,0,1,0,0,0,0,0,0,0,0,1,0,0,0,0,0,0,0,0,0,0,0,0,0,0,0,0,0,0,0,0,0,0,0,0,0,0,0,0,0,0,0,0,0,0,0,0,0,0,0,0,0,0,0,0,0,0,0,0,0,0
250921-15cf6dd5-02b1-47f7-83ab-14263b8894a9,SaRa,72014327,9,1,2,12000,6000,8000,23,11.5,2,0,0,0,1,1,0,1,1000,1000,0,0,0,0,,0,0,0,3,2,3,0,0,0,0,0,0,0,1,1,0,1,0,0,0,1,0,0,0,0,0,0,0,1,0,0,0,0,0,0,0,0,0,0,0,0,0,0,0,0,0,0,0,0,0,0,0,0,0,0,0,0,0,0,0,0,0,0,0,0,0,0
250921-15cf6dd5-02b1-47f7-83ab-14263b8894a9,HARUBOKKURl,69199453,9,2,4,16000,4000,12000,43,10.8,0,4,0,0,1,2,0,1,3900,3900,0,0,1,6,6,0,1,0,4,4,7,0,0,0,0,0,0,0,0,0,2,2,1,0,0,0,0,1,0,0,0,0,0,0,0,0,0,0,0,0,0,0,0,0,0,0,0,0,0,0,0,0,0,0,0,0,0,0,0,0,0,0,0,0,0,0,0,0,0,0,0,0
250921-15cf6dd5-02b1-47f7-83ab-14263b8894a9,うっかりゆるる,105758204,9,1,1,24000,24000,24000,6,6,1,0,0,0,0,1,2,2,14000,7000,0,1,1,5,5,1,1,0,3,0,4,1,1,0,0,0,0,0,0,0,0,0,0,0,0,0,0,0,0,0,0,0,0,0,0,1,0,0,0,0,1,0,0,0,0,0,0,0,0,0,0,0,0,0,0,0,0,0,0,0,0,0,0,0,0,0,0,0,0,0,0,0
250921-baf40a9c-8baf-4a14-b5fe-2c3cbdfe59ca,ルート12345,71218983,12,1,3,17000,5667,8000,30,10,0,3,0,0,1,1,1,2,17200,8600,1,0,4,39,9.8,2,3,1,3,1,4,0,2,0,0,0,0,0,1,0,0,0,0,0,0,0,0,0,0,0,0,0,0,0,0,0,0,1,0,0,1,0,0,0,0,0,0,0,0,0,0,0,0,0,0,0,0,0,0,0,0,0,0,0,0,0,0,0,0,0,0,0
250921-baf40a9c-8baf-4a14-b5fe-2c3cbdfe59ca,Kasumisou,69812091,12,4,6,28300,4717,12000,52,8.7,1,5,0,0,2,1,0,2,13200,6600,1,0,2,21,10.5,1,1,1,5,5,10,0,1,0,0,0,0,0,0,1,1,3,1,0,0,0,0,0,0,0,0,0,0,0,0,0,0,1,0,0,0,0,0,0,0,0,0,0,0,0,0,0,0,0,0,0,0,0,0,0,0,0,0,0,0,0,0,0,0,0,0,0
250921-baf40a9c-8baf-4a14-b5fe-2c3cbdfe59ca,クロミです,105506555,12,1,1,4000,4000,4000,10,10,1,0,0,0,0,2,0,1,1000,1000,1,0,3,25,8.3,0,3,0,4,1,4,0,0,0,0,0,0,0,0,0,0,1,0,0,0,0,0,0,0,0,0,0,0,0,0,0,0,0,0,0,0,0,0,0,0,0,0,0,0,0,0,0,0,0,0,0,0,0,0,0,0,0,0,0,0,0,0,0,0,0,0,0
250921-baf40a9c-8baf-4a14-b5fe-2c3cbdfe59ca,ローレメット,101983652,12,1,2,10400,5200,5200,28,14,0,2,0,0,1,1,1,4,22800,5700,0,0,2,26,13,2,0,2,5,0,9,0,2,0,0,0,0,0,0,0,0,0,0,0,0,0,0,0,0,0,0,0,0,0,0,0,0,0,0,0,1,0,0,0,0,0,0,0,0,0,0,0,0,0,0,0,0,0,0,0,0,0,0,0,0,0,0,0,0,0,0,0
250921-abf1b2a1-0000-48cc-a5fd-a0008383d91c,うっかりゆるる,105758204,11,2,1,4800,4800,4800,6,6,0,1,0,0,0,1,0,3,18900,6300,1,0,2,15,7.5,1,1,1,4,0,6,0,1,0,0,0,0,0,0,0,0,0,0,0,0,0,0,0,0,0,0,0,0,0,0,0,0,0,0,0,0,0,0,0,0,0,0,0,0,0,0,0,0,0,0,0,0,0,0,0,0,0,0,0,0,0,0,0,0,0,0,0
250921-abf1b2a1-0000-48cc-a5fd-a0008383d91c,HARUBOKKURl,69199453,11,2,4,40000,10000,12000,43,10.8,1,3,0,0,2,4,2,2,4000,2000,0,0,3,21,7,3,3,0,2,1,4,1,3,0,0,0,0,0,0,1,0,1,2,0,1,0,0,0,0,0,0,1,0,0,0,0,0,0,0,0,1,0,0,0,0,0,0,0,0,0,0,0,0,0,0,0,0,0,0,0,0,0,0,0,0,0,0,0,0,0,0,0
250921-abf1b2a1-0000-48cc-a5fd-a0008383d91c,suzuken3,74756413,11,1,2,3000,1500,2000,20,10,0,2,0,0,1,0,0,2,13000,6500,1,0,2,20,10,0,1,1,3,2,4,0,0,0,0,0,0,0,0,1,0,0,0,0,0,0,1,0,0,0,0,0,0,0,0,0,0,0,0,0,0,0,0,0,0,0,0,0,0,0,0,0,0,0,0,0,0,0,0,0,0,0,0,0,0,0,0,0,0,0,0,0
250921-abf1b2a1-0000-48cc-a5fd-a0008383d91c,ひつじ04,69255735,11,2,4,8600,2150,2900,49,12.3,1,3,1,0,2,1,0,2,5800,2900,0,0,1,9,9,0,0,1,7,3,14,1,0,0,0,0,0,0,1,0,1,0,1,0,0,0,0,0,0,0,0,0,0,0,0,0,0,0,0,0,0,0,0,0,0,0,0,0,0,0,0,0,0,0,0,0,0,0,0,0,0,0,0,0,0,0,0,0,0,0,0,0
250921-8c74eb1f-8f05-448e-a76f-aabcb3374e3e,クロミです,105506555,11,1,1,4000,4000,4000,11,11,1,0,0,0,1,0,0,1,7700,7700,0,0,1,9,9,1,1,0,4,0,5,1,1,0,0,0,0,0,0,0,0,0,0,0,0,0,0,0,0,0,0,0,0,0,0,0,0,0,0,0,0,0,0,0,0,0,0,0,0,0,0,0,0,0,0,0,0,0,0,0,0,0,0,0,0,0,0,0,0,0,0,0
250921-8c74eb1f-8f05-448e-a76f-aabcb3374e3e,ローレメット,101983652,11,1,2,12200,6100,7700,22,11,0,2,0,0,0,1,1,0,0,,0,0,2,17,8.5,2,0,2,3,0,6,0,2,0,0,0,0,0,0,0,0,0,1,0,1,0,0,0,0,0,0,0,0,0,0,0,0,0,0,0,0,0,0,0,0,0,0,0,0,0,0,0,0,0,0,0,0,0,0,0,0,0,0,0,0,0,0,0,0,0,0,0
250921-8c74eb1f-8f05-448e-a76f-aabcb3374e3e,ルート12345,71218983,11,3,4,21400,5350,8000,46,11.5,2,2,1,0,6,0,0,0,0,,0,0,2,19,9.5,0,2,0,6,3,9,0,0,0,0,0,0,1,2,0,0,0,0,0,0,0,0,0,0,0,0,0,0,0,0,0,0,1,0,0,0,0,0,0,0,0,0,0,0,0,0,0,0,0,0,0,0,0,0,0,0,0,0,0,0,0,0,0,0,0,0,0
250921-8c74eb1f-8f05-448e-a76f-aabcb3374e3e,こりまる。,108266073,11,2,1,11700,11700,11700,16,16,1,0,0,0,2,0,0,3,14000,4667,0,0,3,24,8,1,3,0,2,0,3,1,1,0,0,0,0,0,0,0,0,0,0,0,0,0,0,0,0,0,0,0,0,0,0,0,0,0,0,0,0,0,0,0,0,0,0,0,0,0,0,0,0,0,0,0,0,0,0,0,0,0,0,0,0,0,0,0,0,0,0,0
250921-e9abf1b2-099d-4925-86ab-0ff1174ce9c7,ちたーふ,68331919,14,1,2,21200,10600,16000,25,12.5,2,0,0,0,3,1,1,2,19500,9750,0,0,3,28,9.3,2,2,1,2,0,2,2,2,0,0,0,0,0,0,0,0,0,0,0,2,0,0,1,0,0,0,0,0,0,0,0,0,0,0,0,1,0,0,0,0,0,0,0,0,0,0,0,0,0,0,0,0,0,0,0,0,0,0,0,0,0,0,0,0,0,0,0
250921-e9abf1b2-099d-4925-86ab-0ff1174ce9c7,ルート12345,71218983,14,2,4,20900,5225,8000,45,11.3,0,4,0,0,1,2,2,1,2600,2600,0,0,5,42,8.4,3,5,0,5,1,7,0,3,0,0,0,0,0,0,0,0,0,1,0,1,0,0,0,0,0,0,1,0,0,0,0,0,0,0,0,0,0,0,0,0,0,0,0,0,0,0,0,0,0,0,0,0,0,0,0,0,0,0,0,0,0,0,0,0,0,0,0
250921-e9abf1b2-099d-4925-86ab-0ff1174ce9c7,クロミです,105506555,14,4,4,11000,2750,5800,41,10.3,1,3,0,0,1,0,0,2,11600,5800,0,0,2,26,13,0,1,1,7,4,8,0,0,0,0,0,0,2,1,0,0,1,0,0,0,0,0,0,0,0,0,0,0,0,0,0,1,0,0,0,0,0,0,0,0,0,0,0,0,0,0,0,0,0,0,0,0,0,0,0,0,0,0,0,0,0,0,0,0,0,0,0
250921-e9abf1b2-099d-4925-86ab-0ff1174ce9c7,ローレメット,101983652,14,2,2,20600,10300,18000,24,12,0,2,0,0,2,1,1,4,16100,4025,0,0,2,22,11,1,1,1,5,1,9,0,1,0,0,0,0,0,1,0,0,0,0,1,0,0,0,0,0,0,0,0,0,0,0,0,0,0,0,0,1,0,0,0,0,0,0,0,0,0,0,0,0,0,0,0,0,0,0,0,0,0,0,0,0,0,0,0,0,0,0,0
250921-4757d094-1c43-4a54-a888-f55598535e99,Kasumisou,69812091,12,3,3,8500,2833,3900,28,9.3,0,3,1,0,1,0,0,0,0,,0,0,2,10,5,2,2,0,1,0,1,0,2,0,0,0,0,0,0,0,0,0,0,0,0,0,1,0,0,0,0,0,0,0,0,0,0,0,0,0,0,0,0,0,0,0,0,0,0,0,0,0,0,0,0,0,0,0,0,0,0,0,0,0,0,0,0,0,0,0,0,0
250921-4757d094-1c43-4a54-a888-f55598535e99,ルート12345,71218983,12,1,2,7900,3950,4000,20,10,1,1,0,0,1,1,0,2,10000,5000,0,0,2,18,9,1,2,0,2,1,3,1,1,0,0,0,0,0,0,0,1,1,0,0,0,0,0,0,0,0,0,0,0,0,0,0,0,0,0,0,0,0,0,0,0,0,0,0,0,0,0,0,0,0,0,0,0,0,0,0,0,0,0,0,0,0,0,0,0,0,0,0
250921-4757d094-1c43-4a54-a888-f55598535e99,ちたーふ,68331919,12,2,4,21700,5425,8000,46,11.5,1,3,0,0,3,2,0,1,2600,2600,0,0,0,0,,0,0,0,9,4,13,0,0,0,0,0,0,0,0,3,0,1,1,0,0,0,0,0,0,0,0,1,0,0,0,0,0,0,0,0,0,0,0,0,0,0,0,0,0,0,0,0,0,0,0,0,0,0,0,0,0,0,0,0,0,0,0,0,0,0,0,0
250921-4757d094-1c43-4a54-a888-f55598535e99,クロミです,105506555,12,1,2,9100,4550,8000,24,12,1,1,0,0,0,0,0,5,25500,5100,2,0,4,36,9,0,3,1,5,2,6,0,0,0,0,0,0,0,0,1,1,1,0,0,0,0,0,0,0,0,0,0,0,0,0,0,0,1,0,0,0,0,0,0,0,0,0,0,0,0,0,0,0,0,0,0,0,0,0,0,0,0,0,0,0,0,0,0,0,0,0,0
250923-2f4ee143-a698-4f56-a67f-0a78ce0f7bad,クロミです,105506555,12,3,2,19300,9650,11600,24,12,0,2,0,0,1,2,0,1,1000,1000,0,0,1,8,8,1,1,0,5,1,7,0,1,0,0,0,0,0,0,1,0,1,0,0,1,0,0,0,0,0,0,0,0,0,0,0,0,0,0,0,1,0,0,0,0,0,0,0,0,0,0,0,0,0,0,0,0,0,0,0,0,0,0,0,0,0,0,0,0,0,0,0
250923-2f4ee143-a698-4f56-a67f-0a78ce0f7bad,kotetsu0422,68590027,12,1,2,6500,3250,3900,25,12.5,0,2,0,0,0,0,1,3,27700,9233,0,0,3,27,9,1,3,0,6,1,8,0,1,0,0,0,0,0,0,0,1,0,0,0,0,0,0,0,0,0,0,0,0,0,0,0,0,1,0,0,0,0,0,0,0,0,0,0,0,0,0,0,0,0,0,0,0,0,0,0,0,0,0,0,0,0,0,0,0,0,0,0
250923-2f4ee143-a698-4f56-a67f-0a78ce0f7bad,れもんじゅるる,104892338,12,2,3,31700,10567,12000,40,13.3,1,2,1,0,1,3,3,2,14200,7100,0,0,2,15,7.5,2,1,1,2,0,4,1,2,0,0,0,0,0,0,0,0,0,2,1,1,0,0,0,0,0,0,0,0,0,0,0,0,0,0,0,0,0,0,0,0,0,0,0,0,0,0,0,0,0,0,0,0,0,0,0,0,0,0,0,0,0,0,0,0,0,0,0
250923-2f4ee143-a698-4f56-a67f-0a78ce0f7bad,こりまる。,108266073,12,1,2,9000,4500,8000,25,12.5,0,2,0,0,1,2,0,2,11600,5800,0,0,4,34,8.5,1,3,1,2,1,2,0,1,0,0,0,0,0,1,0,0,0,0,0,0,0,0,0,0,0,0,0,0,0,0,0,0,0,0,0,0,0,0,0,0,0,0,0,0,0,0,0,0,0,0,0,0,0,0,0,0,0,0,0,0,0,0,0,0,0,0,0
250924-38e30e02-d2d2-4bf6-a905-ecb12d2db555,Kasumisou,69812091,12,1,4,8500,2125,3200,48,12,1,3,0,0,0,2,0,2,17200,8600,0,0,2,9,4.5,2,2,0,5,2,7,0,2,0,0,0,0,0,0,0,0,1,1,0,1,0,0,0,0,0,0,0,0,0,0,0,0,0,0,0,0,0,0,0,0,0,0,0,0,0,0,0,0,0,0,0,0,0,0,0,0,0,0,0,0,0,0,0,0,0,0,0
250924-38e30e02-d2d2-4bf6-a905-ecb12d2db555,かんんちゃ,104219450,12,4,5,36700,7340,12000,67,13.4,2,3,0,0,3,3,2,3,7200,2400,1,0,4,41,10.3,3,3,1,2,2,2,1,3,0,0,0,0,1,1,1,0,0,0,0,2,0,0,0,0,0,0,0,0,0,0,0,0,0,0,0,1,0,0,0,0,0,0,0,0,0,0,0,0,0,0,0,0,0,0,0,0,0,0,0,0,0,0,0,0,0,0,0
250924-38e30e02-d2d2-4bf6-a905-ecb12d2db555,ルート12345,71218983,12,2,2,4900,2450,3900,15,7.5,1,1,0,0,0,1,0,2,3500,1750,0,0,2,18,9,0,2,0,7,2,10,0,0,0,0,0,0,0,1,1,0,0,0,0,0,0,0,0,0,0,0,0,0,0,0,0,0,0,0,0,0,0,0,0,0,0,0,0,0,0,0,0,0,0,0,0,0,0,0,0,0,0,0,0,0,0,0,0,0,0,0,0
250924-38e30e02-d2d2-4bf6-a905-ecb12d2db555,れもんじゅるる,104892338,12,1,1,3900,3900,3900,17,17,0,1,0,0,0,0,0,1,1000,1000,0,0,0,0,,0,0,0,5,1,7,0,0,0,0,0,0,1,0,0,0,0,0,0,0,0,0,0,0,0,0,0,0,0,0,0,0,1,0,0,0,0,0,0,0,0,0,0,0,0,0,0,0,0,0,0,0,0,0,0,0,0,0,0,0,0,0,0,0,0,0,0
250924-dc050dd5-b1b8-4711-81c6-3b94ea3a04b7,琴音04,101333044,10,3,2,23700,11850,16000,29,14.5,1,1,0,0,3,0,2,2,7800,3900,0,0,5,58,11.6,2,3,2,1,0,1,1,2,0,0,0,0,0,0,0,0,0,0,1,1,0,0,0,0,0,0,0,0,0,0,0,0,0,0,0,1,0,0,0,0,0,0,0,0,0,0,0,0,0,0,0,0,0,0,0,0,0,0,0,0,0,0,0,0,0,0,0
250924-dc050dd5-b1b8-4711-81c6-3b94ea3a04b7,kotetsu0422,68590027,10,1,1,3900,3900,3900,9,9,0,1,0,0,0,0,1,3,19600,6533,2,0,3,25,8.3,1,2,1,1,0,2,0,1,0,0,0,0,0,0,0,0,0,0,0,1,0,0,0,0,0,0,0,0,0,0,0,0,0,0,0,0,0,0,0,0,0,0,0,0,0,0,0,0,0,0,0,0,0,0,0,0,0,0,0,0,0,0,0,0,0,0,0
250924-dc050dd5-b1b8-4711-81c6-3b94ea3a04b7,クロミです,105506555,10,1,4,23700,5925,8000,51,12.8,1,3,0,0,2,2,1,2,24000,12000,1,0,4,42,10.5,3,3,1,3,1,3,1,3,0,0,0,0,0,1,0,0,0,1,1,2,0,0,0,0,0,0,0,0,0,0,0,0,0,0,0,1,0,0,0,0,0,0,0,0,0,0,0,0,0,0,0,0,0,0,0,0,0,0,0,0,0,0,0,0,0,0,0
250924-dc050dd5-b1b8-4711-81c6-3b94ea3a04b7,ちたーふ,68331919,10,1,2,24000,12000,12000,28,14,0,2,0,0,1,4,1,0,0,,0,0,2,22,11,2,1,1,2,0,3,0,2,0,0,0,0,0,0,0,0,1,1,1,1,0,0,0,0,0,0,0,0,0,0,0,0,0,0,0,1,0,0,0,0,0,0,0,0,0,0,0,0,0,0,0,0,0,0,0,0,0,0,0,0,0,0,0,0,0,0,0
250924-118e03da-d72b-4e17-a5f2-c525117e5af1,kotetsu0422,68590027,12,4,5,27800,5560,18000,69,13.8,1,4,0,0,3,3,0,1,1000,1000,0,0,2,14,7,1,2,0,5,4,8,0,1,0,0,0,0,1,0,1,0,1,1,0,1,1,0,0,0,0,0,0,0,0,0,0,0,1,0,0,0,0,0,0,0,0,0,0,0,0,0,0,0,0,0,0,0,0,0,0,0,0,0,0,0,0,0,0,0,0,0,0
250924-118e03da-d72b-4e17-a5f2-c525117e5af1,ねこぜ7272,106334717,12,1,1,8000,8000,8000,7,7,1,0,0,0,3,0,0,3,12900,4300,1,0,3,23,7.7,1,3,0,1,0,1,1,1,0,0,0,0,0,0,0,0,0,0,0,0,0,0,0,0,0,0,0,0,0,0,0,0,0,0,0,0,0,0,0,0,0,0,0,0,0,0,0,0,0,0,0,0,0,0,0,0,0,0,0,0,0,0,0,0,0,0,0
250924-118e03da-d72b-4e17-a5f2-c525117e5af1,クロミです,105506555,12,1,2,16000,8000,8000,25,12.5,1,1,0,0,3,1,3,1,2900,2900,0,0,2,15,7.5,2,1,1,2,0,4,1,2,0,0,0,0,0,0,0,0,0,0,0,0,0,0,0,0,0,0,0,0,0,0,0,0,0,0,0,0,0,0,0,0,0,0,0,0,0,0,0,0,0,0,0,0,0,0,0,0,0,0,0,0,0,0,0,0,0,0,0
250924-118e03da-d72b-4e17-a5f2-c525117e5af1,ちたーふ,68331919,12,1,1,1000,1000,1000,7,7,0,1,0,0,0,0,0,1,2000,2000,1,0,2,23,11.5,0,2,0,4,1,5,0,0,0,0,0,0,0,0,0,0,0,1,0,0,0,0,0,0,0,0,0,0,0,0,0,0,0,0,0,0,0,0,0,0,0,0,0,0,0,0,0,0,0,0,0,0,0,0,0,0,0,0,0,0,0,0,0,0,0,0,0
250925-9d4c3ad9-519e-4dc5-8aed-c24b8b183f3a,suzuken3,74756413,12,1,3,22000,7333,12000,31,10.3,3,0,1,0,1,3,1,2,10600,5300,0,0,2,20,10,2,2,0,0,0,0,3,2,0,0,0,0,0,0,0,0,0,1,0,1,0,0,0,0,0,0,0,0,0,0,0,0,0,0,0,1,0,0,0,0,0,0,0,0,0,0,0,0,0,0,0,0,0,0,0,0,0,0,0,0,0,0,0,0,0,0,0
250925-9d4c3ad9-519e-4dc5-8aed-c24b8b183f3a,万年雀聖ちゃん,100702341,12,2,2,15800,7900,8000,17,8.5,1,1,0,0,0,1,0,2,7800,3900,1,0,2,13,6.5,1,2,0,5,1,5,1,1,0,0,0,0,0,0,0,1,1,0,0,1,0,0,0,0,0,0,0,0,0,0,0,0,1,0,0,0,0,0,0,0,0,0,0,0,0,0,0,0,0,0,0,0,0,0,0,0,0,0,0,0,0,0,0,0,0,0,0
250925-9d4c3ad9-519e-4dc5-8aed-c24b8b183f3a,ルート12345,71218983,12,2,3,10500,3500,3900,38,12.7,1,2,0,0,0,1,1,1,8000,8000,0,0,3,27,9,3,2,1,1,0,2,1,3,0,0,0,0,0,0,0,0,0,0,0,2,0,0,0,0,0,0,0,0,0,0,0,0,0,0,0,0,0,0,0,0,0,0,0,0,0,0,0,0,0,0,0,0,0,0,0,0,0,0,0,0,0,0,0,0,0,0,0
250925-9d4c3ad9-519e-4dc5-8aed-c24b8b183f3a,岡崎犬,73609886,12,3,3,22600,7533,12000,33,11,1,2,1,0,2,2,0,0,0,,0,0,2,17,8.5,1,1,1,5,1,8,1,1,0,0,0,0,0,0,0,0,0,1,0,0,0,0,1,0,0,0,0,0,0,0,1,0,0,0,0,1,0,0,0,0,0,0,0,0,0,0,0,0,0,0,0,0,0,0,0,0,0,0,0,0,0,0,0,0,0,0,0
250925-bb4880ac-8ced-4165-84f8-719a0f9446cd,ルート12345,71218983,14,3,3,22500,7500,11600,40,13.3,0,3,0,0,2,3,0,3,11900,3967,0,1,1,11,11,0,0,1,5,3,7,0,0,0,0,0,0,0,0,1,1,1,1,0,0,0,0,0,0,0,0,0,0,0,0,0,0,1,0,0,0,0,0,0,0,0,0,0,0,0,0,0,0,0,0,0,0,0,0,0,0,0,0,0,0,0,0,0,0,0,0,0
250925-bb4880ac-8ced-4165-84f8-719a0f9446cd,SaRa,72014327,14,2,2,13300,6650,12000,24,12,1,1,0,0,0,0,2,1,8000,8000,0,0,2,14,7,1,1,1,3,1,4,1,1,0,0,0,0,0,0,1,0,0,1,0,1,0,0,0,0,0,0,0,0,0,0,0,0,0,0,0,0,0,0,0,0,0,0,0,0,0,0,0,0,0,0,0,0,0,0,0,0,0,0,0,0,0,0,0,0,0,0,0
250925-bb4880ac-8ced-4165-84f8-719a0f9446cd,suzuken3,74756413,14,1,3,42000,14000,32000,29,9.7,3,0,0,1,3,1,0,2,15500,7750,0,0,3,25,8.3,2,3,0,5,1,6,1,1,0,0,0,0,0,0,0,1,0,0,0,0,0,0,0,0,0,0,0,0,0,0,0,0,0,0,0,0,0,0,0,1,0,0,0,0,0,0,0,0,0,0,0,0,0,0,0,0,0,0,0,0,0,0,0,0,0,0,0
250925-bb4880ac-8ced-4165-84f8-719a0f9446cd,岡崎犬,73609886,14,3,4,17600,4400,8000,46,11.5,1,3,0,0,1,2,2,0,0,,0,0,6,36,6,3,6,0,2,1,3,1,3,0,0,0,0,0,0,0,0,0,1,0,0,0,0,0,0,0,0,0,0,0,0,0,0,0,0,0,1,0,0,0,0,0,0,0,0,0,0,0,0,0,0,0,0,0,0,0,0,0,0,0,0,0,0,0,0,0,0,0
250925-2fdd670a-8d9a-41c0-9e6f-e30e97db86df,SaRa,72014327,8,1,2,20000,10000,12000,19,9.5,2,0,1,0,5,4,0,0,0,,0,0,2,26,13,0,2,0,3,1,7,1,0,0,0,0,0,0,0,1,0,0,0,0,0,0,0,0,0,0,0,0,0,0,0,0,0,0,0,0,0,0,0,0,0,0,0,0,0,0,0,0,0,0,0,0,0,0,0,0,0,0,0,0,0,0,0,0,0,0,0,0
250925-2fdd670a-8d9a-41c0-9e6f-e30e97db86df,閄くん,102172268,8,1,2,13500,6750,12000,29,14.5,1,1,0,0,0,1,0,1,2000,2000,0,0,0,0,,0,0,0,4,2,6,0,0,0,0,0,0,0,0,1,0,0,0,0,0,0,0,0,0,0,0,0,0,0,0,0,0,0,0,1,0,0,0,0,0,0,0,0,0,0,0,0,0,0,0,0,0,0,0,0,0,0,0,0,0,0,0,0,0,0,0,0
250925-2fdd670a-8d9a-41c0-9e6f-e30e97db86df,ちたーふ,68331919,8,1,3,17200,5733,12000,29,9.7,0,3,0,0,3,2,0,1,12000,12000,0,0,1,5,5,1,1,0,4,2,7,0,1,0,0,0,0,0,0,2,0,0,0,0,0,0,0,0,0,0,0,0,0,0,0,1,0,1,0,0,0,0,0,0,0,0,0,0,0,0,0,0,0,0,0,0,0,0,0,0,0,0,0,0,0,0,0,0,0,0,0,0
250925-2fdd670a-8d9a-41c0-9e6f-e30e97db86df,Kasumisou,69812091,8,1,0,0,,,0,,0,0,0,0,0,0,0,2,15200,7600,0,0,0,0,,0,0,0,3,0,4,0,0,0,0,0,0,0,0,0,0,0,0,0,0,0,0,0,0,0,0,0,0,0,0,0,0,0,0,0,0,0,0,0,0,0,0,0,0,0,0,0,0,0,0,0,0,0,0,0,0,0,0,0,0,0,0,0,0,0,0,0
250925-e13c9456-5e50-46e3-ac12-76c368caa399,こりまる。,108266073,11,1,2,10000,5000,8000,23,11.5,1,1,0,0,0,0,1,3,21100,7033,0,0,2,19,9.5,1,2,0,6,1,10,1,1,0,0,0,0,1,2,0,0,0,0,0,0,0,0,0,0,0,0,0,0,0,0,0,0,0,0,0,0,0,0,0,0,0,0,0,0,0,0,0,0,0,0,0,0,0,0,0,0,0,0,0,0,0,0,0,0,0,0,0
250925-e13c9456-5e50-46e3-ac12-76c368caa399,閄くん,102172268,11,2,1,3900,3900,3900,15,15,0,1,0,0,0,1,0,1,5200,5200,1,0,2,23,11.5,1,2,0,5,0,5,0,1,0,0,0,0,0,0,0,0,0,0,0,0,0,0,0,0,0,0,0,0,0,0,0,0,0,0,0,0,0,0,0,0,0,0,0,0,0,0,0,0,0,0,0,0,0,0,0,0,0,0,0,0,0,0,0,0,0,0,0
250925-e13c9456-5e50-46e3-ac12-76c368caa399,Kasumisou,69812091,11,1,0,0,,,0,,0,0,0,0,0,0,0,2,13800,6900,0,0,1,13,13,0,0,1,4,0,6,0,0,0,0,0,0,0,0,0,0,0,0,0,0,0,0,0,0,0,0,0,0,0,0,0,0,0,0,0,0,0,0,0,0,0,0,0,0,0,0,0,0,0,0,0,0,0,0,0,0,0,0,0,0,0,0,0,0,0,0,0
250925-e13c9456-5e50-46e3-ac12-76c368caa399,ねこぜ7272,106334717,11,3,8,61300,7663,12000,92,11.5,3,5,3,0,6,4,2,1,2000,2000,0,0,3,32,10.7,3,3,0,3,2,6,1,3,0,0,0,0,0,1,1,0,1,3,2,3,0,0,0,0,0,0,1,0,0,0,1,0,0,0,0,0,0,0,0,0,0,0,0,0,0,0,0,0,0,0,0,0,0,0,0,0,0,0,0,0,0,0,0,0,0,0,0
250925-44139d0b-f4b2-40b2-823c-b9e0c08c7690,こりまる。,108266073,12,4,3,20700,6900,11600,36,12,1,2,0,0,1,3,0,3,19600,6533,0,0,6,51,8.5,3,5,1,0,0,0,1,3,0,0,0,0,0,0,0,0,0,0,0,2,0,0,0,0,0,0,0,0,0,0,0,0,0,0,0,0,0,0,0,0,0,0,0,0,0,0,0,0,0,0,0,0,0,0,0,0,0,0,0,0,0,0,0,0,0,0,0
250925-44139d0b-f4b2-40b2-823c-b9e0c08c7690,ちたーふ,68331919,12,1,5,24500,4900,8000,39,7.8,0,5,0,0,4,0,1,0,0,,0,0,1,4,4,1,1,0,4,4,7,0,1,0,0,0,0,1,1,1,1,0,1,0,1,0,0,0,0,0,0,0,0,0,0,0,0,1,0,0,1,0,0,0,0,0,0,0,0,0,0,0,0,0,0,0,0,0,0,0,0,0,0,0,0,0,0,0,0,0,0,0
250925-44139d0b-f4b2-40b2-823c-b9e0c08c7690,閄くん,102172268,12,1,2,20000,10000,12000,26,13,1,1,0,0,2,1,1,4,20400,5100,0,0,3,26,8.7,2,1,2,4,0,5,1,2,0,0,0,0,0,0,0,0,0,0,0,2,0,1,0,0,0,0,0,0,0,0,0,0,0,0,0,0,0,0,0,0,0,0,0,0,0,0,0,0,0,0,0,0,0,0,0,0,0,0,0,0,0,0,0,0,0,0,0
250925-44139d0b-f4b2-40b2-823c-b9e0c08c7690,ねこぜ7272,106334717,12,1,0,0,,,0,,0,0,0,0,0,0,0,1,8000,8000,0,0,1,6,6,0,1,0,1,0,2,0,0,0,0,0,0,0,0,0,0,0,0,0,0,0,0,0,0,0,0,0,0,0,0,0,0,0,0,0,0,0,0,0,0,0,0,0,0,0,0,0,0,0,0,0,0,0,0,0,0,0,0,0,0,0,0,0,0,0,0,0
250926-4f2e7b1c-653e-41d6-9857-8f84e0dc6201,suzuken3,74756413,17,2,3,21900,7300,11600,41,13.7,0,3,0,0,0,4,1,4,20100,5025,1,0,5,45,9,2,4,1,5,1,6,0,2,0,0,0,0,1,0,0,0,1,0,0,0,0,0,0,0,0,0,0,0,0,0,0,0,0,0,0,0,0,0,0,0,0,0,0,0,0,0,0,0,0,0,0,0,0,0,0,0,0,0,0,0,0,0,0,0,0,0,0
250926-4f2e7b1c-653e-41d6-9857-8f84e0dc6201,西野園綾音,68792390,17,5,4,30100,7525,18000,46,11.5,0,4,1,0,0,1,0,6,19500,3250,1,0,2,23,11.5,0,1,1,5,3,13,0,0,0,0,0,0,1,1,1,1,0,0,0,1,0,0,0,0,0,0,1,0,0,0,0,0,2,0,0,0,0,0,0,0,0,0,0,0,0,0,0,0,0,0,0,0,0,0,0,0,0,0,0,0,0,0,0,0,0,0,0
250926-4f2e7b1c-653e-41d6-9857-8f84e0dc6201,岡崎犬,73609886,17,1,3,16900,5633,8000,40,13.3,1,2,0,0,2,2,0,1,1000,1000,0,0,2,19,9.5,1,2,0,3,2,4,0,1,0,0,0,0,1,0,0,0,0,2,1,0,0,0,0,0,0,0,0,0,0,0,0,0,0,0,0,0,0,0,0,0,0,0,0,0,0,0,0,0,0,0,0,0,0,0,0,0,0,0,0,0,0,0,0,0,0,0,0
250926-4f2e7b1c-653e-41d6-9857-8f84e0dc6201,ひつじ04,69255735,17,3,5,17200,3440,8000,46,9.2,0,5,1,0,0,2,0,3,37600,12533,0,0,1,6,6,0,1,0,9,4,14,0,0,0,0,0,0,1,1,0,1,1,2,0,0,0,0,0,0,0,0,0,0,0,0,0,0,1,0,0,0,0,0,0,0,0,0,0,0,0,0,0,0,0,0,0,0,0,0,0,0,0,0,0,0,0,0,0,0,0,0,0
250926-f71fb02f-b055-4781-9ad9-76d7d67d2c7c,西野園綾音,68792390,13,2,1,2000,2000,2000,13,13,0,1,0,0,0,0,0,2,11600,5800,0,0,3,25,8.3,1,2,1,0,0,0,0,1,0,0,0,0,0,0,0,0,0,0,0,0,0,0,0,0,0,0,0,0,0,0,0,0,0,0,0,0,0,0,0,0,0,0,0,0,0,0,0,0,0,0,0,0,0,0,0,0,0,0,0,0,0,0,0,0,0,0,0
250926-f71fb02f-b055-4781-9ad9-76d7d67d2c7c,岡崎犬,73609886,13,2,2,11700,5850,7700,21,10.5,1,1,1,0,3,1,0,4,16300,4075,2,0,2,19,9.5,0,1,1,5,1,12,0,0,0,0,0,0,0,0,0,0,0,1,1,0,0,0,0,0,0,0,0,0,0,0,0,0,0,0,0,0,0,0,0,0,0,0,0,0,0,0,0,0,0,0,0,0,0,0,0,0,0,0,0,0,0,0,0,0,0,0,0
250926-f71fb02f-b055-4781-9ad9-76d7d67d2c7c,suzuken3,74756413,13,2,3,8300,2767,6000,29,9.7,1,2,0,0,0,1,0,1,5200,5200,0,0,3,25,8.3,2,1,2,5,1,6,1,2,0,0,0,0,0,0,1,0,0,0,0,0,0,0,0,0,0,0,0,0,0,0,0,0,0,0,0,0,0,0,0,0,0,0,0,0,0,0,0,0,0,0,0,0,0,0,0,0,0,0,0,0,0,0,0,0,0,0,0
250926-f71fb02f-b055-4781-9ad9-76d7d67d2c7c,Akise299,101770365,13,3,6,28600,4767,12000,75,12.5,2,4,3,0,3,3,0,1,2000,2000,1,0,3,24,8,1,3,0,4,2,6,1,1,0,0,0,0,0,1,1,1,1,2,0,2,0,0,0,0,0,0,0,0,0,0,0,0,0,0,0,0,0,0,0,0,0,0,0,0,0,0,0,0,0,0,0,0,0,0,0,0,0,0,0,0,0,0,0,0,0,0,0
250926-65e50ad3-7ca9-43b7-9f2a-d9bf122cea21,SaRa,72014327,12,1,2,3500,1750,2000,24,12,1,1,1,0,1,0,0,3,10700,3567,0,0,2,27,13.5,0,1,1,1,1,2,1,0,0,0,0,0,0,0,0,1,0,0,0,1,0,0,0,0,0,0,0,0,0,0,0,0,0,0,0,0,0,0,0,0,0,0,0,0,0,0,0,0,0,0,0,0,0,0,0,0,0,0,0,0,0,0,0,0,0,0,0
250926-65e50ad3-7ca9-43b7-9f2a-d9bf122cea21,Akise299,101770365,12,1,2,16000,8000,12000,22,11,2,0,1,0,0,1,3,2,19700,9850,0,1,1,7,7,1,1,0,3,0,5,2,1,0,0,0,0,0,0,1,0,0,1,0,0,0,0,0,0,0,0,0,0,0,0,0,0,0,0,0,0,0,0,0,0,0,0,0,0,0,0,0,0,0,0,0,0,0,0,0,0,0,0,0,0,0,0,0,0,0,0,0
250926-65e50ad3-7ca9-43b7-9f2a-d9bf122cea21,suzuken3,74756413,12,4,4,13300,3325,5800,48,12,0,4,1,0,1,4,0,1,2000,2000,0,0,2,20,10,0,2,0,3,3,3,0,0,0,0,0,0,0,0,0,2,1,1,0,0,0,0,0,0,0,0,0,0,0,0,0,0,0,0,0,0,0,0,0,0,0,0,0,0,0,0,0,0,0,0,0,0,0,0,0,0,0,0,0,0,0,0,0,0,0,0,0
250926-65e50ad3-7ca9-43b7-9f2a-d9bf122cea21,西野園綾音,68792390,12,2,3,27700,9233,12000,32,10.7,1,2,2,0,6,1,0,1,2600,2600,0,0,1,11,11,0,1,0,6,1,9,1,0,0,0,0,0,0,1,0,1,0,0,0,0,0,0,0,0,0,0,0,0,0,0,2,0,0,0,0,0,0,0,0,0,0,0,0,0,0,0,0,0,0,0,0,0,0,0,0,0,0,0,0,0,0,0,0,0,0,0,0
250927-2ae85bbd-569e-4d68-a397-f6f3751a6a20,岡崎犬,73609886,15,3,3,11800,3933,7700,34,11.3,0,3,1,0,1,0,0,2,4000,2000,1,0,2,27,13.5,0,2,0,7,2,10,0,0,0,0,0,0,1,1,0,0,0,1,0,0,0,0,0,0,0,0,0,0,0,0,0,0,1,0,0,0,0,0,0,0,0,0,0,0,0,0,0,0,0,0,0,0,0,0,0,0,0,0,0,0,0,0,0,0,0,0,0
250927-2ae85bbd-569e-4d68-a397-f6f3751a6a20,れもんじゅるる,104892338,15,2,3,6200,2067,2700,35,11.7,1,2,0,0,0,1,0,3,23600,7867,1,0,2,15,7.5,1,2,0,4,2,9,1,1,0,0,0,0,0,1,0,1,0,0,0,1,0,0,0,0,0,0,0,0,0,0,0,0,0,0,0,0,0,0,0,0,0,0,0,0,0,0,0,0,0,0,0,0,0,0,0,0,0,0,0,0,0,0,0,0,0,0,0
250927-2ae85bbd-569e-4d68-a397-f6f3751a6a20,クロミです,105506555,15,2,3,13900,4633,8000,35,11.7,1,2,1,0,4,1,0,3,10700,3567,0,1,2,23,11.5,1,2,0,3,1,5,0,1,0,0,0,0,0,0,0,1,0,1,0,1,0,0,0,0,0,0,0,0,0,0,0,0,0,0,0,0,0,0,0,0,0,0,0,0,0,0,0,0,0,0,0,0,0,0,0,0,0,0,0,0,0,0,0,0,0,0,0
250927-2ae85bbd-569e-4d68-a397-f6f3751a6a20,ルート12345,71218983,15,2,3,31700,10567,12000,41,13.7,1,2,0,0,1,2,3,1,2600,2600,0,0,4,45,11.3,3,3,1,4,0,5,1,3,0,0,0,0,0,0,1,0,0,0,0,1,0,0,0,0,0,0,0,0,0,0,1,0,0,0,0,1,0,0,0,0,0,0,0,0,0,0,0,0,0,0,0,0,0,0,0,0,0,0,0,0,0,0,0,0,0,0,0
250928-fcdf6c69-3723-41e3-8dfd-9f2b69c7d6f3,岡崎犬,73609886,10,1,4,27800,6950,12000,39,9.8,3,1,0,0,4,0,1,1,8000,8000,0,0,4,33,8.3,3,4,0,2,1,2,2,3,0,0,0,0,0,0,2,0,0,0,1,1,0,0,0,0,0,0,0,0,0,0,0,0,0,0,0,2,0,0,0,0,0,0,0,0,0,0,0,0,0,0,0,0,0,0,0,0,0,0,0,0,0,0,0,0,0,0,0
250928-fcdf6c69-3723-41e3-8dfd-9f2b69c7d6f3,suzuken3,74756413,10,1,2,13200,6600,8000,26,13,0,2,0,0,2,2,0,1,2600,2600,1,0,3,27,9,2,2,1,2,0,2,0,2,0,0,0,0,0,0,0,0,0,0,0,0,0,0,0,0,0,0,0,0,0,0,0,0,0,0,0,2,0,0,0,0,0,0,0,0,0,0,0,0,0,0,0,0,0,0,0,0,0,0,0,0,0,0,0,0,0,0,0
250928-fcdf6c69-3723-41e3-8dfd-9f2b69c7d6f3,みそ汁だけ定食,70508460,10,3,3,17500,5833,12000,42,14,1,2,1,0,0,1,0,2,10400,5200,1,0,2,14,7,1,1,1,1,1,1,1,1,0,0,0,0,0,0,0,1,0,0,1,0,0,0,0,0,0,0,0,0,0,0,0,0,1,0,0,0,0,0,0,0,0,0,0,0,0,0,0,0,0,0,0,0,0,0,0,0,0,0,0,0,0,0,0,0,0,0,0
250928-fcdf6c69-3723-41e3-8dfd-9f2b69c7d6f3,SaRa,72014327,10,1,1,1500,1500,1500,11,11,1,0,0,0,0,0,0,1,2900,2900,0,0,0,0,,0,0,0,2,1,5,0,0,0,0,0,0,1,0,0,0,0,0,0,0,0,0,0,0,0,0,0,0,0,0,0,0,0,0,0,0,0,0,0,0,0,0,0,0,0,0,0,0,0,0,0,0,0,0,0,0,0,0,0,0,0,0,0,0,0,0,0
250928-d9e96060-e2db-4683-b370-989eed754162,岡崎犬,73609886,14,2,5,31200,6240,12000,64,12.8,2,3,1,0,3,3,1,2,13000,6500,0,0,3,24,8,3,3,0,2,1,3,2,3,0,0,0,0,0,0,0,0,0,3,0,0,0,0,0,0,0,0,0,0,0,0,1,0,0,0,0,0,0,0,0,0,0,0,0,0,0,0,0,0,0,0,0,0,0,0,0,0,0,0,0,0,0,0,0,0,0,0,0
250928-d9e96060-e2db-4683-b370-989eed754162,ほかほか亭白米,107968426,14,2,1,12000,12000,12000,16,16,1,0,0,0,1,2,0,0,0,,0,0,2,24,12,0,1,1,2,1,2,0,0,0,0,0,0,0,0,0,1,1,0,0,0,0,0,0,0,0,0,0,0,0,0,0,0,0,0,0,0,0,0,0,0,0,0,0,0,0,0,0,0,0,0,0,0,0,0,0,0,0,0,0,0,0,0,0,0,0,0,0
250928-d9e96060-e2db-4683-b370-989eed754162,みそ汁だけ定食,70508460,14,2,1,12000,12000,12000,12,12,0,1,0,0,0,1,0,2,10000,5000,0,0,3,34,11.3,0,1,2,4,1,5,0,0,0,0,0,0,1,0,0,1,1,0,0,0,0,0,0,0,0,0,0,0,0,0,0,0,0,0,0,0,0,0,0,0,0,0,0,0,0,0,0,0,0,0,0,0,0,0,0,0,0,0,0,0,0,0,0,0,0,0,0
250928-d9e96060-e2db-4683-b370-989eed754162,suzuken3,74756413,14,3,6,64900,10817,24000,66,11,4,2,1,0,8,2,2,2,13300,6650,0,0,3,19,6.3,3,3,0,5,2,6,3,3,0,1,0,0,0,0,0,1,0,2,0,1,0,0,1,0,0,0,0,1,0,0,0,0,0,0,0,1,0,0,0,0,0,0,0,0,0,0,0,0,0,0,0,0,0,0,0,0,0,0,0,0,0,0,0,0,0,0,0
250928-78de9d87-e41f-4b93-a613-22371cef01bc,ちたーふ,68331919,10,1,5,24800,4960,8000,59,11.8,2,3,0,0,1,1,0,1,8000,8000,0,0,2,20,10,2,2,0,4,3,8,0,2,0,0,0,1,1,0,1,1,0,1,0,0,0,0,0,0,0,0,0,0,0,0,0,0,2,0,0,1,0,0,0,0,0,0,0,0,0,0,0,0,0,0,0,0,0,0,0,0,0,0,0,0,0,0,0,0,0,0,0
250928-78de9d87-e41f-4b93-a613-22371cef01bc,ルート12345,71218983,10,2,2,7800,3900,3900,25,12.5,1,1,0,0,0,0,0,1,3900,3900,1,0,4,39,9.8,2,4,0,1,0,1,1,2,0,0,0,0,0,0,0,0,0,0,1,1,0,0,0,0,0,0,0,0,0,0,0,0,0,0,0,0,0,0,0,0,0,0,0,0,0,0,0,0,0,0,0,0,0,0,0,0,0,0,0,0,0,0,0,0,0,0,0
250928-78de9d87-e41f-4b93-a613-22371cef01bc,閄くん,102172268,10,1,1,8000,8000,8000,17,17,0,1,0,0,1,1,0,4,13600,3400,0,0,2,12,6,1,2,0,5,0,7,0,1,0,0,0,0,0,0,0,0,0,1,0,0,0,0,0,0,0,0,0,0,0,0,0,0,0,0,0,0,0,0,0,0,0,0,0,0,0,0,0,0,0,0,0,0,0,0,0,0,0,0,0,0,0,0,0,0,0,0,0
250928-78de9d87-e41f-4b93-a613-22371cef01bc,クロミです,105506555,10,1,1,2000,2000,2000,8,8,0,1,0,0,0,1,0,0,0,,0,0,0,0,,0,0,0,1,1,1,0,0,0,0,0,0,0,1,0,0,0,0,0,0,0,0,0,0,0,0,0,0,0,0,0,0,0,0,0,0,0,0,0,0,0,0,0,0,0,0,0,0,0,0,0,0,0,0,0,0,0,0,0,0,0,0,0,0,0,0,0
250928-48a66eaf-a80a-4c1e-86fe-8388c9ba45fd,ちたーふ,68331919,17,5,4,39900,9975,18000,55,13.8,0,4,1,0,4,3,1,3,16100,5367,0,0,2,19,9.5,2,1,1,3,1,7,0,2,0,0,0,0,0,1,0,1,1,1,0,1,0,0,0,0,0,0,0,0,0,0,0,0,0,0,0,1,0,0,0,0,0,0,0,0,0,0,0,0,0,0,0,0,0,0,0,0,0,0,0,0,0,0,0,0,0,0,0
250928-48a66eaf-a80a-4c1e-86fe-8388c9ba45fd,クロミです,105506555,17,3,5,31800,6360,18000,68,13.6,1,4,0,0,3,5,0,1,3900,3900,0,0,2,19,9.5,2,1,1,8,3,12,1,2,0,0,0,0,0,1,0,1,1,1,0,1,0,0,0,0,0,0,0,0,0,0,0,0,0,0,0,0,0,0,0,0,0,0,0,0,0,0,0,0,0,0,0,0,0,0,0,0,0,0,0,0,0,0,0,0,0,0,0
250928-48a66eaf-a80a-4c1e-86fe-8388c9ba45fd,閄くん,102172268,17,2,3,17100,5700,8000,38,12.7,0,3,0,0,3,1,0,5,46400,9280,2,0,4,40,10,2,4,0,11,1,19,0,2,0,0,0,0,0,0,1,0,0,1,1,0,0,0,0,0,0,0,0,0,0,0,0,0,0,0,0,0,0,0,0,0,0,0,0,0,0,0,0,0,0,0,0,0,0,0,0,0,0,0,0,0,0,0,0,0,0,0,0
250928-48a66eaf-a80a-4c1e-86fe-8388c9ba45fd,Kasumisou,69812091,17,2,2,9100,4550,5200,13,6.5,0,2,0,0,0,1,0,4,23600,5900,2,0,6,49,8.2,2,6,0,1,0,2,0,2,0,0,0,0,0,0,0,0,0,0,0,1,0,0,0,0,0,0,0,0,0,0,0,0,0,0,0,2,0,0,0,0,0,0,0,0,0,0,0,0,0,0,0,0,0,0,0,0,0,0,0,0,0,0,0,0,0,0,0
250929-5722eb4d-d87d-4718-8e0a-c482ec3512b1,閄くん,102172268,11,1,3,9100,3033,4000,42,14,3,0,0,0,0,1,0,1,1500,1500,0,0,3,22,7.3,2,3,0,4,1,8,2,2,0,0,0,0,0,0,0,0,0,1,0,0,1,0,0,0,0,0,0,0,0,0,0,0,0,0,0,0,0,0,0,0,0,0,0,0,0,0,0,0,0,0,0,0,0,0,0,0,0,0,0,0,0,0,0,0,0,0,0
250929-5722eb4d-d87d-4718-8e0a-c482ec3512b1,ここあこあ,71375454,11,2,2,7800,3900,5800,21,10.5,1,1,1,0,0,1,0,2,12900,6450,0,0,2,23,11.5,1,1,1,1,0,1,1,1,0,0,0,0,0,0,0,0,0,1,0,1,0,0,0,0,0,0,0,0,0,0,0,0,0,0,0,0,0,0,0,0,0,0,0,0,0,0,0,0,0,0,0,0,0,0,0,0,0,0,0,0,0,0,0,0,0,0,0
250929-5722eb4d-d87d-4718-8e0a-c482ec3512b1,suzuken3,74756413,11,1,3,44900,14967,32000,39,13,1,2,0,1,4,1,0,2,13800,6900,0,0,2,24,12,1,1,1,5,2,7,0,1,0,0,0,0,0,0,0,1,0,0,0,0,0,0,0,0,0,0,0,0,0,0,0,0,0,0,0,0,0,0,0,0,0,0,0,0,1,0,0,0,0,0,0,0,0,0,0,0,0,0,0,0,0,0,0,0,0,0,0
250929-5722eb4d-d87d-4718-8e0a-c482ec3512b1,ルート12345,71218983,11,2,2,9500,4750,8000,22,11,0,2,0,0,1,2,0,0,0,,0,0,4,33,8.3,1,4,0,5,1,7,0,1,0,0,0,0,1,0,0,0,0,0,0,1,0,0,0,0,0,0,0,0,0,0,0,0,0,0,0,0,0,0,0,0,0,0,0,0,0,0,0,0,0,0,0,0,0,0,0,0,0,0,0,0,0,0,0,0,0,0,0
250929-3c968fd7-961e-4784-85e3-40b0205d352e,ちたーふ,68331919,11,2,2,5700,2850,3000,29,14.5,2,0,0,0,1,0,0,0,0,,0,0,1,8,8,1,1,0,5,1,8,1,1,0,0,0,0,0,0,0,0,0,1,0,1,0,0,0,0,0,0,0,0,0,0,0,0,0,0,0,0,0,0,0,0,0,0,0,0,0,0,0,0,0,0,0,0,0,0,0,0,0,0,0,0,0,0,0,0,0,0,0
250929-3c968fd7-961e-4784-85e3-40b0205d352e,ルート12345,71218983,11,2,4,24400,6100,8000,45,11.3,1,3,0,0,3,2,1,1,12000,12000,0,0,3,30,10,2,2,1,4,2,4,1,2,0,0,0,0,0,1,0,1,1,0,1,1,0,0,0,0,0,0,0,0,0,0,0,0,0,0,0,0,0,0,0,0,0,0,0,0,0,0,0,0,0,0,0,0,0,0,0,0,0,0,0,0,0,0,0,0,0,0,0
250929-3c968fd7-961e-4784-85e3-40b0205d352e,閄くん,102172268,11,2,2,17200,8600,12000,20,10,0,2,0,0,0,3,0,4,19000,4750,1,1,5,40,8,2,4,1,4,0,5,0,2,0,0,0,0,0,0,0,0,0,0,0,1,0,0,1,0,0,0,0,0,0,0,0,0,0,0,0,1,0,0,0,0,0,0,0,0,0,0,0,0,0,0,0,0,0,0,0,0,0,0,0,0,0,0,0,0,0,0,0
250929-3c968fd7-961e-4784-85e3-40b0205d352e,SaRa,72014327,11,1,1,2600,2600,2600,6,6,0,1,0,0,0,0,0,1,5200,5200,0,0,1,5,5,1,1,0,5,0,7,0,1,0,0,0,0,0,0,0,0,0,0,0,0,0,0,0,0,0,0,0,0,0,0,0,0,0,0,0,1,0,0,0,0,0,0,0,0,0,0,0,0,0,0,0,0,0,0,0,0,0,0,0,0,0,0,0,0,0,0,0
250929-bc02ff1f-7fe8-4683-b0dc-99f75e3186bb,ルート12345,71218983,12,2,4,25700,6425,12000,39,9.8,2,2,0,0,0,2,2,1,7700,7700,0,1,4,23,5.8,4,4,0,3,0,6,2,3,0,0,0,0,0,0,1,0,0,0,0,2,0,0,0,1,0,0,0,0,0,0,0,0,0,0,0,0,0,0,0,0,0,0,0,0,0,0,0,0,0,0,0,0,0,0,0,0,0,0,0,0,0,0,0,0,0,0,0
250929-bc02ff1f-7fe8-4683-b0dc-99f75e3186bb,Set4fi1,102454965,12,1,1,7900,7900,7900,8,8,1,0,0,0,0,1,0,2,4900,2450,0,0,4,42,10.5,1,3,1,1,0,1,1,1,0,0,0,0,0,1,0,0,0,0,0,0,0,0,0,0,0,0,0,0,0,0,0,0,0,0,0,0,0,0,0,0,0,0,0,0,0,0,0,0,0,0,0,0,0,0,0,0,0,0,0,0,0,0,0,0,0,0,0
250929-bc02ff1f-7fe8-4683-b0dc-99f75e3186bb,ちたーふ,68331919,12,2,3,14500,4833,7700,37,12.3,0,3,0,0,2,1,0,2,9700,4850,0,0,3,33,11,2,1,2,1,1,2,0,2,0,0,0,0,0,0,0,1,0,0,0,2,0,0,0,0,0,0,0,0,0,0,0,0,0,0,0,0,0,0,0,0,0,0,0,0,0,0,0,0,0,0,0,0,0,0,0,0,0,0,0,0,0,0,0,0,0,0,0
250929-bc02ff1f-7fe8-4683-b0dc-99f75e3186bb,SaRa,72014327,12,3,4,15300,3825,6400,51,12.8,2,2,1,0,1,2,0,2,7800,3900,0,0,1,7,7,1,1,0,2,2,3,1,1,0,0,0,0,0,1,1,1,0,0,0,0,0,0,0,0,0,0,0,0,0,0,1,0,0,0,0,0,0,0,0,0,0,0,0,0,0,0,0,0,0,0,0,0,0,0,0,0,0,0,0,0,0,0,0,0,0,0,0
250929-065e1768-7583-4eb3-90f0-4d16f62a0d19,ひつじ04,69255735,11,2,5,39100,7820,12000,48,9.6,2,3,0,0,1,5,1,1,2600,2600,0,0,2,17,8.5,2,2,0,7,3,8,2,2,0,0,0,0,2,0,0,0,0,1,0,0,0,0,1,0,0,0,0,0,0,0,0,0,2,0,0,1,0,0,0,0,0,0,0,0,0,0,0,0,0,0,0,0,0,0,0,0,0,0,0,0,0,0,0,0,0,0,0
250929-065e1768-7583-4eb3-90f0-4d16f62a0d19,ルート12345,71218983,11,3,3,16900,5633,12000,34,11.3,1,2,0,0,1,0,1,3,23100,7700,0,1,2,15,7.5,2,1,1,1,1,1,1,2,0,0,0,0,0,1,0,0,0,1,0,1,0,0,0,0,0,0,0,0,0,0,0,0,0,0,0,0,0,0,0,0,0,0,0,0,0,0,0,0,0,0,0,0,0,0,0,0,0,0,0,0,0,0,0,0,0,0,0
250929-065e1768-7583-4eb3-90f0-4d16f62a0d19,さめ1205,105447339,11,1,1,2600,2600,2600,15,15,0,1,0,0,1,0,0,1,1000,1000,0,0,1,5,5,1,1,0,9,0,15,0,1,0,0,0,0,0,0,0,0,0,0,0,0,0,0,0,0,0,0,0,0,0,0,0,0,0,0,0,0,0,0,0,0,0,0,0,0,0,0,0,0,0,0,0,0,0,0,0,0,0,0,0,0,0,0,0,0,0,0,0
250929-065e1768-7583-4eb3-90f0-4d16f62a0d19,SaRa,72014327,11,1,2,13100,6550,12000,28,14,2,0,0,0,3,0,1,1,3900,3900,1,0,2,11,5.5,1,2,0,4,1,6,1,1,0,0,0,0,1,0,0,0,0,0,0,0,0,0,0,0,0,0,0,0,0,0,0,0,0,0,0,0,0,0,0,0,0,0,0,0,0,0,0,0,0,0,0,0,0,0,0,0,0,0,0,0,0,0,0,0,0,0,0
250929-2f3a2d5f-c4d7-4b6f-a354-0f9794a014bb,さめ1205,105447339,14,2,4,18400,4600,7700,50,12.5,1,3,0,0,0,2,1,1,1500,1500,0,0,2,8,4,1,2,0,11,3,25,0,1,0,1,0,0,0,0,0,0,0,0,0,0,0,0,0,0,0,0,2,0,0,0,0,0,0,0,0,0,0,0,0,0,0,0,0,0,0,0,0,0,0,0,0,0,0,0,0,0,0,0,0,0,0,0,0,0,0,0,0
250929-2f3a2d5f-c4d7-4b6f-a354-0f9794a014bb,ルート12345,71218983,14,4,3,11500,3833,8000,34,11.3,0,3,0,0,0,2,0,3,16700,5567,0,0,4,46,11.5,1,3,1,4,2,9,0,1,0,0,0,0,0,0,0,1,0,0,0,0,0,0,0,0,0,0,1,0,0,0,0,0,0,0,0,0,0,0,0,0,0,0,0,0,0,0,0,0,0,0,0,0,0,0,0,0,0,0,0,0,0,0,0,0,0,0,0
250929-2f3a2d5f-c4d7-4b6f-a354-0f9794a014bb,SaRa,72014327,14,1,1,1000,1000,1000,6,6,0,1,0,0,0,0,0,4,19100,4775,0,1,1,9,9,0,1,0,3,1,6,0,0,0,0,0,0,0,1,0,0,0,0,0,0,0,0,0,0,0,0,0,0,0,0,0,0,0,0,0,0,0,0,0,0,0,0,0,0,0,0,0,0,0,0,0,0,0,0,0,0,0,0,0,0,0,0,0,0,0,0,0
250929-2f3a2d5f-c4d7-4b6f-a354-0f9794a014bb,suzuken3,74756413,14,2,5,18300,3660,8000,67,13.4,3,2,1,0,2,2,0,1,1000,1000,0,0,1,15,15,1,1,0,6,3,10,1,1,0,0,0,0,0,2,0,0,0,1,1,2,0,0,0,0,0,0,0,0,0,0,0,0,0,0,0,1,0,0,0,0,0,0,0,0,0,0,0,0,0,0,0,0,0,0,0,0,0,0,0,0,0,0,0,0,0,0,0
250929-36779246-739e-49b6-9569-b1507939a213,HARUBOKKURl,69199453,10,3,2,17200,8600,12000,19,9.5,0,2,0,0,2,2,0,2,3300,1650,0,1,1,7,7,1,1,0,4,1,4,0,1,0,0,0,0,0,0,1,0,0,0,0,0,0,0,0,0,0,0,1,0,0,0,0,0,0,0,0,0,0,0,0,0,0,0,0,0,0,0,0,0,0,0,0,0,0,0,0,0,0,0,0,0,0,0,0,0,0,0,0
250929-36779246-739e-49b6-9569-b1507939a213,にへぴ,102677127,10,1,2,13000,6500,12000,22,11,0,2,0,0,3,1,1,0,0,,0,0,1,13,13,1,1,0,5,1,5,0,1,0,0,0,0,0,0,0,1,0,0,0,0,0,0,0,0,0,0,0,0,0,0,0,0,0,0,0,0,0,0,0,0,0,0,0,0,0,0,0,0,0,0,0,0,0,0,0,0,0,0,0,0,0,0,0,0,0,0,0
250929-36779246-739e-49b6-9569-b1507939a213,ひつじ04,69255735,10,1,2,13300,6650,12000,31,15.5,1,1,0,0,0,2,0,4,12700,3175,0,0,2,26,13,2,2,0,2,0,2,1,2,0,0,1,0,0,0,0,0,0,0,1,1,0,0,0,0,0,0,0,0,0,0,0,0,0,0,0,0,0,0,0,0,0,0,0,0,0,0,0,0,0,0,0,0,0,0,0,0,0,0,0,0,0,0,0,0,0,0,0
250929-36779246-739e-49b6-9569-b1507939a213,さめ1205,105447339,10,1,3,8500,2833,3900,36,12,0,3,0,0,2,1,1,2,24000,12000,0,0,1,9,9,1,1,0,9,2,17,0,1,0,0,0,0,0,0,0,1,1,0,0,0,0,0,0,0,0,0,0,0,0,0,0,0,0,0,0,0,0,0,0,0,0,0,0,0,0,0,0,0,0,0,0,0,0,0,0,0,0,0,0,0,0,0,0,0,0,0,0
250929-4c3dd540-f89b-4745-9001-ab645cd6826b,kotetsu0422,68590027,13,3,4,14800,3700,7700,48,12,2,2,1,0,0,2,0,0,0,,0,0,2,14,7,1,2,0,6,2,9,1,1,0,0,0,0,0,0,0,0,0,3,0,2,0,0,0,0,0,0,0,0,0,0,0,0,0,0,0,1,0,0,0,0,0,0,0,0,0,0,0,0,0,0,0,0,0,0,0,0,0,0,0,0,0,0,0,0,0,0,0
250929-4c3dd540-f89b-4745-9001-ab645cd6826b,suzuken3,74756413,13,1,1,4000,4000,4000,18,18,1,0,0,0,1,1,0,3,12600,4200,0,0,2,25,12.5,0,1,1,6,1,8,0,0,0,0,0,0,0,0,0,0,0,1,0,0,0,0,0,0,0,0,0,0,0,0,0,0,0,0,0,0,0,0,0,0,0,0,0,0,0,0,0,0,0,0,0,0,0,0,0,0,0,0,0,0,0,0,0,0,0,0,0
250929-4c3dd540-f89b-4745-9001-ab645cd6826b,ルート12345,71218983,13,2,5,30100,6020,12000,54,10.8,2,3,0,0,1,5,2,0,0,,0,0,3,27,9,3,2,1,5,2,7,2,3,0,0,0,0,0,0,0,0,1,1,0,2,0,0,0,0,0,0,0,0,0,0,0,0,0,0,0,1,0,0,0,0,0,0,0,0,0,0,0,0,0,0,0,0,0,0,0,0,0,0,0,0,0,0,0,0,0,0,0
250929-4c3dd540-f89b-4745-9001-ab645cd6826b,ちたーふ,68331919,13,2,0,0,,,0,,0,0,0,0,0,0,0,2,8100,4050,2,0,4,35,8.8,0,4,0,3,0,5,0,0,0,0,0,0,0,0,0,0,0,0,0,0,0,0,0,0,0,0,0,0,0,0,0,0,0,0,0,0,0,0,0,0,0,0,0,0,0,0,0,0,0,0,0,0,0,0,0,0,0,0,0,0,0,0,0,0,0,0,0
250929-57874d20-b520-40d3-836c-a61f6f541cc5,ひつじ04,69255735,8,1,3,21100,7033,12000,40,13.3,2,1,0,0,1,0,2,0,0,,0,0,2,16,8,2,1,1,1,1,2,2,2,0,0,0,0,1,0,0,0,0,0,1,2,0,0,0,0,0,0,0,0,0,0,0,0,1,0,0,1,0,0,0,0,0,0,0,0,0,0,0,0,0,0,0,0,0,0,0,0,0,0,0,0,0,0,0,0,0,0,0
250929-57874d20-b520-40d3-836c-a61f6f541cc5,ちたーふ,68331919,8,1,3,26400,8800,12000,37,12.3,2,1,1,0,3,1,1,0,0,,0,0,2,20,10,2,2,0,0,0,0,2,2,0,0,0,0,0,0,0,0,0,0,0,1,0,1,0,0,0,0,0,0,0,0,1,0,0,0,0,1,0,0,0,0,0,0,0,0,0,0,0,0,0,0,0,0,0,0,0,0,0,0,0,0,0,0,0,0,0,0,0
250929-57874d20-b520-40d3-836c-a61f6f541cc5,kotetsu0422,68590027,8,1,1,8000,8000,8000,17,17,1,0,0,0,0,1,0,1,2000,2000,0,0,1,8,8,0,1,0,5,1,8,0,0,0,0,0,0,0,0,0,0,0,0,0,0,0,0,0,0,0,0,1,0,0,0,0,0,1,0,0,0,0,0,0,0,0,0,0,0,0,0,0,0,0,0,0,0,0,0,0,0,0,0,0,0,0,0,0,0,0,0,0
250929-57874d20-b520-40d3-836c-a61f6f541cc5,ルート12345,71218983,8,1,1,2000,2000,2000,6,6,0,1,0,0,0,0,0,2,10300,5150,0,0,0,0,,0,0,0,3,1,4,0,0,0,0,0,0,1,1,0,0,0,0,0,0,0,0,0,0,0,0,0,0,0,0,0,0,0,0,0,0,0,0,0,0,0,0,0,0,0,0,0,0,0,0,0,0,0,0,0,0,0,0,0,0,0,0,0,0,0,0,0
250929-b2b32863-66c0-41dd-8c47-48371992c327,さめ1205,105447339,14,2,1,3900,3900,3900,18,18,0,1,0,0,0,1,0,5,25100,5020,0,0,0,0,,0,0,0,12,1,26,0,0,0,0,0,0,0,0,0,0,0,1,0,0,0,0,0,0,0,0,0,0,0,0,0,0,0,0,0,0,0,0,0,0,0,0,0,0,0,0,0,0,0,0,0,0,0,0,0,0,0,0,0,0,0,0,0,0,0,0,0
250929-b2b32863-66c0-41dd-8c47-48371992c327,こりまる。,108266073,14,3,6,35600,5933,12000,93,15.5,2,4,2,0,3,3,2,2,15900,7950,1,0,4,53,13.3,2,2,2,2,2,2,1,2,0,0,0,0,0,0,1,0,0,1,0,2,0,0,1,0,0,0,0,0,0,0,1,1,0,0,0,0,0,0,0,0,0,0,0,0,0,0,0,0,0,0,0,0,0,0,0,0,0,0,0,0,0,0,0,0,0,0,0
250929-b2b32863-66c0-41dd-8c47-48371992c327,ちたーふ,68331919,14,3,2,10700,5350,7800,28,14,1,1,0,0,0,1,0,2,15400,7700,1,0,5,65,13,1,5,0,4,1,4,1,1,0,0,0,0,0,1,0,0,0,1,0,1,0,0,0,0,0,0,0,0,0,0,0,0,0,0,0,0,0,0,0,0,0,0,0,0,0,0,0,0,0,0,0,0,0,0,0,0,0,0,0,0,0,0,0,0,0,0,0
250929-b2b32863-66c0-41dd-8c47-48371992c327,Kasumisou,69812091,14,2,5,33000,6600,12000,68,13.6,1,4,0,0,2,4,1,0,0,,0,0,6,66,11,3,3,3,4,2,5,0,3,0,0,0,1,1,0,0,0,1,1,0,1,0,0,0,0,0,0,0,0,0,0,0,0,1,0,0,0,0,0,0,0,0,0,0,0,0,0,0,0,0,0,0,0,0,0,0,0,0,0,0,0,0,0,0,0,0,0,0
250929-58158fd9-7453-4c75-8bce-adf4cecc3a61,ルート12345,71218983,11,2,4,17600,4400,5800,40,10,1,3,1,0,1,3,0,2,4900,2450,0,1,2,16,8,2,2,0,2,1,4,1,2,0,0,0,0,0,1,0,0,0,1,0,2,0,0,0,0,0,0,0,0,0,0,0,0,0,0,0,1,0,0,0,0,0,0,0,0,0,0,0,0,0,0,0,0,0,0,0,0,0,0,0,0,0,0,0,0,0,0,0
250929-58158fd9-7453-4c75-8bce-adf4cecc3a61,kotetsu0422,68590027,11,1,1,7700,7700,7700,9,9,0,1,0,0,0,0,1,2,7800,3900,0,0,4,39,9.8,1,1,3,1,0,2,0,1,0,0,0,0,0,0,0,0,0,0,0,1,0,0,0,0,0,0,0,0,0,0,0,0,0,0,0,1,0,0,0,0,0,0,0,0,0,0,0,0,0,0,0,0,0,0,0,0,0,0,0,0,0,0,0,0,0,0,0
250929-58158fd9-7453-4c75-8bce-adf4cecc3a61,ねこぜ7272,106334717,11,3,3,19800,6600,12000,29,9.7,2,1,0,0,1,2,0,0,0,,0,0,3,21,7,2,2,1,1,1,1,2,2,0,0,0,0,0,0,0,1,0,0,0,2,0,0,0,0,0,0,0,0,0,0,0,0,0,0,0,1,0,0,0,0,0,0,0,0,0,0,0,0,0,0,0,0,0,0,0,0,0,0,0,0,0,0,0,0,0,0,0
250929-58158fd9-7453-4c75-8bce-adf4cecc3a61,クロミです,105506555,11,1,3,13000,4333,8000,38,12.7,2,1,0,0,1,1,2,2,13500,6750,1,0,4,33,8.3,2,3,1,3,1,5,2,2,0,0,0,0,0,1,0,0,0,0,0,0,0,0,0,0,0,0,0,0,0,0,0,0,0,0,0,0,0,0,0,0,0,0,0,0,0,0,0,0,0,0,0,0,0,0,0,0,0,0,0,0,0,0,0,0,0,0,0
250929-25580f93-18b9-4a58-9ceb-ad5cd3015979,ちたーふ,68331919,10,2,3,25200,8400,12000,49,16.3,0,3,0,0,1,1,2,0,0,,0,0,2,24,12,2,2,0,2,1,3,0,2,0,0,0,0,0,0,1,1,0,1,0,0,1,0,0,0,0,0,0,0,0,0,0,0,1,0,0,0,0,0,0,0,0,0,0,0,0,0,0,0,0,0,0,0,0,0,0,0,0,0,0,0,0,0,0,0,0,0,0
250929-25580f93-18b9-4a58-9ceb-ad5cd3015979,こりまる。,108266073,10,2,4,35900,8975,12000,52,13,2,2,0,0,2,4,4,1,7700,7700,0,0,3,26,8.7,3,3,0,5,1,7,2,3,0,0,0,0,0,0,0,2,2,0,0,0,0,0,0,0,0,0,0,0,0,0,0,0,0,0,0,0,0,0,0,0,0,0,0,0,0,0,0,0,0,0,0,0,0,0,0,0,0,0,0,0,0,0,0,0,0,0,0
250929-25580f93-18b9-4a58-9ceb-ad5cd3015979,SaRa,72014327,10,1,1,2600,2600,2600,12,12,0,1,0,0,0,0,1,4,25100,6275,1,2,2,20,10,1,2,0,0,0,0,0,1,0,0,0,0,0,0,0,0,0,0,0,0,0,0,0,0,0,0,0,0,0,0,0,0,0,0,0,0,0,0,0,0,0,0,0,0,0,0,0,0,0,0,0,0,0,0,0,0,0,0,0,0,0,0,0,0,0,0,0
250929-25580f93-18b9-4a58-9ceb-ad5cd3015979,suzuken3,74756413,10,1,2,10400,5200,7700,18,9,1,1,0,0,0,3,0,2,14600,7300,0,0,1,6,6,1,1,0,4,1,5,1,1,0,0,0,0,0,0,0,0,0,1,0,0,0,0,0,0,0,0,0,0,0,0,0,0,0,0,0,0,0,0,0,0,0,0,0,0,0,0,0,0,0,0,0,0,0,0,0,0,0,0,0,0,0,0,0,0,0,0,0
250929-86751fca-6846-4b5e-8805-fb2879076a3e,閄くん,102172268,10,2,3,19600,6533,8000,30,10,1,2,0,0,5,2,0,1,2000,2000,0,0,1,7,7,1,1,0,6,2,7,1,1,0,0,0,0,0,0,0,0,0,2,0,0,0,0,0,0,0,0,0,0,0,0,0,0,0,0,0,1,0,0,0,0,0,0,0,0,0,0,0,0,0,0,0,0,0,0,0,0,0,0,0,0,0,0,0,0,0,0,0
250929-86751fca-6846-4b5e-8805-fb2879076a3e,ちたーふ,68331919,10,1,0,0,,,0,,0,0,0,0,0,0,0,1,3900,3900,0,1,0,0,,0,0,0,2,0,2,0,0,0,0,0,0,0,0,0,0,0,0,0,0,0,0,0,0,0,0,0,0,0,0,0,0,0,0,0,0,0,0,0,0,0,0,0,0,0,0,0,0,0,0,0,0,0,0,0,0,0,0,0,0,0,0,0,0,0,0,0
250929-86751fca-6846-4b5e-8805-fb2879076a3e,クロミです,105506555,10,2,2,3100,1550,2000,19,9.5,1,1,0,0,0,0,0,1,6400,6400,1,0,1,15,15,0,1,0,3,2,3,0,0,0,0,0,0,0,0,1,0,0,0,0,0,0,0,1,0,0,0,0,0,0,0,0,0,0,0,0,0,0,0,0,0,0,0,0,0,0,0,0,0,0,0,0,0,0,0,0,0,0,0,0,0,0,0,0,0,0,0,0
250929-86751fca-6846-4b5e-8805-fb2879076a3e,kotetsu0422,68590027,10,1,4,22800,5700,8000,57,14.3,2,2,1,0,4,1,1,2,9700,4850,0,0,2,19,9.5,2,2,0,2,1,3,2,2,0,0,0,0,0,0,0,0,0,0,0,0,0,1,0,0,0,0,0,0,0,0,2,0,0,0,0,0,0,0,0,0,0,0,0,0,0,0,0,0,0,0,0,0,0,0,0,0,0,0,0,0,0,0,0,0,0,0,0
250929-b8c95b66-5994-48f4-b47f-c25bf7047ab8,ちたーふ,68331919,12,3,3,19700,6567,11600,33,11,0,3,0,0,3,2,0,0,0,,0,0,1,11,11,1,1,0,4,2,5,0,1,0,0,0,0,0,1,0,0,0,2,0,0,0,0,0,0,0,0,0,0,0,0,0,0,0,0,0,0,0,0,0,0,0,0,0,0,0,0,0,0,0,0,0,0,0,0,0,0,0,0,0,0,0,0,0,0,0,0,0
250929-b8c95b66-5994-48f4-b47f-c25bf7047ab8,閄くん,102172268,12,2,4,17700,4425,11700,53,13.3,2,2,0,0,2,1,0,2,15500,7750,1,0,2,27,13.5,1,1,1,6,3,8,1,1,0,0,0,0,0,1,1,0,0,0,0,0,1,0,1,0,0,0,0,0,0,0,0,0,0,0,0,0,0,0,0,0,0,0,0,0,0,0,0,0,0,0,0,0,0,0,0,0,0,0,0,0,0,0,0,0,0,0,0
250929-b8c95b66-5994-48f4-b47f-c25bf7047ab8,kotetsu0422,68590027,12,1,1,3900,3900,3900,17,17,0,1,0,0,0,0,1,2,5800,2900,0,0,2,18,9,1,2,0,6,0,9,0,1,0,0,0,0,0,0,0,0,0,0,0,1,0,0,0,0,0,0,0,0,0,0,0,0,0,0,0,0,0,0,0,0,0,0,0,0,0,0,0,0,0,0,0,0,0,0,0,0,0,0,0,0,0,0,0,0,0,0,0
250929-b8c95b66-5994-48f4-b47f-c25bf7047ab8,クロミです,105506555,12,1,3,31900,10633,12000,37,12.3,3,0,0,0,3,3,2,2,7200,3600,0,0,4,38,9.5,3,4,0,4,0,4,3,3,0,0,0,0,0,0,0,0,0,0,0,2,0,0,0,0,0,0,0,0,0,0,0,0,0,0,0,1,0,0,0,0,0,0,0,0,0,0,0,0,0,0,0,0,0,0,0,0,0,0,0,0,0,0,0,0,0,0,0
