ゲームID,名前,内部ID,局数,最大連荘数,和了数,和了点合計,和了点平均,最高和了点,和了巡目合計,和了巡目平均,ツモ和了,ロン和了,ダマ和了,役満和了,ドラ,赤ドラ,裏ドラ,放銃数,放銃点合計,放銃点平均,立直後放銃,宣言牌放銃,立直数,立直巡目合計,立直巡目平均,立直和了,先制立直,追っかけ立直,副露局数,副露和了,副露回数,門前清自摸和,立直,槍槓,嶺上開花,海底摸月,河底撈魚,役牌 白,役牌 發,役牌 中,役牌:自風牌,役牌:場風牌,断幺九,一盃口,平和,混全帯幺九,一気通貫,三色同順,ダブル立直,三色同刻,三槓子,対々和,三暗刻,小三元,混老頭,七対子,純全帯幺九,混一色,二盃口,清一色,一発,天和,地和,大三元,四暗刻,字一色,緑一色,清老頭,国士無双,小四喜,四槓子,九蓮宝燈,八連荘,純正九蓮宝燈,四暗刻単騎,国士無双十三面待ち,大四喜,燕返し,槓振り,十二落抬,五門斉,三連刻,一色三順,一筒摸月,九筒撈魚,人和,大車輪,大竹林,大数隣,石の上にも三年,大七星,その他の役
251101-6cac305d-a1d2-443d-a7f0-2620e908e7d5,kotetsu0422,68590027,9,1,1,8000,8000,8000,10,10,1,0,0,0,0,2,0,5,22600,4520,1,0,2,18,9,1,1,1,1,0,1,1,1,0,0,0,0,0,0,0,0,0,0,0,0,0,0,0,0,0,0,0,0,0,0,0,0,0,0,0,0,0,0,0,0,0,0,0,0,0,0,0,0,0,0,0,0,0,0,0,0,0,0,0,0,0,0,0,0,0,0,0
251101-6cac305d-a1d2-443d-a7f0-2620e908e7d5,クロミです,105506555,9,1,2,13200,6600,8000,22,11,1,1,0,0,3,1,0,0,0,,0,0,3,29,9.7,1,1,2,4,1,6,0,1,0,0,0,0,0,0,0,1,0,0,0,0,0,0,0,0,0,0,0,0,0,0,0,0,0,0,0,1,0,0,0,0,0,0,0,0,0,0,0,0,0,0,0,0,0,0,0,0,0,0,0,0,0,0,0,0,0,0,0
251101-6cac305d-a1d2-443d-a7f0-2620e908e7d5,ちたーふ,68331919,9,2,2,7100,3550,5800,18,9,0,2,0,0,1,1,0,0,0,,0,0,2,14,7,1,2,0,3,1,3,0,1,0,0,0,0,0,0,0,1,0,0,0,0,0,0,0,0,0,0,0,0,0,0,0,0,0,0,0,0,0,0,0,0,0,0,0,0,0,0,0,0,0,0,0,0,0,0,0,0,0,0,0,0,0,0,0,0,0,0,0
251101-6cac305d-a1d2-443d-a7f0-2620e908e7d5,瀬田~Set4Fi1~,101374886,9,1,4,13600,3400,8000,57,14.3,1,3,0,0,1,1,0,1,1300,1300,0,0,1,10,10,1,0,1,5,3,7,0,1,0,0,0,0,2,0,1,0,0,1,0,0,1,0,0,0,0,0,0,0,0,0,0,0,0,0,0,0,0,0,0,0,0,0,0,0,0,0,0,0,0,0,0,0,0,0,0,0,0,0,0,0,0,0,0,0,0,0,0
251102-5a86ffd4-f579-4a73-a081-44f77a1c5434,かつどん3242,103377233,10,2,5,35200,7040,18000,60,12,1,4,1,0,3,2,0,2,14600,7300,2,0,4,41,10.3,2,2,2,3,2,4,1,2,0,0,0,0,1,0,0,0,1,1,0,1,0,0,1,0,0,0,0,0,0,0,0,0,0,0,0,2,0,0,0,0,0,0,0,0,0,0,0,0,0,0,0,0,0,0,0,0,0,0,0,0,0,0,0,0,0,0,0
251102-5a86ffd4-f579-4a73-a081-44f77a1c5434,琴音04,101333044,10,1,1,12000,12000,12000,16,16,0,1,0,0,1,0,1,2,4200,2100,0,0,3,24,8,1,3,0,3,0,4,0,1,0,0,0,0,0,0,0,0,0,1,0,0,0,0,1,0,0,0,0,0,0,0,0,0,0,0,0,0,0,0,0,0,0,0,0,0,0,0,0,0,0,0,0,0,0,0,0,0,0,0,0,0,0,0,0,0,0,0,0
251102-5a86ffd4-f579-4a73-a081-44f77a1c5434,那遊多,104380037,10,1,2,10600,5300,8000,20,10,1,1,0,0,0,0,0,4,32200,8050,1,1,3,26,8.7,2,2,1,0,0,0,1,2,0,0,0,0,0,0,0,0,0,2,0,1,0,0,0,0,0,0,0,0,0,0,0,0,0,0,0,1,0,0,0,0,0,0,0,0,0,0,0,0,0,0,0,0,0,0,0,0,0,0,0,0,0,0,0,0,0,0,0
251102-5a86ffd4-f579-4a73-a081-44f77a1c5434,瀬田~Set4Fi1~,101374886,10,1,2,13200,6600,8000,18,9,0,2,0,0,1,1,0,0,0,,0,0,2,14,7,2,1,1,2,0,4,0,2,0,0,0,0,0,0,0,0,0,0,0,0,0,0,1,0,0,0,0,0,0,0,0,0,0,0,0,1,0,0,0,0,0,0,0,0,0,0,0,0,0,0,0,0,0,0,0,0,0,0,0,0,0,0,0,0,0,0,0
251102-dd4f7acd-4ad1-45c7-bede-80fc42fded24,ちたーふ,68331919,11,1,1,8000,8000,8000,6,6,1,0,0,0,1,2,0,4,30800,7700,0,1,1,12,12,0,1,0,3,1,3,0,0,0,0,0,0,0,0,1,0,0,0,0,0,0,0,0,0,0,0,0,0,0,0,0,0,0,0,0,0,0,0,0,0,0,0,0,0,0,0,0,0,0,0,0,0,0,0,0,0,0,0,0,0,0,0,0,0,0,0,0
251102-dd4f7acd-4ad1-45c7-bede-80fc42fded24,かつどん3242,103377233,11,1,3,21000,7000,12000,36,12,1,2,0,0,2,3,1,1,2900,2900,0,0,2,20,10,2,1,1,2,1,3,1,2,0,0,0,0,0,1,0,0,0,0,0,2,0,0,0,0,0,0,0,0,0,0,0,0,0,0,0,0,0,0,0,0,0,0,0,0,0,0,0,0,0,0,0,0,0,0,0,0,0,0,0,0,0,0,0,0,0,0,0
251102-dd4f7acd-4ad1-45c7-bede-80fc42fded24,那遊多,104380037,11,2,5,35700,7140,12000,52,10.4,0,5,0,0,5,3,1,0,0,,0,0,1,8,8,1,1,0,6,4,11,0,1,0,0,0,0,1,1,0,1,0,2,0,1,0,0,1,0,0,0,1,0,0,0,0,0,0,0,0,1,0,0,0,0,0,0,0,0,0,0,0,0,0,0,0,0,0,0,0,0,0,0,0,0,0,0,0,0,0,0,0
251102-dd4f7acd-4ad1-45c7-bede-80fc42fded24,瀬田~Set4Fi1~,101374886,11,2,1,2900,2900,2900,14,14,0,1,0,0,0,0,0,3,13900,4633,1,0,2,21,10.5,0,1,1,2,1,3,0,0,0,0,0,0,0,0,0,1,1,0,0,0,0,0,0,0,0,0,0,0,0,0,0,0,0,0,0,0,0,0,0,0,0,0,0,0,0,0,0,0,0,0,0,0,0,0,0,0,0,0,0,0,0,0,0,0,0,0,0
251102-1d8d9744-6c0a-479d-b2b3-44b6a78bc88c,かつどん3242,103377233,12,3,5,25800,5160,11700,70,14,3,2,0,0,2,3,0,1,7700,7700,0,0,4,38,9.5,2,4,0,3,3,4,2,2,0,0,0,0,1,1,0,0,0,1,0,1,0,0,0,0,0,0,0,0,0,0,0,0,0,0,0,2,0,0,0,0,0,0,0,0,0,0,0,0,0,0,0,0,0,0,0,0,0,0,0,0,0,0,0,0,0,0,0
251102-1d8d9744-6c0a-479d-b2b3-44b6a78bc88c,ちたーふ,68331919,12,1,2,8700,4350,7700,28,14,0,2,0,0,0,1,1,0,0,,0,0,2,21,10.5,1,2,0,3,1,3,0,1,0,0,0,0,0,0,0,0,0,1,0,1,0,0,0,0,0,0,0,0,0,0,0,0,0,0,0,0,0,0,0,0,0,0,0,0,0,0,0,0,0,0,0,0,0,0,0,0,0,0,0,0,0,0,0,0,0,0,0
251102-1d8d9744-6c0a-479d-b2b3-44b6a78bc88c,瀬田~Set4Fi1~,101374886,12,1,1,5200,5200,5200,12,12,1,0,0,0,0,0,0,3,13600,4533,1,1,2,27,13.5,0,1,1,3,1,6,0,0,0,0,0,0,1,0,0,0,0,0,0,0,0,0,0,0,0,0,1,0,0,0,0,0,0,0,0,0,0,0,0,0,0,0,0,0,0,0,0,0,0,0,0,0,0,0,0,0,0,0,0,0,0,0,0,0,0,0,0
251102-1d8d9744-6c0a-479d-b2b3-44b6a78bc88c,那遊多,104380037,12,3,4,43400,10850,12000,40,10,3,1,0,0,7,3,1,1,1000,1000,0,0,2,16,8,2,2,0,6,2,14,2,2,0,0,0,0,0,0,0,1,1,1,0,1,0,0,0,0,0,0,0,0,0,0,0,0,0,0,0,0,0,0,0,0,0,0,0,0,0,0,0,0,0,0,0,0,0,0,0,0,0,0,0,0,0,0,0,0,0,0,0
251102-8df4b76b-62b8-4bdb-a2e6-0a63322b6641,クロミです,105506555,12,3,2,5600,2800,3000,34,17,1,1,0,0,0,1,0,1,2000,2000,0,0,4,41,10.3,1,2,2,3,1,4,0,1,0,0,0,1,0,0,0,0,0,1,0,0,0,0,0,0,0,0,0,0,0,0,0,0,0,0,0,0,0,0,0,0,0,0,0,0,0,0,0,0,0,0,0,0,0,0,0,0,0,0,0,0,0,0,0,0,0,0,0
251102-8df4b76b-62b8-4bdb-a2e6-0a63322b6641,岡崎犬,73609886,12,1,1,4000,4000,4000,8,8,1,0,0,0,0,1,0,1,11600,11600,0,0,2,17,8.5,0,2,0,4,1,7,0,0,0,0,0,0,0,1,0,0,0,0,0,0,0,0,1,0,0,0,0,0,0,0,0,0,0,0,0,0,0,0,0,0,0,0,0,0,0,0,0,0,0,0,0,0,0,0,0,0,0,0,0,0,0,0,0,0,0,0,0
251102-8df4b76b-62b8-4bdb-a2e6-0a63322b6641,那遊多,104380037,12,1,2,12000,6000,8000,19,9.5,2,0,0,0,4,0,0,1,1000,1000,0,0,1,8,8,1,1,0,3,1,5,1,1,0,0,0,0,0,0,0,0,0,1,0,1,0,0,0,0,0,0,0,0,0,0,0,0,0,0,0,0,0,0,0,0,0,0,0,0,0,0,0,0,0,0,0,0,0,0,0,0,0,0,0,0,0,0,0,0,0,0,0
251102-8df4b76b-62b8-4bdb-a2e6-0a63322b6641,瀬田~Set4Fi1~,101374886,12,3,5,24500,4900,11600,63,12.6,2,3,1,0,1,0,0,1,2600,2600,0,0,3,27,9,2,2,1,2,2,2,2,2,0,0,0,0,0,1,0,1,1,0,1,2,0,0,0,0,0,0,0,0,0,0,0,0,0,0,0,1,0,0,0,0,0,0,0,0,0,0,0,0,0,0,0,0,0,0,0,0,0,0,0,0,0,0,0,0,0,0,0
251102-aac82332-90ac-4fe9-b5f4-ae84b0e6181c,那遊多,104380037,10,1,1,2000,2000,2000,14,14,0,1,0,0,0,0,0,4,17800,4450,0,1,1,12,12,1,1,0,2,0,3,0,1,0,0,0,0,0,0,0,0,0,0,0,1,0,0,0,0,0,0,0,0,0,0,0,0,0,0,0,0,0,0,0,0,0,0,0,0,0,0,0,0,0,0,0,0,0,0,0,0,0,0,0,0,0,0,0,0,0,0,0
251102-aac82332-90ac-4fe9-b5f4-ae84b0e6181c,ちたーふ,68331919,10,2,2,15500,7750,11600,20,10,0,2,0,0,2,2,0,0,0,,0,0,0,0,,0,0,0,4,2,5,0,0,0,0,0,0,1,0,0,1,1,0,0,0,0,0,0,0,0,0,0,0,0,0,0,0,0,0,0,0,0,0,0,0,0,0,0,0,0,0,0,0,0,0,0,0,0,0,0,0,0,0,0,0,0,0,0,0,0,0,0
251102-aac82332-90ac-4fe9-b5f4-ae84b0e6181c,クロミです,105506555,10,2,6,37300,6217,12000,67,11.2,3,3,3,0,5,3,1,0,0,,0,0,2,11,5.5,2,2,0,3,1,4,2,2,0,0,0,0,1,0,0,0,0,1,0,1,0,0,0,0,0,0,0,0,0,0,2,0,0,0,0,1,0,0,0,0,0,0,0,0,0,0,0,0,0,0,0,0,0,0,0,0,0,0,0,0,0,0,0,0,0,0,0
251102-aac82332-90ac-4fe9-b5f4-ae84b0e6181c,suzuken3,74756413,10,1,1,1000,1000,1000,11,11,0,1,0,0,0,0,0,3,10000,3333,1,0,1,3,3,0,0,1,6,1,7,0,0,0,0,0,0,0,1,0,0,0,0,0,0,0,0,0,0,0,0,0,0,0,0,0,0,0,0,0,0,0,0,0,0,0,0,0,0,0,0,0,0,0,0,0,0,0,0,0,0,0,0,0,0,0,0,0,0,0,0,0
251102-1614f03d-acd4-44d0-abfb-ec41afa1b959,ちたーふ,68331919,10,1,3,19800,6600,8000,20,6.7,2,1,0,0,2,3,0,1,2600,2600,0,0,2,13,6.5,1,2,0,2,2,3,1,0,0,0,0,0,0,0,0,0,0,2,0,0,0,0,1,1,0,0,0,0,0,0,0,0,0,0,0,0,0,0,0,0,0,0,0,0,0,0,0,0,0,0,0,0,0,0,0,0,0,0,0,0,0,0,0,0,0,0,0
251102-1614f03d-acd4-44d0-abfb-ec41afa1b959,ひつじ04,69255735,10,2,3,29900,9967,18000,26,8.7,1,2,1,0,4,1,1,0,0,,0,0,2,16,8,1,2,0,2,1,3,1,1,0,0,0,0,1,0,0,0,0,0,0,0,1,0,1,0,0,0,0,0,0,0,0,0,0,0,0,0,0,0,0,0,0,0,0,0,0,0,0,0,0,0,0,0,0,0,0,0,0,0,0,0,0,0,0,0,0,0,0
251102-1614f03d-acd4-44d0-abfb-ec41afa1b959,suzuken3,74756413,10,1,1,2600,2600,2600,9,9,0,1,1,0,0,0,0,0,0,,0,0,1,7,7,0,1,0,1,0,1,0,0,0,0,0,0,0,0,0,0,0,1,1,0,0,0,0,0,0,0,0,0,0,0,0,0,0,0,0,0,0,0,0,0,0,0,0,0,0,0,0,0,0,0,0,0,0,0,0,0,0,0,0,0,0,0,0,0,0,0,0
251102-1614f03d-acd4-44d0-abfb-ec41afa1b959,那遊多,104380037,10,1,1,7900,7900,7900,16,16,1,0,0,0,0,1,0,3,15800,5267,0,0,2,26,13,1,1,1,5,0,8,1,1,0,0,0,0,0,0,0,0,0,1,0,0,0,0,0,0,0,0,0,0,0,0,0,0,0,0,0,0,0,0,0,0,0,0,0,0,0,0,0,0,0,0,0,0,0,0,0,0,0,0,0,0,0,0,0,0,0,0,0
251102-2a8cbf92-bc29-4ccf-a600-7b47dc29cdac,那遊多,104380037,11,2,3,11000,3667,5800,28,9.3,0,3,1,0,0,1,0,3,12300,4100,0,0,2,16,8,1,1,1,2,1,3,0,1,0,0,0,0,0,1,0,0,0,0,1,1,1,0,0,0,0,0,0,0,0,0,0,0,0,0,0,1,0,0,0,0,0,0,0,0,0,0,0,0,0,0,0,0,0,0,0,0,0,0,0,0,0,0,0,0,0,0,0
251102-2a8cbf92-bc29-4ccf-a600-7b47dc29cdac,suzuken3,74756413,11,2,1,5800,5800,5800,15,15,0,1,0,0,1,1,0,0,0,,0,0,1,6,6,0,1,0,4,1,5,0,0,0,0,0,0,0,0,1,0,0,0,0,0,0,0,0,0,0,0,0,0,0,0,0,0,0,0,0,0,0,0,0,0,0,0,0,0,0,0,0,0,0,0,0,0,0,0,0,0,0,0,0,0,0,0,0,0,0,0,0
251102-2a8cbf92-bc29-4ccf-a600-7b47dc29cdac,ちたーふ,68331919,11,2,1,4000,4000,4000,11,11,1,0,0,0,1,0,0,2,5500,2750,0,0,2,5,2.5,1,2,0,4,0,4,1,1,0,0,0,0,0,0,0,0,0,0,0,0,0,0,0,0,0,0,0,0,0,0,0,0,0,0,0,0,0,0,0,0,0,0,0,0,0,0,0,0,0,0,0,0,0,0,0,0,0,0,0,0,0,0,0,0,0,0,0
251102-2a8cbf92-bc29-4ccf-a600-7b47dc29cdac,ひつじ04,69255735,11,1,5,19300,3860,7900,56,11.2,2,3,0,0,0,6,0,2,8400,4200,0,0,3,31,10.3,2,3,0,4,3,7,1,2,0,0,0,0,1,0,0,0,0,3,0,0,0,0,0,0,0,0,0,0,0,0,0,0,0,0,0,0,0,0,0,0,0,0,0,0,0,0,0,0,0,0,0,0,0,0,0,0,0,0,0,0,0,0,0,0,0,0,0
251102-7b048e50-9e97-47e2-8416-8f7dbc9c96a5,ひつじ04,69255735,8,1,3,21000,7000,12000,30,10,0,3,1,0,5,1,1,2,8700,4350,0,0,2,16,8,2,2,0,1,0,2,0,2,0,0,0,0,0,0,0,0,0,2,1,0,0,0,0,0,0,0,0,0,0,0,0,0,0,0,0,0,0,0,0,0,0,0,0,0,0,0,0,0,0,0,0,0,0,0,0,0,0,0,0,0,0,0,0,0,0,0,0
251102-7b048e50-9e97-47e2-8416-8f7dbc9c96a5,那遊多,104380037,8,1,1,7700,7700,7700,6,6,0,1,1,0,0,2,0,1,1000,1000,0,0,1,10,10,0,1,0,1,0,1,0,0,0,0,0,0,0,0,0,0,0,0,1,1,0,0,0,0,0,0,0,0,0,0,0,0,0,0,0,0,0,0,0,0,0,0,0,0,0,0,0,0,0,0,0,0,0,0,0,0,0,0,0,0,0,0,0,0,0,0,0
251102-7b048e50-9e97-47e2-8416-8f7dbc9c96a5,suzuken3,74756413,8,1,1,1000,1000,1000,9,9,0,1,0,0,0,0,0,1,12000,12000,0,0,0,0,,0,0,0,4,1,6,0,0,0,0,0,0,0,0,1,0,0,0,0,0,0,0,0,0,0,0,0,0,0,0,0,0,0,0,0,0,0,0,0,0,0,0,0,0,0,0,0,0,0,0,0,0,0,0,0,0,0,0,0,0,0,0,0,0,0,0,0
251102-7b048e50-9e97-47e2-8416-8f7dbc9c96a5,ちたーふ,68331919,8,1,3,5700,1900,2700,36,12,2,1,0,0,1,0,0,2,9000,4500,1,0,2,19,9.5,1,2,0,3,2,4,1,1,0,0,0,0,0,0,0,0,1,1,0,1,0,0,0,0,0,0,0,0,0,0,0,0,0,0,0,0,0,0,0,0,0,0,0,0,0,0,0,0,0,0,0,0,0,0,0,0,0,0,0,0,0,0,0,0,0,0,0
251102-8a807c19-d83b-4ae5-85f7-598ce7cb602f,kotetsu0422,68590027,12,2,3,20600,6867,8000,41,13.7,1,2,0,0,1,2,1,0,0,,0,0,3,33,11,2,1,2,2,1,2,1,2,0,0,0,0,1,1,0,0,0,0,0,2,0,0,0,0,0,0,0,0,0,0,0,0,0,0,0,0,0,0,0,0,0,0,0,0,0,0,0,0,0,0,0,0,0,0,0,0,0,0,0,0,0,0,0,0,0,0,0
251102-8a807c19-d83b-4ae5-85f7-598ce7cb602f,　biss,69498125,12,2,2,14700,7350,12000,23,11.5,2,0,0,0,1,1,0,1,8000,8000,0,0,3,26,8.7,1,3,0,2,1,2,1,1,0,0,0,0,0,0,1,0,1,1,0,0,0,0,0,0,0,0,0,0,0,0,0,0,0,0,0,0,0,0,0,0,0,0,0,0,0,0,0,0,0,0,0,0,0,0,0,0,0,0,0,0,0,0,0,0,0,0,0
251102-8a807c19-d83b-4ae5-85f7-598ce7cb602f,ひつじ04,69255735,12,1,2,9100,4550,5200,27,13.5,1,1,1,0,0,2,0,1,4800,4800,0,0,1,11,11,1,1,0,5,0,6,1,1,0,0,0,0,0,0,0,0,0,0,1,1,0,0,0,0,0,0,0,0,0,0,0,0,0,0,0,0,0,0,0,0,0,0,0,0,0,0,0,0,0,0,0,0,0,0,0,0,0,0,0,0,0,0,0,0,0,0,0
251102-8a807c19-d83b-4ae5-85f7-598ce7cb602f,きょーか8,69157106,12,2,3,17100,5700,12000,41,13.7,3,0,0,0,1,1,2,1,3900,3900,0,0,2,20,10,2,2,0,3,1,4,2,2,0,0,0,0,0,1,0,0,0,0,0,0,0,0,0,0,0,0,0,0,0,0,0,0,0,0,0,0,0,0,0,0,0,0,0,0,0,0,0,0,0,0,0,0,0,0,0,0,0,0,0,0,0,0,0,0,0,0,0
251102-26bf2869-76b2-4e3b-8154-c2b120cb9c40,kotetsu0422,68590027,12,3,2,23600,11800,12000,25,12.5,1,1,0,0,2,1,0,3,10200,3400,0,0,2,14,7,1,2,0,4,1,4,1,1,0,0,0,0,0,0,0,0,0,1,0,1,0,1,0,0,0,0,0,0,0,0,0,0,0,0,0,0,0,0,0,0,0,0,0,0,0,0,0,0,0,0,0,0,0,0,0,0,0,0,0,0,0,0,0,0,0,0,0
251102-26bf2869-76b2-4e3b-8154-c2b120cb9c40,クロミです,105506555,12,1,2,8400,4200,5200,26,13,0,2,0,0,0,0,2,0,0,,0,0,3,24,8,2,2,1,2,0,2,0,2,0,0,0,0,0,0,0,0,0,0,1,0,0,0,0,0,0,0,0,0,0,0,0,0,0,0,0,0,0,0,0,0,0,0,0,0,0,0,0,0,0,0,0,0,0,0,0,0,0,0,0,0,0,0,0,0,0,0,0
251102-26bf2869-76b2-4e3b-8154-c2b120cb9c40,ちたーふ,68331919,12,2,2,4900,2450,3900,22,11,1,1,0,0,0,1,0,4,21500,5375,1,0,1,9,9,0,1,0,3,2,5,0,0,0,0,0,0,1,0,0,0,0,0,0,0,0,0,1,0,0,0,0,0,0,0,0,0,0,0,0,0,0,0,0,0,0,0,0,0,0,0,0,0,0,0,0,0,0,0,0,0,0,0,0,0,0,0,0,0,0,0,0
251102-26bf2869-76b2-4e3b-8154-c2b120cb9c40,閄くん,102172268,12,2,6,35900,5983,16000,62,10.3,3,3,0,0,7,1,2,0,0,,0,0,2,17,8.5,2,1,1,7,4,11,2,2,0,0,0,0,0,1,0,0,0,4,0,1,0,0,0,0,0,0,0,0,0,0,0,0,0,0,0,1,0,0,0,0,0,0,0,0,0,0,0,0,0,0,0,0,0,0,0,0,0,0,0,0,0,0,0,0,0,0,0
251102-82fd11a6-9bbe-4180-af31-2f1682912bb3,ちたーふ,68331919,19,5,9,56900,6322,12000,101,11.2,5,4,1,0,5,4,1,2,23600,11800,0,0,6,53,8.8,5,6,0,5,3,8,4,5,0,0,0,0,0,0,1,1,3,1,0,3,0,0,0,0,0,0,0,0,0,0,1,0,0,0,0,0,0,0,0,0,0,0,0,0,0,0,0,0,0,0,0,0,0,0,0,0,0,0,0,0,0,0,0,0,0,0,0
251102-82fd11a6-9bbe-4180-af31-2f1682912bb3,クロミです,105506555,19,1,3,16700,5567,12000,31,10.3,1,2,0,0,0,1,0,4,22300,5575,2,0,4,35,8.8,2,3,1,2,1,4,1,2,0,0,0,0,0,0,0,2,1,0,0,1,0,0,0,0,0,0,0,0,0,0,0,0,1,0,0,0,0,0,0,0,0,0,0,0,0,0,0,0,0,0,0,0,0,0,0,0,0,0,0,0,0,0,0,0,0,0,0
251102-82fd11a6-9bbe-4180-af31-2f1682912bb3,閄くん,102172268,19,4,2,23600,11800,12000,23,11.5,0,2,0,0,5,1,0,3,16000,5333,0,0,4,60,15,1,3,1,10,1,15,0,1,0,0,0,0,0,0,0,0,0,1,0,0,0,0,1,0,0,0,0,0,0,0,0,0,0,0,0,0,0,0,0,0,0,0,0,0,0,0,0,0,0,0,0,0,0,0,0,0,0,0,0,0,0,0,0,0,0,0,0
251102-82fd11a6-9bbe-4180-af31-2f1682912bb3,kotetsu0422,68590027,19,4,2,8700,4350,5800,30,15,0,2,0,0,0,2,0,1,2000,2000,1,0,4,39,9.8,1,3,1,6,1,9,0,1,0,0,0,0,1,0,0,0,0,0,0,1,0,0,0,0,0,0,0,0,0,0,0,0,0,0,0,0,0,0,0,0,0,0,0,0,0,0,0,0,0,0,0,0,0,0,0,0,0,0,0,0,0,0,0,0,0,0,0
251102-6ad82a48-243b-4903-9ed2-3ed71e559dbf,クロミです,105506555,8,1,2,9900,4950,7900,20,10,1,1,0,0,0,2,0,0,0,,0,0,1,3,3,1,1,0,3,1,4,1,1,0,0,0,0,0,0,0,0,0,1,0,0,0,0,0,0,0,0,0,0,0,0,0,0,0,0,0,0,0,0,0,0,0,0,0,0,0,0,0,0,0,0,0,0,0,0,0,0,0,0,0,0,0,0,0,0,0,0,0
251102-6ad82a48-243b-4903-9ed2-3ed71e559dbf,閄くん,102172268,8,1,2,4000,2000,2000,19,9.5,0,2,0,0,0,2,0,0,0,,0,0,0,0,,0,0,0,6,2,10,0,0,0,0,0,0,0,2,0,0,0,0,0,0,0,0,0,0,0,0,0,0,0,0,0,0,0,0,0,0,0,0,0,0,0,0,0,0,0,0,0,0,0,0,0,0,0,0,0,0,0,0,0,0,0,0,0,0,0,0,0
251102-6ad82a48-243b-4903-9ed2-3ed71e559dbf,かつどん3242,103377233,8,1,2,6000,3000,4000,25,12.5,2,0,2,0,1,2,0,2,4000,2000,0,0,0,0,,0,0,0,0,0,0,2,0,0,0,0,0,0,0,0,0,0,0,0,0,0,0,0,0,0,0,0,0,0,0,0,0,0,0,0,0,0,0,0,0,0,0,0,0,0,0,0,0,0,0,0,0,0,0,0,0,0,0,0,0,0,0,0,0,0,0,0
251102-6ad82a48-243b-4903-9ed2-3ed71e559dbf,あしだやよ,103448968,8,1,0,0,,,0,,0,0,0,0,0,0,0,1,2000,2000,0,0,3,25,8.3,0,2,1,1,0,3,0,0,0,0,0,0,0,0,0,0,0,0,0,0,0,0,0,0,0,0,0,0,0,0,0,0,0,0,0,0,0,0,0,0,0,0,0,0,0,0,0,0,0,0,0,0,0,0,0,0,0,0,0,0,0,0,0,0,0,0,0
251102-33a623fd-aea7-4355-8778-f6256526895b,クロミです,105506555,13,3,3,41600,13867,18000,35,11.7,2,1,0,0,4,2,3,1,1500,1500,0,0,3,27,9,3,3,0,5,0,11,2,3,0,0,0,0,0,0,0,0,0,1,0,2,0,0,0,0,0,0,0,0,0,0,0,0,0,0,0,0,0,0,0,0,0,0,0,0,0,0,0,0,0,0,0,0,0,0,0,0,0,0,0,0,0,0,0,0,0,0,0
251102-33a623fd-aea7-4355-8778-f6256526895b,閄くん,102172268,13,2,2,9400,4700,7900,25,12.5,1,1,0,0,2,1,0,0,0,,0,0,1,12,12,0,1,0,7,2,10,0,0,0,0,0,0,0,1,0,0,0,1,0,0,0,0,0,0,0,0,0,0,0,0,0,0,0,0,0,0,0,0,0,0,0,0,0,0,0,0,0,0,0,0,0,0,0,0,0,0,0,0,0,0,0,0,0,0,0,0,0
251102-33a623fd-aea7-4355-8778-f6256526895b,ちたーふ,68331919,13,2,4,34700,8675,12000,42,10.5,3,1,0,0,4,5,0,0,0,,0,0,2,18,9,2,2,0,5,2,8,2,2,0,0,0,0,0,0,1,0,0,2,0,2,0,0,0,0,0,0,0,0,0,0,0,0,0,0,0,0,0,0,0,0,0,0,0,0,0,0,0,0,0,0,0,0,0,0,0,0,0,0,0,0,0,0,0,0,0,0,0
251102-33a623fd-aea7-4355-8778-f6256526895b,かつどん3242,103377233,13,2,1,12000,12000,12000,14,14,1,0,0,0,0,1,3,2,19600,9800,1,0,2,24,12,1,1,1,2,0,2,1,1,0,0,0,0,0,0,0,0,0,1,0,0,0,0,0,0,0,0,0,0,0,0,0,0,0,0,0,0,0,0,0,0,0,0,0,0,0,0,0,0,0,0,0,0,0,0,0,0,0,0,0,0,0,0,0,0,0,0,0
251103-a39bc210-828b-4b61-90dc-0e31fba23eea,ひつじ04,69255735,10,2,2,12600,6300,11600,21,10.5,0,2,0,0,1,2,0,1,8000,8000,0,0,0,0,,0,0,0,3,2,4,0,0,0,0,0,0,0,0,0,2,0,0,0,0,0,0,0,0,0,0,0,0,0,0,0,0,0,0,0,0,0,0,0,0,0,0,0,0,0,0,0,0,0,0,0,0,0,0,0,0,0,0,0,0,0,0,0,0,0,0,0
251103-a39bc210-828b-4b61-90dc-0e31fba23eea,梦咲楓,106587057,10,1,0,0,,,0,,0,0,0,0,0,0,0,2,19600,9800,1,0,2,19,9.5,0,2,0,1,0,1,0,0,0,0,0,0,0,0,0,0,0,0,0,0,0,0,0,0,0,0,0,0,0,0,0,0,0,0,0,0,0,0,0,0,0,0,0,0,0,0,0,0,0,0,0,0,0,0,0,0,0,0,0,0,0,0,0,0,0,0,0
251103-a39bc210-828b-4b61-90dc-0e31fba23eea,ほかほか亭白米,107968426,10,1,2,16000,8000,8000,32,16,0,2,0,0,4,2,1,3,7200,2400,0,0,1,14,14,1,0,1,4,1,8,0,1,0,0,0,0,0,0,0,0,0,1,0,0,0,0,0,0,0,0,0,0,0,0,0,0,0,0,0,0,0,0,0,0,0,0,0,0,0,0,0,0,0,0,0,0,0,0,0,0,0,0,0,0,0,0,0,0,0,0,0
251103-a39bc210-828b-4b61-90dc-0e31fba23eea,ルート12345,71218983,10,2,3,9200,3067,5200,42,14,1,2,0,0,0,2,0,0,0,,0,0,2,19,9.5,1,2,0,3,2,5,0,1,0,0,0,0,0,0,0,1,0,2,0,0,0,0,0,0,0,0,0,0,0,0,0,0,0,0,0,0,0,0,0,0,0,0,0,0,0,0,0,0,0,0,0,0,0,0,0,0,0,0,0,0,0,0,0,0,0,0,0
251103-8f5a5f92-edbf-4f21-bb38-1e490590f360,ルート12345,71218983,13,2,4,16900,4225,7800,54,13.5,1,3,0,0,1,2,0,3,20900,6967,1,0,3,20,6.7,2,2,1,5,2,7,1,2,0,0,0,0,0,0,0,1,1,1,0,1,0,0,0,0,0,0,0,0,0,0,0,0,0,0,0,0,0,0,0,0,0,0,0,0,0,0,0,0,0,0,0,0,0,0,0,0,0,0,0,0,0,0,0,0,0,0,0
251103-8f5a5f92-edbf-4f21-bb38-1e490590f360,かつどん3242,103377233,13,1,2,15700,7850,8000,26,13,0,2,0,0,6,1,0,7,43600,6229,0,0,0,0,,0,0,0,7,2,9,0,0,0,0,0,0,0,0,1,1,0,0,0,0,0,0,0,0,0,0,0,0,0,0,0,0,0,0,0,0,0,0,0,0,0,0,0,0,0,0,0,0,0,0,0,0,0,0,0,0,0,0,0,0,0,0,0,0,0,0,0
251103-8f5a5f92-edbf-4f21-bb38-1e490590f360,クロミです,105506555,13,2,2,24000,12000,12000,28,14,1,1,0,0,3,0,0,0,0,,0,0,1,6,6,0,1,0,3,2,5,0,0,0,0,0,0,0,0,1,1,0,0,0,0,0,0,0,0,0,0,1,1,0,0,0,0,0,0,0,0,0,0,0,0,0,0,0,0,0,0,0,0,0,0,0,0,0,0,0,0,0,0,0,0,0,0,0,0,0,0,0
251103-8f5a5f92-edbf-4f21-bb38-1e490590f360,閄くん,102172268,13,2,4,27700,6925,9600,41,10.3,0,4,0,0,2,2,0,0,0,,0,0,3,21,7,2,3,0,7,2,13,0,2,0,0,0,0,2,1,0,0,0,1,0,0,0,0,1,0,0,0,1,0,0,0,0,0,0,0,0,0,0,0,0,0,0,0,0,0,0,0,0,0,0,0,0,0,0,0,0,0,0,0,0,0,0,0,0,0,0,0,0
251103-14d61658-4cd3-4af5-8ab8-30b8391029bd,かつどん3242,103377233,10,2,1,8000,8000,8000,10,10,0,1,0,0,0,2,0,3,5600,1867,0,0,2,18,9,1,2,0,3,0,3,0,1,0,0,0,0,0,0,0,0,0,0,0,1,0,0,0,0,0,0,0,0,0,0,0,0,0,0,0,1,0,0,0,0,0,0,0,0,0,0,0,0,0,0,0,0,0,0,0,0,0,0,0,0,0,0,0,0,0,0,0
251103-14d61658-4cd3-4af5-8ab8-30b8391029bd,閄くん,102172268,10,1,4,18200,4550,12000,45,11.3,0,4,0,0,3,1,0,2,11900,5950,0,0,3,18,6,2,3,0,7,2,10,0,2,0,0,0,0,0,0,1,1,0,0,1,0,0,0,0,0,0,0,0,0,0,0,0,1,0,0,0,0,0,0,0,0,0,0,0,0,0,0,0,0,0,0,0,0,0,0,0,0,0,0,0,0,0,0,0,0,0,0,0
251103-14d61658-4cd3-4af5-8ab8-30b8391029bd,クロミです,105506555,10,1,2,5000,2500,3900,16,8,1,1,0,0,0,2,0,0,0,,0,0,0,0,,0,0,0,2,2,2,0,0,0,0,0,0,0,0,0,0,1,1,0,0,0,0,0,0,0,0,0,0,0,0,0,0,0,0,0,0,0,0,0,0,0,0,0,0,0,0,0,0,0,0,0,0,0,0,0,0,0,0,0,0,0,0,0,0,0,0,0
251103-14d61658-4cd3-4af5-8ab8-30b8391029bd,ルート12345,71218983,10,1,1,2000,2000,2000,9,9,0,1,0,0,0,0,0,2,14600,7300,0,1,2,18,9,1,1,1,3,0,5,0,1,0,0,0,0,0,0,0,0,0,0,0,1,0,0,0,0,0,0,0,0,0,0,0,0,0,0,0,0,0,0,0,0,0,0,0,0,0,0,0,0,0,0,0,0,0,0,0,0,0,0,0,0,0,0,0,0,0,0,0
251104-c3b8d942-42e1-4d54-a570-c09274eb6047,ちたーふ,68331919,13,1,2,15700,7850,8000,15,7.5,0,2,0,0,2,1,0,2,4900,2450,0,0,3,16,5.3,2,3,0,3,0,3,0,2,0,0,0,0,0,0,0,1,0,0,0,1,0,0,0,0,0,0,0,0,0,0,0,0,0,0,0,1,0,0,0,0,0,0,0,0,0,0,0,0,0,0,0,0,0,0,0,0,0,0,0,0,0,0,0,0,0,0,0
251104-c3b8d942-42e1-4d54-a570-c09274eb6047,ルート12345,71218983,13,3,2,12800,6400,8000,16,8,0,2,0,0,1,0,1,2,15700,7850,1,0,5,46,9.2,2,4,1,1,0,1,0,2,0,0,0,0,1,0,0,0,0,0,0,1,0,0,0,0,0,0,0,0,0,0,0,0,0,0,0,1,0,0,0,0,0,0,0,0,0,0,0,0,0,0,0,0,0,0,0,0,0,0,0,0,0,0,0,0,0,0,0
251104-c3b8d942-42e1-4d54-a570-c09274eb6047,こりまる。,108266073,13,3,3,11100,3700,8000,28,9.3,1,2,1,0,0,1,0,3,13800,4600,0,2,2,13,6.5,1,2,0,1,1,1,1,1,0,0,0,0,0,0,0,1,0,0,0,1,0,1,0,0,0,0,0,0,0,0,0,0,0,0,0,0,0,0,0,0,0,0,0,0,0,0,0,0,0,0,0,0,0,0,0,0,0,0,0,0,0,0,0,0,0,0,0
251104-c3b8d942-42e1-4d54-a570-c09274eb6047,kotetsu0422,68590027,13,2,4,14900,3725,6000,34,8.5,2,2,0,0,0,3,0,1,8000,8000,0,0,1,4,4,1,1,0,5,3,8,1,1,0,0,0,0,0,1,1,1,0,1,0,0,0,0,0,0,0,0,0,0,0,0,0,0,0,0,0,1,0,0,0,0,0,0,0,0,0,0,0,0,0,0,0,0,0,0,0,0,0,0,0,0,0,0,0,0,0,0,0
251104-a02be192-796b-40bf-9232-98112e31dac6,クロミです,105506555,12,1,0,0,,,0,,0,0,0,0,0,0,0,2,13800,6900,0,0,4,41,10.3,0,0,4,3,0,4,0,0,0,0,0,0,0,0,0,0,0,0,0,0,0,0,0,0,0,0,0,0,0,0,0,0,0,0,0,0,0,0,0,0,0,0,0,0,0,0,0,0,0,0,0,0,0,0,0,0,0,0,0,0,0,0,0,0,0,0,0
251104-a02be192-796b-40bf-9232-98112e31dac6,ちたーふ,68331919,12,2,5,48600,9720,18000,56,11.2,2,3,0,0,2,3,2,1,2600,2600,1,0,6,45,7.5,5,6,0,3,0,4,2,5,0,0,0,0,0,0,0,0,0,2,0,5,0,0,0,0,0,0,0,0,0,0,0,0,0,0,0,2,0,0,0,0,0,0,0,0,0,0,0,0,0,0,0,0,0,0,0,0,0,0,0,0,0,0,0,0,0,0,0
251104-a02be192-796b-40bf-9232-98112e31dac6,こりまる。,108266073,12,1,2,10600,5300,8000,33,16.5,1,1,1,0,1,2,0,2,9500,4750,0,0,3,27,9,1,2,1,2,0,3,1,1,0,0,1,0,0,0,0,0,0,0,1,0,0,0,0,0,0,0,0,0,0,0,0,0,0,0,0,0,0,0,0,0,0,0,0,0,0,0,0,0,0,0,0,0,0,0,0,0,0,0,0,0,0,0,0,0,0,0,0
251104-a02be192-796b-40bf-9232-98112e31dac6,ルート12345,71218983,12,2,4,11400,2850,5200,50,12.5,2,2,1,0,1,1,0,0,0,,0,0,2,17,8.5,1,1,1,4,2,5,1,1,0,0,0,0,0,0,1,0,0,1,0,1,0,0,0,0,0,0,0,0,0,0,1,0,0,0,0,0,0,0,0,0,0,0,0,0,0,0,0,0,0,0,0,0,0,0,0,0,0,0,0,0,0,0,0,0,0,0,0
251104-80936f92-af2d-41a8-bf7b-55eb598fad86,瀬田~Set4Fi1~,101374886,13,3,5,13700,2740,3900,53,10.6,0,5,2,0,1,3,0,2,4000,2000,1,0,2,11,5.5,1,2,0,3,2,4,0,1,0,0,0,0,0,0,0,0,1,1,0,1,0,0,1,0,0,0,0,0,0,0,0,0,0,0,0,0,0,0,0,0,0,0,0,0,0,0,0,0,0,0,0,0,0,0,0,0,0,0,0,0,0,0,0,0,0,0,0
251104-80936f92-af2d-41a8-bf7b-55eb598fad86,Kasumisou,69812091,13,1,1,2600,2600,2600,14,14,0,1,0,0,0,0,0,2,3000,1500,0,1,1,15,15,0,1,0,3,1,3,0,0,0,0,0,0,0,1,0,0,1,0,0,0,0,0,0,0,0,0,0,0,0,0,0,0,0,0,0,0,0,0,0,0,0,0,0,0,0,0,0,0,0,0,0,0,0,0,0,0,0,0,0,0,0,0,0,0,0,0,0
251104-80936f92-af2d-41a8-bf7b-55eb598fad86,ちたーふ,68331919,13,1,3,7900,2633,3900,46,15.3,0,3,0,0,2,2,0,2,15900,7950,0,0,2,21,10.5,0,2,0,5,3,9,0,0,0,0,0,0,0,1,0,0,1,1,0,0,0,0,0,0,0,0,0,0,0,0,0,0,0,0,0,0,0,0,0,0,0,0,0,0,0,0,0,0,0,0,0,0,0,0,0,0,0,0,0,0,0,0,0,0,0,0,0
251104-80936f92-af2d-41a8-bf7b-55eb598fad86,クロミです,105506555,13,2,2,13100,6550,12000,16,8,1,1,0,0,4,1,0,4,13300,3325,0,0,0,0,,0,0,0,6,2,11,0,0,0,0,0,0,0,0,2,0,0,0,0,0,0,0,0,0,0,0,0,0,0,0,0,0,0,0,0,0,0,0,0,0,0,0,0,0,0,0,0,0,0,0,0,0,0,0,0,0,0,0,0,0,0,0,0,0,0,0,0
251105-1881312f-82d5-4189-bb92-49a42f955c44,こりまる。,108266073,12,4,2,15400,7700,7700,21,10.5,0,2,0,0,4,0,1,1,1300,1300,0,0,5,47,9.4,1,4,1,5,1,7,0,1,0,0,0,0,0,0,0,0,1,0,0,0,0,0,0,0,0,0,0,0,0,0,0,0,0,0,0,0,0,0,0,0,0,0,0,0,0,0,0,0,0,0,0,0,0,0,0,0,0,0,0,0,0,0,0,0,0,0,0
251105-1881312f-82d5-4189-bb92-49a42f955c44,suzuken3,74756413,12,1,0,0,,,0,,0,0,0,0,0,0,0,3,23700,7900,0,0,1,9,9,0,1,0,4,0,5,0,0,0,0,0,0,0,0,0,0,0,0,0,0,0,0,0,0,0,0,0,0,0,0,0,0,0,0,0,0,0,0,0,0,0,0,0,0,0,0,0,0,0,0,0,0,0,0,0,0,0,0,0,0,0,0,0,0,0,0,0
251105-1881312f-82d5-4189-bb92-49a42f955c44,ちたーふ,68331919,12,1,2,9300,4650,8000,27,13.5,0,2,0,0,0,0,1,1,7700,7700,0,0,2,21,10.5,2,2,0,1,0,3,0,2,0,0,0,0,0,0,0,0,0,0,0,0,0,0,1,0,0,0,0,0,0,0,0,0,0,0,0,0,0,0,0,0,0,0,0,0,0,0,0,0,0,0,0,0,0,0,0,0,0,0,0,0,0,0,0,0,0,0,0
251105-1881312f-82d5-4189-bb92-49a42f955c44,Kasumisou,69812091,12,2,1,8000,8000,8000,13,13,0,1,0,0,2,0,0,0,0,,0,0,3,40,13.3,1,2,1,3,0,5,0,1,0,0,0,0,0,0,0,0,0,0,0,0,0,0,0,0,0,0,0,0,0,0,0,0,0,0,0,1,0,0,0,0,0,0,0,0,0,0,0,0,0,0,0,0,0,0,0,0,0,0,0,0,0,0,0,0,0,0,0
251105-d99dadc0-3e71-435c-be8a-d93d9305281b,かんんちゃ,104219450,9,1,1,2000,2000,2000,15,15,1,0,0,0,0,0,0,3,15800,5267,0,0,1,12,12,0,1,0,3,1,5,0,0,0,0,0,0,0,0,1,0,0,0,0,0,0,0,1,0,0,0,0,0,0,0,0,0,0,0,0,0,0,0,0,0,0,0,0,0,0,0,0,0,0,0,0,0,0,0,0,0,0,0,0,0,0,0,0,0,0,0,0
251105-d99dadc0-3e71-435c-be8a-d93d9305281b,suzuken3,74756413,9,1,2,10000,5000,8000,17,8.5,0,2,0,0,1,1,1,1,2900,2900,0,0,2,15,7.5,1,2,0,4,1,5,0,1,0,0,0,0,0,0,0,0,0,1,0,0,0,0,1,0,0,0,0,0,0,0,0,0,0,0,0,1,0,0,0,0,0,0,0,0,0,0,0,0,0,0,0,0,0,0,0,0,0,0,0,0,0,0,0,0,0,0,0
251105-d99dadc0-3e71-435c-be8a-d93d9305281b,ねこぜ7272,106334717,9,2,2,10800,5400,7900,22,11,1,1,0,0,1,0,0,1,2000,2000,0,0,1,8,8,1,1,0,3,1,3,1,1,0,0,0,0,0,0,0,0,0,2,0,0,0,0,1,0,0,0,0,0,0,0,0,0,0,0,0,0,0,0,0,0,0,0,0,0,0,0,0,0,0,0,0,0,0,0,0,0,0,0,0,0,0,0,0,0,0,0,0
251105-d99dadc0-3e71-435c-be8a-d93d9305281b,ちたーふ,68331919,9,1,3,15800,5267,8000,41,13.7,1,2,1,0,2,1,0,0,0,,0,0,3,28,9.3,2,1,2,1,0,2,1,2,0,0,0,0,0,0,0,0,0,0,1,1,0,0,0,0,0,0,0,0,0,0,0,0,0,0,0,2,0,0,0,0,0,0,0,0,0,0,0,0,0,0,0,0,0,0,0,0,0,0,0,0,0,0,0,0,0,0,0
251105-2b1912e0-cb7c-42a2-91f6-61226260ace5,kotetsu0422,68590027,15,3,4,27000,6750,12000,48,12,3,1,1,0,5,0,1,1,2000,2000,0,0,2,22,11,1,1,1,8,2,11,1,1,0,0,0,0,1,1,1,0,0,0,0,2,0,0,0,0,0,0,0,0,0,0,0,0,0,0,0,0,0,0,0,0,0,0,0,0,0,0,0,0,0,0,0,0,0,0,0,0,0,0,0,0,0,0,0,0,0,0,0
251105-2b1912e0-cb7c-42a2-91f6-61226260ace5,ルート12345,71218983,15,2,2,10600,5300,8000,23,11.5,0,2,0,0,3,2,0,0,0,,0,0,3,34,11.3,1,1,2,2,1,4,0,1,0,0,0,0,0,0,0,0,0,1,0,0,0,0,0,0,0,0,0,0,0,0,0,0,0,0,0,0,0,0,0,0,0,0,0,0,0,0,0,0,0,0,0,0,0,0,0,0,0,0,0,0,0,0,0,0,0,0,0
251105-2b1912e0-cb7c-42a2-91f6-61226260ace5,きょーか8,69157106,15,3,1,2000,2000,2000,10,10,0,1,0,0,0,1,0,1,2600,2600,0,0,2,26,13,0,1,1,6,1,8,0,0,0,0,0,0,0,0,0,0,1,0,0,0,0,0,0,0,0,0,0,0,0,0,0,0,0,0,0,0,0,0,0,0,0,0,0,0,0,0,0,0,0,0,0,0,0,0,0,0,0,0,0,0,0,0,0,0,0,0,0
251105-2b1912e0-cb7c-42a2-91f6-61226260ace5,琴音04,101333044,15,1,2,8400,4200,6400,21,10.5,2,0,0,0,0,0,0,2,10000,5000,0,1,4,36,9,2,4,0,2,0,2,2,2,0,0,0,0,0,0,0,0,0,0,0,0,0,0,0,0,0,0,0,0,0,0,1,0,0,0,0,0,0,0,0,0,0,0,0,0,0,0,0,0,0,0,0,0,0,0,0,0,0,0,0,0,0,0,0,0,0,0,0
251105-90a60daa-2e6e-4349-9c95-098a8332b65b,suzuken3,74756413,15,3,1,3900,3900,3900,10,10,0,1,0,0,1,0,0,2,4900,2450,0,0,2,15,7.5,1,2,0,4,0,6,0,1,0,0,0,0,0,0,0,0,0,0,0,0,0,0,0,0,0,0,0,0,0,0,0,0,0,0,0,0,0,0,0,0,0,0,0,0,0,0,0,0,0,0,0,0,0,0,0,0,0,0,0,0,0,0,0,0,0,0,0
251105-90a60daa-2e6e-4349-9c95-098a8332b65b,ちたーふ,68331919,15,2,4,16800,4200,8000,56,14,2,2,0,0,2,0,1,1,7700,7700,0,0,4,48,12,3,3,1,4,1,9,2,3,0,0,0,0,0,1,0,0,0,2,0,1,0,0,0,0,0,0,0,0,0,0,0,0,0,0,0,0,0,0,0,0,0,0,0,0,0,0,0,0,0,0,0,0,0,0,0,0,0,0,0,0,0,0,0,0,0,0,0
251105-90a60daa-2e6e-4349-9c95-098a8332b65b,かんんちゃ,104219450,15,2,3,19700,6567,8000,35,11.7,2,1,1,0,3,0,0,3,9400,3133,0,0,3,32,10.7,2,2,1,5,0,7,2,2,0,0,0,0,0,0,0,0,0,0,0,2,0,0,0,0,0,0,0,0,0,0,1,0,0,0,0,1,0,0,0,0,0,0,0,0,0,0,0,0,0,0,0,0,0,0,0,0,0,0,0,0,0,0,0,0,0,0,0
251105-90a60daa-2e6e-4349-9c95-098a8332b65b,こりまる。,108266073,15,4,3,14500,4833,7700,37,12.3,0,3,2,0,2,2,0,1,3900,3900,0,0,3,34,11.3,0,3,0,2,1,4,0,0,0,0,0,0,1,0,0,0,0,0,1,2,0,0,0,0,0,0,0,0,0,0,0,0,0,0,0,0,0,0,0,0,0,0,0,0,0,0,0,0,0,0,0,0,0,0,0,0,0,0,0,0,0,0,0,0,0,0,0
251106-ac72bfc3-1c4c-4b1c-af19-739506f36570,kotetsu0422,68590027,10,2,2,13600,6800,11600,28,14,0,2,1,0,3,1,0,0,0,,0,0,0,0,,0,0,0,2,1,3,0,0,0,0,0,0,0,0,0,0,0,1,0,1,0,0,0,0,0,0,0,0,0,0,0,0,0,0,0,0,0,0,0,0,0,0,0,0,0,0,0,0,0,0,0,0,0,0,0,0,0,0,0,0,0,0,0,0,0,0,0
251106-ac72bfc3-1c4c-4b1c-af19-739506f36570,瀬田~Set4Fi1~,101374886,10,1,2,13300,6650,12000,19,9.5,1,1,0,0,1,2,0,2,5900,2950,0,0,3,18,6,2,3,0,3,0,4,1,2,0,0,0,0,0,0,0,0,0,0,0,1,0,0,0,0,0,0,0,0,0,0,0,0,0,0,0,0,0,0,0,0,0,0,0,0,0,0,0,0,0,0,0,0,0,0,0,0,0,0,0,0,0,0,0,0,0,0,0
251106-ac72bfc3-1c4c-4b1c-af19-739506f36570,ひつじ04,69255735,10,2,4,16600,4150,7700,46,11.5,2,2,0,0,0,2,0,0,0,,0,0,1,8,8,1,1,0,5,3,8,1,1,0,0,0,0,0,0,2,2,0,0,0,0,0,0,1,0,0,0,0,0,0,0,0,0,1,0,0,0,0,0,0,0,0,0,0,0,0,0,0,0,0,0,0,0,0,0,0,0,0,0,0,0,0,0,0,0,0,0,0
251106-ac72bfc3-1c4c-4b1c-af19-739506f36570,Kasumisou,69812091,10,1,2,13500,6750,12000,17,8.5,2,0,0,0,1,1,0,3,20600,6867,0,0,1,8,8,1,1,0,3,1,4,1,1,0,0,0,0,1,0,0,0,0,1,0,1,0,0,0,0,0,0,0,0,0,0,0,0,0,0,0,1,0,0,0,0,0,0,0,0,0,0,0,0,0,0,0,0,0,0,0,0,0,0,0,0,0,0,0,0,0,0,0
251106-3523b609-4e9f-40ae-a7b1-1c331a449641,かんんちゃ,104219450,12,2,5,26000,5200,11700,48,9.6,1,4,0,0,1,4,0,2,4900,2450,0,0,2,16,8,2,2,0,3,3,3,1,2,0,0,0,0,1,0,0,2,1,0,1,0,0,0,1,0,0,0,0,0,0,0,0,0,0,0,0,0,0,0,0,0,0,0,0,0,0,0,0,0,0,0,0,0,0,0,0,0,0,0,0,0,0,0,0,0,0,0,0
251106-3523b609-4e9f-40ae-a7b1-1c331a449641,suzuken3,74756413,12,1,1,2000,2000,2000,11,11,0,1,0,0,0,1,0,0,0,,0,0,1,16,16,0,0,1,7,1,10,0,0,0,0,0,0,0,0,1,0,0,0,0,0,0,0,0,0,0,0,0,0,0,0,0,0,0,0,0,0,0,0,0,0,0,0,0,0,0,0,0,0,0,0,0,0,0,0,0,0,0,0,0,0,0,0,0,0,0,0,0
251106-3523b609-4e9f-40ae-a7b1-1c331a449641,こりまる。,108266073,12,2,4,22100,5525,12000,63,15.8,1,3,0,0,0,3,4,2,5900,2950,0,1,3,37,12.3,2,2,1,2,2,4,1,2,0,0,0,0,0,2,0,0,0,1,0,0,0,0,0,0,0,0,0,0,0,0,0,0,0,0,0,0,0,0,0,0,0,0,0,0,0,0,0,0,0,0,0,0,0,0,0,0,0,0,0,0,0,0,0,0,0,0,0
251106-3523b609-4e9f-40ae-a7b1-1c331a449641,ひつじ04,69255735,12,2,1,8000,8000,8000,8,8,1,0,0,0,1,1,0,4,15600,3900,0,1,2,14,7,1,2,0,4,0,7,1,1,0,0,0,0,0,0,0,0,0,0,0,1,0,0,0,0,0,0,0,0,0,0,0,0,0,0,0,0,0,0,0,0,0,0,0,0,0,0,0,0,0,0,0,0,0,0,0,0,0,0,0,0,0,0,0,0,0,0,0
251106-0d70984d-d3bf-4a1c-b477-c3fc6574b285,瀬田~Set4Fi1~,101374886,11,1,0,0,,,0,,0,0,0,0,0,0,0,3,21100,7033,1,1,2,23,11.5,0,2,0,2,0,4,0,0,0,0,0,0,0,0,0,0,0,0,0,0,0,0,0,0,0,0,0,0,0,0,0,0,0,0,0,0,0,0,0,0,0,0,0,0,0,0,0,0,0,0,0,0,0,0,0,0,0,0,0,0,0,0,0,0,0,0,0
251106-0d70984d-d3bf-4a1c-b477-c3fc6574b285,クロミです,105506555,11,2,2,23200,11600,18000,18,9,1,1,0,0,0,2,1,3,9100,3033,0,0,3,25,8.3,2,2,1,3,0,6,1,2,0,0,0,0,0,0,0,0,0,0,0,2,0,1,0,0,0,0,0,0,0,0,0,0,0,0,0,0,0,0,0,0,0,0,0,0,0,0,0,0,0,0,0,0,0,0,0,0,0,0,0,0,0,0,0,0,0,0,0
251106-0d70984d-d3bf-4a1c-b477-c3fc6574b285,Kasumisou,69812091,11,1,3,4900,1633,2000,38,12.7,0,3,1,0,1,0,0,2,7800,3900,1,0,4,41,10.3,1,2,2,2,1,3,0,1,0,0,0,0,0,0,0,1,0,0,0,0,0,0,0,0,0,0,0,0,0,0,1,0,0,0,0,0,0,0,0,0,0,0,0,0,0,0,0,0,0,0,0,0,0,0,0,0,0,0,0,0,0,0,0,0,0,0,0
251106-0d70984d-d3bf-4a1c-b477-c3fc6574b285,琴音04,101333044,11,3,5,31100,6220,16000,68,13.6,1,4,0,0,5,2,2,0,0,,0,0,6,56,9.3,4,4,2,3,1,7,1,4,0,0,0,0,1,0,0,0,0,1,0,1,0,0,0,0,0,0,0,0,0,0,0,0,0,0,0,0,0,0,0,0,0,0,0,0,0,0,0,0,0,0,0,0,0,0,0,0,0,0,0,0,0,0,0,0,0,0,0
251106-dc9ffb64-646a-4a50-bf3b-e4c287fdaeda,クロミです,105506555,8,1,2,14600,7300,12000,28,14,0,2,0,0,3,0,1,0,0,,0,0,2,18,9,2,2,0,0,0,0,0,2,0,0,0,0,0,0,0,0,0,1,0,1,0,0,0,0,0,0,0,0,0,0,0,0,0,0,0,0,0,0,0,0,0,0,0,0,0,0,0,0,0,0,0,0,0,0,0,0,0,0,0,0,0,0,0,0,0,0,0
251106-dc9ffb64-646a-4a50-bf3b-e4c287fdaeda,瀬田~Set4Fi1~,101374886,8,1,2,5000,2500,4000,25,12.5,1,1,1,0,0,2,0,4,24600,6150,1,0,1,15,15,0,1,0,2,1,3,0,0,0,0,0,0,0,0,0,0,0,1,0,1,0,0,0,0,0,0,0,0,0,0,0,0,0,0,0,0,0,0,0,0,0,0,0,0,0,0,0,0,0,0,0,0,0,0,0,0,0,0,0,0,0,0,0,0,0,0,0
251106-dc9ffb64-646a-4a50-bf3b-e4c287fdaeda,ひつじ04,69255735,8,1,3,18000,6000,8000,40,13.3,1,2,0,0,2,1,0,1,1000,1000,0,0,1,5,5,1,1,0,3,2,6,1,1,0,0,0,0,0,0,1,0,0,0,0,0,0,0,0,0,0,0,1,0,0,0,0,0,1,0,0,0,0,0,0,0,0,0,0,0,0,0,0,0,0,0,0,0,0,0,0,0,0,0,0,0,0,0,0,0,0,0,0
251106-dc9ffb64-646a-4a50-bf3b-e4c287fdaeda,かんんちゃ,104219450,8,1,1,2700,2700,2700,14,14,1,0,0,0,0,0,0,0,0,,0,0,1,9,9,0,0,1,3,1,6,0,0,0,0,0,0,0,1,1,0,0,0,0,0,0,0,0,0,0,0,0,0,0,0,0,0,0,0,0,0,0,0,0,0,0,0,0,0,0,0,0,0,0,0,0,0,0,0,0,0,0,0,0,0,0,0,0,0,0,0,0
251106-9a73b35e-39a9-4d10-af51-c0b572d62300,閄くん,102172268,9,2,0,0,,,0,,0,0,0,0,0,0,0,4,18600,4650,0,0,1,10,10,0,1,0,3,0,4,0,0,0,0,0,0,0,0,0,0,0,0,0,0,0,0,0,0,0,0,0,0,0,0,0,0,0,0,0,0,0,0,0,0,0,0,0,0,0,0,0,0,0,0,0,0,0,0,0,0,0,0,0,0,0,0,0,0,0,0,0
251106-9a73b35e-39a9-4d10-af51-c0b572d62300,クロミです,105506555,9,1,2,12000,6000,8000,24,12,1,1,0,0,0,1,1,1,1300,1300,0,0,3,27,9,2,2,1,1,0,2,1,2,0,0,0,0,0,0,0,0,0,1,0,1,0,0,0,0,0,0,0,0,0,0,0,0,0,0,0,1,0,0,0,0,0,0,0,0,0,0,0,0,0,0,0,0,0,0,0,0,0,0,0,0,0,0,0,0,0,0,0
251106-9a73b35e-39a9-4d10-af51-c0b572d62300,あしだやよ,103448968,9,1,1,1300,1300,1300,12,12,0,1,0,0,0,0,0,0,0,,0,0,2,18,9,1,1,1,1,0,2,0,1,0,0,0,0,0,0,0,0,0,0,0,0,0,0,0,0,0,0,0,0,0,0,0,0,0,0,0,0,0,0,0,0,0,0,0,0,0,0,0,0,0,0,0,0,0,0,0,0,0,0,0,0,0,0,0,0,0,0,0
251106-9a73b35e-39a9-4d10-af51-c0b572d62300,ルート12345,71218983,9,1,4,15800,3950,5200,39,9.8,1,3,1,0,0,2,1,0,0,,0,0,3,22,7.3,2,3,0,3,1,5,1,2,0,0,0,0,1,0,0,0,0,1,1,2,0,0,0,0,0,0,0,0,0,0,0,0,0,0,0,0,0,0,0,0,0,0,0,0,0,0,0,0,0,0,0,0,0,0,0,0,0,0,0,0,0,0,0,0,0,0,0
251106-fb587f77-91cb-410c-99d8-76956fcb6a07,ねこぜ7272,106334717,11,2,4,18200,4550,8000,41,10.3,0,4,0,0,2,1,0,1,1300,1300,0,0,2,20,10,2,2,0,4,2,6,0,2,0,0,0,0,1,0,0,1,0,0,0,1,0,0,0,0,0,0,0,0,0,0,0,0,0,0,0,2,0,0,0,0,0,0,0,0,0,0,0,0,0,0,0,0,0,0,0,0,0,0,0,0,0,0,0,0,0,0,0
251106-fb587f77-91cb-410c-99d8-76956fcb6a07,閄くん,102172268,11,2,1,3900,3900,3900,12,12,1,0,0,0,0,1,0,0,0,,0,0,3,36,12,0,2,1,5,1,8,0,0,0,0,0,0,0,0,0,0,0,1,0,0,0,0,0,0,0,0,0,0,0,0,0,0,0,0,0,0,0,0,0,0,0,0,0,0,0,0,0,0,0,0,0,0,0,0,0,0,0,0,0,0,0,0,0,0,0,0,0
251106-fb587f77-91cb-410c-99d8-76956fcb6a07,ルート12345,71218983,11,2,3,21300,7100,12000,46,15.3,2,1,0,0,5,2,0,4,12500,3125,1,0,4,44,11,3,4,0,2,0,3,2,3,0,0,0,0,0,0,0,0,0,0,0,1,0,0,0,0,0,0,0,0,0,0,0,0,0,0,0,0,0,0,0,0,0,0,0,0,0,0,0,0,0,0,0,0,0,0,0,0,0,0,0,0,0,0,0,0,0,0,0
251106-fb587f77-91cb-410c-99d8-76956fcb6a07,クロミです,105506555,11,1,2,6000,3000,4000,20,10,1,1,0,0,0,2,0,1,7700,7700,0,0,2,16,8,1,1,1,5,1,6,0,1,0,0,0,0,1,0,0,0,0,0,0,1,0,0,0,0,0,0,0,0,0,0,0,0,0,0,0,0,0,0,0,0,0,0,0,0,0,0,0,0,0,0,0,0,0,0,0,0,0,0,0,0,0,0,0,0,0,0,0
251106-67fd8455-e99c-41f2-b34d-1e3f9ffbbbf8,ルート12345,71218983,16,2,3,23700,7900,8000,37,12.3,3,0,0,0,0,4,0,3,18500,6167,0,0,4,45,11.3,2,4,0,4,1,5,2,2,0,0,0,0,0,0,1,0,0,1,1,1,0,0,0,0,0,0,0,0,0,0,0,0,0,0,0,0,0,0,0,0,0,0,0,0,0,0,0,0,0,0,0,0,0,0,0,0,0,0,0,0,0,0,0,0,0,0,0
251106-67fd8455-e99c-41f2-b34d-1e3f9ffbbbf8,kotetsu0422,68590027,16,4,6,33000,5500,12000,80,13.3,3,3,0,0,0,3,1,2,16000,8000,0,0,3,35,11.7,3,3,0,7,3,11,1,3,0,0,0,0,1,0,0,1,1,1,0,1,0,0,0,0,0,0,0,0,0,0,0,0,1,0,0,1,0,0,0,0,0,0,0,0,0,0,0,0,0,0,0,0,0,0,0,0,0,0,0,0,0,0,0,0,0,0,0
251106-67fd8455-e99c-41f2-b34d-1e3f9ffbbbf8,クロミです,105506555,16,2,3,16600,5533,8000,48,16,1,2,0,0,1,0,2,1,8000,8000,0,0,5,58,11.6,3,4,1,1,0,2,1,3,0,0,0,0,0,0,0,0,0,1,0,0,0,0,0,0,0,0,0,0,0,0,0,0,0,0,0,1,0,0,0,0,0,0,0,0,0,0,0,0,0,0,0,0,0,0,0,0,0,0,0,0,0,0,0,0,0,0,0
251106-67fd8455-e99c-41f2-b34d-1e3f9ffbbbf8,閄くん,102172268,16,2,3,19900,6633,8000,42,14,0,3,0,0,0,2,4,2,4200,2100,0,0,6,60,10,3,4,2,5,0,9,0,3,0,0,0,0,0,0,0,0,0,1,1,0,0,0,0,0,0,0,0,0,0,0,0,0,0,0,0,0,0,0,0,0,0,0,0,0,0,0,0,0,0,0,0,0,0,0,0,0,0,0,0,0,0,0,0,0,0,0,0
251107-2df9f6f1-a553-41db-ae7b-733d84a906f1,ルート12345,71218983,11,1,1,3900,3900,3900,15,15,0,1,0,0,0,2,0,1,2000,2000,0,0,0,0,,0,0,0,5,1,7,0,0,0,0,0,0,0,0,0,0,1,0,0,0,0,0,0,0,0,0,0,0,0,0,0,0,0,0,0,0,0,0,0,0,0,0,0,0,0,0,0,0,0,0,0,0,0,0,0,0,0,0,0,0,0,0,0,0,0,0,0
251107-2df9f6f1-a553-41db-ae7b-733d84a906f1,Kasumisou,69812091,11,2,2,3300,1650,2000,28,14,0,2,0,0,0,0,0,2,11900,5950,0,0,2,16,8,1,2,0,3,1,4,0,1,0,0,0,0,0,1,1,0,0,0,0,0,0,0,0,0,0,0,0,0,0,0,0,0,0,0,0,0,0,0,0,0,0,0,0,0,0,0,0,0,0,0,0,0,0,0,0,0,0,0,0,0,0,0,0,0,0,0,0
251107-2df9f6f1-a553-41db-ae7b-733d84a906f1,kotetsu0422,68590027,11,2,4,10800,2700,3900,36,9,1,3,0,0,1,1,0,1,1300,1300,0,0,0,0,,0,0,0,8,4,9,0,0,0,0,0,0,0,1,0,0,1,1,0,0,0,0,0,0,0,0,0,0,0,0,0,1,0,0,0,0,0,0,0,0,0,0,0,0,0,0,0,0,0,0,0,0,0,0,0,0,0,0,0,0,0,0,0,0,0,0,0
251107-2df9f6f1-a553-41db-ae7b-733d84a906f1,クロミです,105506555,11,1,2,10000,5000,8000,29,14.5,1,1,0,0,1,2,0,3,6900,2300,0,0,3,33,11,1,3,0,1,1,1,0,1,0,0,0,0,0,0,0,0,0,1,0,1,1,0,0,0,0,0,0,0,0,0,0,0,0,0,0,0,0,0,0,0,0,0,0,0,0,0,0,0,0,0,0,0,0,0,0,0,0,0,0,0,0,0,0,0,0,0,0
251107-e9175689-d280-4612-9e3d-1a6f5e64d1a7,ひつじ04,69255735,10,2,2,13700,6850,7900,28,14,1,1,0,0,2,1,1,2,9300,4650,1,0,4,36,9,1,4,0,3,1,5,1,1,0,0,0,0,0,0,0,0,0,1,0,0,0,0,0,0,0,0,0,0,0,0,0,0,0,0,0,0,0,0,0,0,0,0,0,0,0,0,0,0,0,0,0,0,0,0,0,0,0,0,0,0,0,0,0,0,0,0,0
251107-e9175689-d280-4612-9e3d-1a6f5e64d1a7,かんんちゃ,104219450,10,1,0,0,,,0,,0,0,0,0,0,0,0,1,1600,1600,0,0,1,13,13,0,1,0,0,0,0,0,0,0,0,0,0,0,0,0,0,0,0,0,0,0,0,0,0,0,0,0,0,0,0,0,0,0,0,0,0,0,0,0,0,0,0,0,0,0,0,0,0,0,0,0,0,0,0,0,0,0,0,0,0,0,0,0,0,0,0,0
251107-e9175689-d280-4612-9e3d-1a6f5e64d1a7,ルート12345,71218983,10,2,3,21300,7100,12000,41,13.7,1,2,1,0,2,0,2,0,0,,0,0,2,21,10.5,2,2,0,4,0,5,1,2,0,0,0,0,0,0,0,0,0,0,0,1,0,0,0,0,0,0,0,0,0,0,1,0,0,0,0,1,0,0,0,0,0,0,0,0,0,0,0,0,0,0,0,0,0,0,0,0,0,0,0,0,0,0,0,0,0,0,0
251107-e9175689-d280-4612-9e3d-1a6f5e64d1a7,Kasumisou,69812091,10,1,3,13600,4533,8000,28,9.3,2,1,1,0,2,1,0,1,5800,5800,0,0,2,13,6.5,2,2,0,4,0,5,2,2,0,0,0,0,0,0,0,0,0,1,0,0,0,0,0,0,0,0,0,0,0,0,1,0,0,0,0,0,0,0,0,0,0,0,0,0,0,0,0,0,0,0,0,0,0,0,0,0,0,0,0,0,0,0,0,0,0,0,0
251107-3071b9e2-c066-4b9f-939d-50f28278d958,ひつじ04,69255735,11,3,5,25100,5020,11600,46,9.2,2,3,0,0,3,3,1,2,8700,4350,0,0,1,10,10,1,0,1,6,4,7,1,1,0,0,0,0,0,0,2,0,0,2,0,1,0,0,0,0,0,0,0,0,0,0,0,0,0,0,0,0,0,0,0,0,0,0,0,0,0,0,0,0,0,0,0,0,0,0,0,0,0,0,0,0,0,0,0,0,0,0,0
251107-3071b9e2-c066-4b9f-939d-50f28278d958,ルート12345,71218983,11,1,1,2000,2000,2000,9,9,0,1,0,0,0,0,0,2,13600,6800,0,0,2,14,7,1,2,0,2,0,2,0,1,0,0,0,0,0,0,0,0,0,0,0,1,0,0,0,0,0,0,0,0,0,0,0,0,0,0,0,0,0,0,0,0,0,0,0,0,0,0,0,0,0,0,0,0,0,0,0,0,0,0,0,0,0,0,0,0,0,0,0
251107-3071b9e2-c066-4b9f-939d-50f28278d958,Kasumisou,69812091,11,2,4,25800,6450,12000,54,13.5,1,3,0,0,1,0,6,1,2000,2000,0,0,2,17,8.5,2,2,0,3,2,7,1,2,0,0,0,1,0,0,0,1,1,0,0,1,0,0,0,0,0,0,0,0,0,0,0,0,0,0,0,1,0,0,0,0,0,0,0,0,0,0,0,0,0,0,0,0,0,0,0,0,0,0,0,0,0,0,0,0,0,0,0
251107-3071b9e2-c066-4b9f-939d-50f28278d958,かんんちゃ,104219450,11,1,1,3900,3900,3900,18,18,0,1,0,0,0,2,0,3,15000,5000,1,0,2,13,6.5,0,2,0,3,1,3,0,0,0,0,0,0,0,0,0,0,0,1,0,0,0,0,0,0,0,0,0,0,0,0,0,0,0,0,0,0,0,0,0,0,0,0,0,0,0,0,0,0,0,0,0,0,0,0,0,0,0,0,0,0,0,0,0,0,0,0,0
251108-14f1d242-8746-40fe-9158-a887742fb4f4,Mash_room,102233013,14,2,0,0,,,0,,0,0,0,0,0,0,0,3,9800,3267,0,0,3,33,11,0,3,0,4,0,6,0,0,0,0,0,0,0,0,0,0,0,0,0,0,0,0,0,0,0,0,0,0,0,0,0,0,0,0,0,0,0,0,0,0,0,0,0,0,0,0,0,0,0,0,0,0,0,0,0,0,0,0,0,0,0,0,0,0,0,0,0
251108-14f1d242-8746-40fe-9158-a887742fb4f4,ひつじ04,69255735,14,1,2,3100,1550,2000,18,9,2,0,0,0,1,0,0,0,0,,0,0,0,0,,0,0,0,4,2,6,0,0,0,0,0,0,0,0,1,0,1,0,0,0,0,0,0,0,0,0,0,0,0,0,0,0,0,0,0,0,0,0,0,0,0,0,0,0,0,0,0,0,0,0,0,0,0,0,0,0,0,0,0,0,0,0,0,0,0,0,0
251108-14f1d242-8746-40fe-9158-a887742fb4f4,かつどん3242,103377233,14,2,3,25600,8533,12000,24,8,1,2,0,0,2,0,1,1,5800,5800,0,0,2,13,6.5,2,1,1,4,1,8,1,2,0,0,0,0,0,0,0,1,1,1,0,2,0,0,1,0,0,0,0,0,0,0,0,0,0,0,0,0,0,0,0,0,0,0,0,0,0,0,0,0,0,0,0,0,0,0,0,0,0,0,0,0,0,0,0,0,0,0,0
251108-14f1d242-8746-40fe-9158-a887742fb4f4,ちたーふ,68331919,14,5,5,19300,3860,5800,68,13.6,2,3,0,0,4,2,0,1,11600,11600,0,0,3,20,6.7,2,3,0,6,3,9,0,2,0,0,0,0,1,0,0,1,1,1,0,0,0,0,0,0,0,0,0,0,0,0,0,0,0,0,0,0,0,0,0,0,0,0,0,0,0,0,0,0,0,0,0,0,0,0,0,0,0,0,0,0,0,0,0,0,0,0,0
251108-d6354fac-320b-45c3-9539-771182fe18b4,かんんちゃ,104219450,14,3,1,1500,1500,1500,10,10,0,1,0,0,0,0,0,2,5800,2900,0,0,2,25,12.5,0,0,2,5,1,6,0,0,0,0,0,0,0,0,0,0,1,0,0,0,0,0,0,0,0,0,0,0,0,0,0,0,0,0,0,0,0,0,0,0,0,0,0,0,0,0,0,0,0,0,0,0,0,0,0,0,0,0,0,0,0,0,0,0,0,0,0
251108-d6354fac-320b-45c3-9539-771182fe18b4,ひつじ04,69255735,14,1,0,0,,,0,,0,0,0,0,0,0,0,5,15600,3120,0,0,0,0,,0,0,0,2,0,2,0,0,0,0,0,0,0,0,0,0,0,0,0,0,0,0,0,0,0,0,0,0,0,0,0,0,0,0,0,0,0,0,0,0,0,0,0,0,0,0,0,0,0,0,0,0,0,0,0,0,0,0,0,0,0,0,0,0,0,0,0
251108-d6354fac-320b-45c3-9539-771182fe18b4,閄くん,102172268,14,2,3,17200,5733,12000,27,9,0,3,0,0,1,1,3,1,3900,3900,0,0,5,41,8.2,3,5,0,2,0,2,0,3,0,0,0,0,0,0,0,0,1,0,0,0,0,0,0,0,0,0,0,0,0,0,0,0,0,0,0,1,0,0,0,0,0,0,0,0,0,0,0,0,0,0,0,0,0,0,0,0,0,0,0,0,0,0,0,0,0,0,0
251108-d6354fac-320b-45c3-9539-771182fe18b4,【くぅー】,100883086,14,3,8,29200,3650,8000,66,8.3,2,6,2,0,1,4,0,2,14600,7300,0,0,4,41,10.3,2,3,1,7,4,12,2,2,0,0,0,0,2,1,0,0,0,1,0,2,0,0,0,0,0,0,0,0,0,0,0,0,2,0,0,0,0,0,0,0,0,0,0,0,0,0,0,0,0,0,0,0,0,0,0,0,0,0,0,0,0,0,0,0,0,0,0
251108-1447624a-22cb-4c03-9654-ba5d26e522a5,かつどん3242,103377233,10,2,2,10000,5000,8000,25,12.5,2,0,0,0,1,3,0,4,23900,5975,0,1,1,7,7,1,1,0,5,1,7,1,1,0,0,0,0,0,0,0,1,0,0,0,0,0,0,0,0,0,0,0,0,0,0,0,0,0,0,0,0,0,0,0,0,0,0,0,0,0,0,0,0,0,0,0,0,0,0,0,0,0,0,0,0,0,0,0,0,0,0,0
251108-1447624a-22cb-4c03-9654-ba5d26e522a5,クロミです,105506555,10,1,2,20000,10000,12000,18,9,0,2,0,0,2,0,3,0,0,,0,0,3,18,6,2,3,0,3,0,5,0,1,0,0,0,0,0,1,0,0,0,0,0,0,0,0,0,1,0,0,0,0,0,0,1,0,0,0,0,0,0,0,0,0,0,0,0,0,0,0,0,0,0,0,0,0,0,0,0,0,0,0,0,0,0,0,0,0,0,0,0
251108-1447624a-22cb-4c03-9654-ba5d26e522a5,・meru_06・,108732125,10,2,2,13500,6750,12000,14,7,0,2,0,0,0,2,1,1,12000,12000,0,0,1,7,7,1,1,0,2,1,4,0,1,0,0,0,0,0,1,1,0,0,0,0,0,0,0,0,0,0,0,0,0,0,0,0,0,0,0,0,1,0,0,0,0,0,0,0,0,0,0,0,0,0,0,0,0,0,0,0,0,0,0,0,0,0,0,0,0,0,0,0
251108-1447624a-22cb-4c03-9654-ba5d26e522a5,ちたーふ,68331919,10,1,3,9100,3033,5200,40,13.3,1,2,0,0,1,1,1,1,1500,1500,0,0,2,14,7,2,2,0,2,1,3,0,2,0,0,0,0,0,0,0,0,1,0,0,0,0,0,0,0,0,0,0,0,0,0,0,0,0,0,0,0,0,0,0,0,0,0,0,0,0,0,0,0,0,0,0,0,0,0,0,0,0,0,0,0,0,0,0,0,0,0,0
251108-6621f8c0-4cc2-473c-806f-8b09227d85c6,・meru_06・,108732125,11,4,5,38000,7600,18000,55,11,2,3,2,0,1,2,2,2,12900,6450,0,0,2,22,11,2,1,1,2,1,5,2,2,0,0,0,0,0,0,2,1,0,0,0,0,0,0,1,0,0,0,0,0,0,0,1,0,0,0,0,1,0,0,0,0,0,0,0,0,0,0,0,0,0,0,0,0,0,0,0,0,0,0,0,0,0,0,0,0,0,0,0
251108-6621f8c0-4cc2-473c-806f-8b09227d85c6,閄くん,102172268,11,1,1,12000,12000,12000,9,9,1,0,0,0,0,1,0,0,0,,0,0,1,15,15,0,0,1,3,1,5,0,0,0,0,0,0,0,0,0,0,0,0,0,0,0,0,0,0,0,0,0,0,0,0,0,0,0,0,1,0,0,0,0,0,0,0,0,0,0,0,0,0,0,0,0,0,0,0,0,0,0,0,0,0,0,0,0,0,0,0,0
251108-6621f8c0-4cc2-473c-806f-8b09227d85c6,かつどん3242,103377233,11,1,3,17000,5667,7900,41,13.7,1,2,1,0,0,3,0,3,24500,8167,0,0,2,21,10.5,1,2,0,2,1,5,1,1,0,0,0,0,0,1,1,0,1,1,0,1,0,0,0,0,0,0,0,0,0,0,0,0,0,0,0,0,0,0,0,0,0,0,0,0,0,0,0,0,0,0,0,0,0,0,0,0,0,0,0,0,0,0,0,0,0,0,0
251108-6621f8c0-4cc2-473c-806f-8b09227d85c6,ちたーふ,68331919,11,1,2,15600,7800,7900,23,11.5,1,1,0,0,2,4,0,1,3900,3900,1,0,2,27,13.5,0,2,0,4,2,4,0,0,0,0,0,0,1,0,0,0,0,1,0,0,0,0,0,0,0,0,0,0,0,0,0,0,0,0,0,0,0,0,0,0,0,0,0,0,0,0,0,0,0,0,0,0,0,0,0,0,0,0,0,0,0,0,0,0,0,0,0
251109-c8a8299c-906d-4cc2-a69b-25927de8a3eb,かんんちゃ,104219450,14,1,1,3900,3900,3900,4,4,0,1,0,0,1,1,0,2,14000,7000,0,0,3,22,7.3,0,2,1,4,1,4,0,0,0,0,0,0,0,0,0,1,0,0,0,0,0,0,0,0,0,0,0,0,0,0,0,0,0,0,0,0,0,0,0,0,0,0,0,0,0,0,0,0,0,0,0,0,0,0,0,0,0,0,0,0,0,0,0,0,0,0,0
251109-c8a8299c-906d-4cc2-a69b-25927de8a3eb,ひつじ04,69255735,14,1,4,44000,11000,16000,37,9.3,4,0,1,0,0,2,1,1,7700,7700,0,0,3,20,6.7,3,2,1,1,0,2,4,2,0,0,0,0,0,0,0,0,0,2,0,2,0,0,0,1,0,0,0,0,0,0,1,0,0,0,1,1,0,0,0,0,0,0,0,0,0,0,0,0,0,0,0,0,0,0,0,0,0,0,0,0,0,0,0,0,0,0,0
251109-c8a8299c-906d-4cc2-a69b-25927de8a3eb,クロミです,105506555,14,2,1,12000,12000,12000,15,15,0,1,0,0,0,2,1,3,23600,7867,1,0,3,27,9,1,3,0,6,0,10,0,1,0,0,0,0,0,0,0,0,0,0,0,0,0,0,0,0,0,0,0,0,0,0,0,0,0,0,0,0,0,0,0,0,0,0,0,0,0,0,0,0,0,0,0,0,0,0,0,0,0,0,0,0,0,0,0,0,0,0,0
251109-c8a8299c-906d-4cc2-a69b-25927de8a3eb,【くぅー】,100883086,14,6,5,33400,6680,12000,73,14.6,1,4,0,0,3,4,3,0,0,,0,0,3,26,8.7,3,3,0,8,2,14,0,3,0,0,0,0,0,0,0,0,1,1,0,1,0,0,0,0,0,0,0,0,0,0,0,0,0,0,0,0,0,0,0,0,0,0,0,0,0,0,0,0,0,0,0,0,0,0,0,0,0,0,0,0,0,0,0,0,0,0,0
251109-3130a9c7-90c5-4004-aad2-47db995620a9,ねこぜ7272,106334717,11,2,3,14500,4833,8000,35,11.7,0,3,0,0,1,1,1,0,0,,0,0,5,40,8,3,5,0,2,0,2,0,3,0,0,0,0,0,0,0,0,0,0,0,0,0,0,0,0,0,0,0,0,0,0,0,0,0,0,0,2,0,0,0,0,0,0,0,0,0,0,0,0,0,0,0,0,0,0,0,0,0,0,0,0,0,0,0,0,0,0,0
251109-3130a9c7-90c5-4004-aad2-47db995620a9,クロミです,105506555,11,1,1,2000,2000,2000,15,15,1,0,0,0,0,1,0,2,5900,2950,0,1,0,0,,0,0,0,2,1,4,0,0,0,0,0,0,0,0,0,0,1,0,0,0,0,0,0,0,0,0,0,0,0,0,0,0,0,0,0,0,0,0,0,0,0,0,0,0,0,0,0,0,0,0,0,0,0,0,0,0,0,0,0,0,0,0,0,0,0,0,0
251109-3130a9c7-90c5-4004-aad2-47db995620a9,ひつじ04,69255735,11,1,2,6000,3000,4000,25,12.5,1,1,0,0,1,0,0,3,15800,5267,1,0,2,14,7,1,2,0,5,1,10,1,1,0,0,0,0,0,1,0,0,0,1,0,0,0,0,0,0,0,0,0,0,0,0,0,0,0,0,0,0,0,0,0,0,0,0,0,0,0,0,0,0,0,0,0,0,0,0,0,0,0,0,0,0,0,0,0,0,0,0,0
251109-3130a9c7-90c5-4004-aad2-47db995620a9,Kasumisou,69812091,11,3,3,13800,4600,6000,33,11,1,2,0,0,1,1,1,1,2600,2600,1,0,2,18,9,1,0,2,4,2,6,0,1,0,0,0,0,0,0,0,2,2,0,0,0,0,0,0,0,0,0,0,0,0,0,0,0,0,0,0,0,0,0,0,0,0,0,0,0,0,0,0,0,0,0,0,0,0,0,0,0,0,0,0,0,0,0,0,0,0,0,0
251109-398815c7-3979-41a7-a515-be59d2a09cdd,ひつじ04,69255735,12,3,2,9200,4600,7700,26,13,1,1,0,0,0,0,0,3,28000,9333,1,0,4,37,9.3,1,3,1,4,1,6,0,1,0,0,0,0,1,0,0,0,0,0,0,0,0,1,0,0,0,0,0,0,0,0,0,0,0,0,0,1,0,0,0,0,0,0,0,0,0,0,0,0,0,0,0,0,0,0,0,0,0,0,0,0,0,0,0,0,0,0,0
251109-398815c7-3979-41a7-a515-be59d2a09cdd,クロミです,105506555,12,2,2,11000,5500,8000,23,11.5,1,1,0,0,0,0,0,1,5200,5200,0,0,2,28,14,1,1,1,3,1,4,1,1,0,0,0,0,1,0,0,1,0,0,0,0,0,0,0,0,0,0,0,0,0,0,0,0,1,0,0,0,0,0,0,0,0,0,0,0,0,0,0,0,0,0,0,0,0,0,0,0,0,0,0,0,0,0,0,0,0,0,0
251109-398815c7-3979-41a7-a515-be59d2a09cdd,kotetsu0422,68590027,12,1,5,24300,4860,8000,77,15.4,2,3,0,0,1,4,0,2,12900,6450,1,0,3,28,9.3,2,2,1,6,3,8,1,2,0,0,0,0,1,0,0,2,0,2,0,0,0,0,0,0,0,0,0,0,0,0,0,0,1,0,0,0,0,0,0,0,0,0,0,0,0,0,0,0,0,0,0,0,0,0,0,0,0,0,0,0,0,0,0,0,0,0,0
251109-398815c7-3979-41a7-a515-be59d2a09cdd,きょーか8,69157106,12,2,2,23200,11600,18000,29,14.5,0,2,0,0,3,3,1,1,3900,3900,0,0,2,17,8.5,2,2,0,2,0,3,0,2,0,0,0,0,0,0,0,0,0,1,0,0,0,0,0,0,0,0,0,0,0,0,0,0,0,0,0,0,0,0,0,0,0,0,0,0,0,0,0,0,0,0,0,0,0,0,0,0,0,0,0,0,0,0,0,0,0,0,0
251109-73f93893-2306-418b-b820-e63b4e8de358,ひつじ04,69255735,10,1,3,25900,8633,16000,46,15.3,1,2,0,0,4,3,4,2,10600,5300,0,0,2,29,14.5,2,2,0,3,1,4,1,2,0,0,0,0,0,0,0,0,0,0,0,0,0,0,1,0,0,0,0,0,0,0,0,0,0,0,0,0,0,0,0,0,0,0,0,0,0,0,0,0,0,0,0,0,0,0,0,0,0,0,0,0,0,0,0,0,0,0,0
251109-73f93893-2306-418b-b820-e63b4e8de358,クロミです,105506555,10,1,0,0,,,0,,0,0,0,0,0,0,0,4,43700,10925,0,1,0,0,,0,0,0,5,0,11,0,0,0,0,0,0,0,0,0,0,0,0,0,0,0,0,0,0,0,0,0,0,0,0,0,0,0,0,0,0,0,0,0,0,0,0,0,0,0,0,0,0,0,0,0,0,0,0,0,0,0,0,0,0,0,0,0,0,0,0,0
251109-73f93893-2306-418b-b820-e63b4e8de358,きょーか8,69157106,10,1,3,16700,5567,8000,38,12.7,0,3,0,0,1,2,1,0,0,,0,0,2,16,8,2,2,0,1,1,1,0,2,0,0,0,1,0,1,0,0,0,0,0,2,0,0,0,0,0,0,0,0,0,0,0,0,0,0,0,0,0,0,0,0,0,0,0,0,0,0,0,0,0,0,0,0,0,0,0,0,0,0,0,0,0,0,0,0,0,0,0
251109-73f93893-2306-418b-b820-e63b4e8de358,kotetsu0422,68590027,10,3,3,22600,7533,12000,33,11,0,3,0,0,2,2,0,2,3000,1500,0,0,3,34,11.3,2,3,0,3,1,6,0,2,0,0,0,0,0,0,0,0,1,0,1,0,0,0,0,0,0,0,0,0,0,0,1,0,0,0,0,0,0,0,0,0,0,0,0,0,0,0,0,0,0,0,0,0,0,0,0,0,0,0,0,0,0,0,0,0,0,0,0
251109-d71c7e14-75e8-448e-9043-333739c1d3c4,かんんちゃ,104219450,13,4,6,36000,6000,12000,65,10.8,2,4,0,0,3,7,1,2,10000,5000,0,0,3,21,7,3,3,0,5,3,7,1,3,0,0,0,0,0,2,0,0,1,0,0,1,0,0,0,0,0,0,0,0,0,0,0,0,0,0,0,1,0,0,0,0,0,0,0,0,0,0,0,0,0,0,0,0,0,0,0,0,0,0,0,0,0,0,0,0,0,0,0
251109-d71c7e14-75e8-448e-9043-333739c1d3c4,【くぅー】,100883086,13,1,2,11900,5950,8000,22,11,0,2,0,0,3,0,1,3,19700,6567,0,1,1,5,5,1,1,0,5,1,8,0,1,0,0,0,0,0,0,0,0,0,0,0,0,0,0,1,0,0,0,0,0,0,0,0,1,0,0,0,0,0,0,0,0,0,0,0,0,0,0,0,0,0,0,0,0,0,0,0,0,0,0,0,0,0,0,0,0,0,0,0
251109-d71c7e14-75e8-448e-9043-333739c1d3c4,ひつじ04,69255735,13,2,2,15500,7750,11600,26,13,0,2,0,0,1,1,0,1,5800,5800,1,0,2,19,9.5,1,2,0,5,1,8,0,1,0,0,0,0,0,1,0,0,0,0,0,1,0,0,1,0,0,0,0,0,0,0,0,0,0,0,0,1,0,0,0,0,0,0,0,0,0,0,0,0,0,0,0,0,0,0,0,0,0,0,0,0,0,0,0,0,0,0,0
251109-d71c7e14-75e8-448e-9043-333739c1d3c4,クロミです,105506555,13,2,2,9800,4900,7800,25,12.5,1,1,0,0,0,0,0,3,15800,5267,1,0,3,29,9.7,2,3,0,4,0,6,1,2,0,0,0,0,0,0,0,0,0,0,0,2,0,0,0,0,0,0,0,0,0,0,0,0,0,0,0,1,0,0,0,0,0,0,0,0,0,0,0,0,0,0,0,0,0,0,0,0,0,0,0,0,0,0,0,0,0,0,0
251109-078c1517-b2c8-4567-8f92-a818f9a0e56b,かんんちゃ,104219450,11,2,3,11800,3933,5200,32,10.7,1,2,1,0,1,1,1,2,7200,3600,0,0,2,9,4.5,2,2,0,2,0,2,1,2,0,0,0,0,0,0,0,0,0,0,1,1,0,0,0,0,0,0,0,0,0,0,0,0,0,0,0,0,0,0,0,0,0,0,0,0,0,0,0,0,0,0,0,0,0,0,0,0,0,0,0,0,0,0,0,0,0,0,0
251109-078c1517-b2c8-4567-8f92-a818f9a0e56b,suzuken3,74756413,11,1,2,3000,1500,2000,20,10,0,2,0,0,0,1,0,1,2000,2000,0,0,1,13,13,0,1,0,8,2,10,0,0,0,0,0,0,2,0,0,0,0,0,0,0,0,0,0,0,0,0,0,0,0,0,0,0,0,0,0,0,0,0,0,0,0,0,0,0,0,0,0,0,0,0,0,0,0,0,0,0,0,0,0,0,0,0,0,0,0,0,0
251109-078c1517-b2c8-4567-8f92-a818f9a0e56b,ひつじ04,69255735,11,2,2,4000,2000,2000,26,13,0,2,0,0,0,0,0,4,10200,2550,0,0,1,9,9,1,1,0,6,1,9,0,1,0,0,0,0,0,0,0,0,0,0,0,0,0,0,0,0,0,0,0,0,0,0,0,0,1,0,0,0,0,0,0,0,0,0,0,0,0,0,0,0,0,0,0,0,0,0,0,0,0,0,0,0,0,0,0,0,0,0,0
251109-078c1517-b2c8-4567-8f92-a818f9a0e56b,クロミです,105506555,11,1,3,12400,4133,5200,38,12.7,1,2,0,0,1,2,0,1,3900,3900,0,0,2,26,13,1,2,0,3,2,6,0,1,0,0,0,0,1,0,0,1,0,0,0,0,0,0,0,0,0,0,0,0,0,0,0,0,1,0,0,0,0,0,0,0,0,0,0,0,0,0,0,0,0,0,0,0,0,0,0,0,0,0,0,0,0,0,0,0,0,0,0
251109-c858a932-8bd8-4a59-aa31-e754ea9bbc2e,suzuken3,74756413,11,1,3,24000,8000,12000,40,13.3,2,1,0,0,5,3,2,2,9300,4650,1,0,4,41,10.3,2,3,1,1,1,1,1,2,0,0,0,0,0,1,0,0,0,0,0,0,0,0,0,0,0,0,0,0,0,0,0,0,0,0,0,0,0,0,0,0,0,0,0,0,0,0,0,0,0,0,0,0,0,0,0,0,0,0,0,0,0,0,0,0,0,0,0
251109-c858a932-8bd8-4a59-aa31-e754ea9bbc2e,・meru_06・,108732125,11,2,0,0,,,0,,0,0,0,0,0,0,0,0,0,,0,0,1,2,2,0,1,0,0,0,0,0,0,0,0,0,0,0,0,0,0,0,0,0,0,0,0,0,0,0,0,0,0,0,0,0,0,0,0,0,0,0,0,0,0,0,0,0,0,0,0,0,0,0,0,0,0,0,0,0,0,0,0,0,0,0,0,0,0,0,0,0
251109-c858a932-8bd8-4a59-aa31-e754ea9bbc2e,nyontaro,69847195,11,2,3,21700,7233,8000,38,12.7,1,2,0,0,1,2,0,2,17200,8600,1,0,3,26,8.7,1,1,2,5,2,9,1,1,0,0,0,0,0,1,0,0,0,1,0,0,0,0,1,0,0,0,0,0,0,0,0,0,1,0,0,0,0,0,0,0,0,0,0,0,0,0,0,0,0,0,0,0,0,0,0,0,0,0,0,0,0,0,0,0,0,0,0
251109-c858a932-8bd8-4a59-aa31-e754ea9bbc2e,ちたーふ,68331919,11,1,3,12900,4300,6400,30,10,1,2,0,0,0,2,0,1,5800,5800,1,0,5,48,9.6,3,4,1,0,0,0,1,3,0,0,0,0,0,0,0,0,0,0,0,0,0,0,0,0,0,0,0,0,0,0,1,0,0,0,0,0,0,0,0,0,0,0,0,0,0,0,0,0,0,0,0,0,0,0,0,0,0,0,0,0,0,0,0,0,0,0,0
251109-cde13d78-cbc2-4452-a8b7-e083ade9a0f3,・meru_06・,108732125,11,1,1,8000,8000,8000,14,14,1,0,0,0,0,1,0,0,0,,0,0,2,24,12,1,2,0,4,0,6,1,1,0,0,0,0,0,0,0,0,0,1,1,0,0,0,0,0,0,0,0,0,0,0,0,0,0,0,0,0,0,0,0,0,0,0,0,0,0,0,0,0,0,0,0,0,0,0,0,0,0,0,0,0,0,0,0,0,0,0,0
251109-cde13d78-cbc2-4452-a8b7-e083ade9a0f3,nyontaro,69847195,11,3,5,36600,7320,12000,63,12.6,4,1,0,0,3,1,2,1,12000,12000,1,0,4,41,10.3,3,2,2,3,2,5,3,3,0,0,0,0,0,0,1,1,0,1,1,2,0,0,0,0,0,0,0,0,0,0,0,0,0,0,0,1,0,0,0,0,0,0,0,0,0,0,0,0,0,0,0,0,0,0,0,0,0,0,0,0,0,0,0,0,0,0,0
251109-cde13d78-cbc2-4452-a8b7-e083ade9a0f3,ゴン三郎ニキ,104908039,11,1,0,0,,,0,,0,0,0,0,0,0,0,4,46200,11550,0,0,0,0,,0,0,0,3,0,3,0,0,0,0,0,0,0,0,0,0,0,0,0,0,0,0,0,0,0,0,0,0,0,0,0,0,0,0,0,0,0,0,0,0,0,0,0,0,0,0,0,0,0,0,0,0,0,0,0,0,0,0,0,0,0,0,0,0,0,0,0
251109-cde13d78-cbc2-4452-a8b7-e083ade9a0f3,ちたーふ,68331919,11,1,4,57200,14300,32000,40,10,0,4,1,1,1,2,2,0,0,,0,0,6,63,10.5,3,5,1,2,0,4,0,3,0,0,0,0,0,0,0,0,0,2,0,0,0,0,0,0,0,0,0,0,0,0,0,0,0,0,0,2,0,0,0,0,0,0,0,1,0,0,0,0,0,0,0,0,0,0,0,0,0,0,0,0,0,0,0,0,0,0,0
251109-d0eddcf8-8652-4e2c-971f-8b92bc3803b7,ルート12345,71218983,12,1,3,23700,7900,8000,31,10.3,0,3,0,0,1,2,2,2,10300,5150,1,0,4,26,6.5,3,3,1,3,0,4,0,3,0,0,0,0,1,0,0,0,1,1,0,1,0,0,0,0,0,0,0,0,0,0,0,0,0,0,0,1,0,0,0,0,0,0,0,0,0,0,0,0,0,0,0,0,0,0,0,0,0,0,0,0,0,0,0,0,0,0,0
251109-d0eddcf8-8652-4e2c-971f-8b92bc3803b7,【くぅー】,100883086,12,3,2,19700,9850,12000,19,9.5,0,2,0,0,4,2,0,2,15700,7850,0,0,1,9,9,0,0,1,7,2,12,0,0,0,0,0,0,0,0,0,1,0,1,0,0,0,0,0,0,0,0,0,0,0,0,0,0,0,0,0,0,0,0,0,0,0,0,0,0,0,0,0,0,0,0,0,0,0,0,0,0,0,0,0,0,0,0,0,0,0,0,0
251109-d0eddcf8-8652-4e2c-971f-8b92bc3803b7,ちたーふ,68331919,12,1,2,10500,5250,7900,24,12,1,1,0,0,1,1,0,5,42900,8580,1,0,3,19,6.3,2,3,0,3,0,4,1,2,0,0,0,0,0,0,1,0,0,0,0,0,0,0,0,0,0,0,0,0,0,0,0,0,0,0,0,0,0,0,0,0,0,0,0,0,0,0,0,0,0,0,0,0,0,0,0,0,0,0,0,0,0,0,0,0,0,0,0
251109-d0eddcf8-8652-4e2c-971f-8b92bc3803b7,クロミです,105506555,12,3,5,30600,6120,16000,60,12,0,5,1,0,4,1,0,1,7700,7700,0,0,2,20,10,1,1,1,5,3,8,0,1,0,0,0,0,0,0,1,1,0,0,1,0,0,1,0,0,0,0,2,1,0,0,0,0,0,0,0,1,0,0,0,0,0,0,0,0,0,0,0,0,0,0,0,0,0,0,0,0,0,0,0,0,0,0,0,0,0,0,0
251109-bd81dda5-8e78-4aa9-82a8-20b3709e1091,ちたーふ,68331919,13,1,1,5200,5200,5200,14,14,0,1,0,0,2,0,0,0,0,,0,0,0,0,,0,0,0,5,1,8,0,0,0,0,0,0,0,0,0,0,0,0,0,0,1,0,0,0,0,0,0,0,0,0,0,0,0,0,0,0,0,0,0,0,0,0,0,0,0,0,0,0,0,0,0,0,0,0,0,0,0,0,0,0,0,0,0,0,0,0,0
251109-bd81dda5-8e78-4aa9-82a8-20b3709e1091,クロミです,105506555,13,2,5,26400,5280,12000,65,13,2,3,0,0,4,0,2,1,1000,1000,0,0,3,32,10.7,2,2,1,7,3,16,0,2,0,0,0,0,0,0,0,1,3,0,0,2,0,0,0,0,0,0,0,0,0,0,0,0,0,0,0,1,0,0,0,0,0,0,0,0,0,0,0,0,0,0,0,0,0,0,0,0,0,0,0,0,0,0,0,0,0,0,0
251109-bd81dda5-8e78-4aa9-82a8-20b3709e1091,かんんちゃ,104219450,13,4,3,22000,7333,8000,35,11.7,3,0,0,0,2,2,0,2,7200,3600,0,0,5,44,8.8,3,5,0,3,0,5,3,3,0,0,0,0,0,0,1,0,0,0,0,1,0,0,0,0,0,0,0,0,0,0,0,0,0,0,0,1,0,0,0,0,0,0,0,0,0,0,0,0,0,0,0,0,0,0,0,0,0,0,0,0,0,0,0,0,0,0,0
251109-bd81dda5-8e78-4aa9-82a8-20b3709e1091,ルート12345,71218983,13,2,1,1000,1000,1000,10,10,0,1,0,0,0,0,0,2,14000,7000,0,0,2,23,11.5,0,2,0,4,1,6,0,0,0,0,0,0,0,0,0,0,1,0,0,0,0,0,0,0,0,0,0,0,0,0,0,0,0,0,0,0,0,0,0,0,0,0,0,0,0,0,0,0,0,0,0,0,0,0,0,0,0,0,0,0,0,0,0,0,0,0,0
251109-ba93e1da-a222-4e4a-a085-cbaf82eb045f,こりまる。,108266073,16,2,3,25000,8333,12000,50,16.7,1,2,0,0,0,3,1,2,10600,5300,0,0,5,53,10.6,3,4,1,5,0,6,1,3,0,0,0,0,0,0,0,0,0,1,2,1,0,0,0,0,0,0,0,0,0,0,0,0,0,0,0,0,0,0,0,0,0,0,0,0,0,0,0,0,0,0,0,0,0,0,0,0,0,0,0,0,0,0,0,0,0,0,0
251109-ba93e1da-a222-4e4a-a085-cbaf82eb045f,閄くん,102172268,16,7,6,59000,9833,12000,62,10.3,3,3,0,0,2,2,3,2,17200,8600,0,0,6,50,8.3,5,6,0,4,1,7,3,4,0,0,0,0,0,0,1,1,1,2,1,0,0,0,0,1,0,0,0,0,0,0,0,0,0,0,0,1,0,0,0,0,0,0,0,0,0,0,0,0,0,0,0,0,0,0,0,0,0,0,0,0,0,0,0,0,0,0,0
251109-ba93e1da-a222-4e4a-a085-cbaf82eb045f,ねこぜ7272,106334717,16,2,2,8100,4050,5200,24,12,0,2,0,0,0,2,1,2,12900,6450,0,0,3,28,9.3,1,2,1,4,1,5,0,1,0,0,0,0,0,0,1,0,0,0,0,0,0,0,0,0,0,0,0,0,0,0,0,0,0,0,0,0,0,0,0,0,0,0,0,0,0,0,0,0,0,0,0,0,0,0,0,0,0,0,0,0,0,0,0,0,0,0,0
251109-ba93e1da-a222-4e4a-a085-cbaf82eb045f,・meru_06・,108732125,16,1,3,38700,12900,32000,36,12,3,0,0,1,0,1,1,1,12000,12000,0,0,3,28,9.3,2,1,2,4,1,8,1,1,0,0,0,0,1,0,0,0,0,0,0,0,0,0,0,0,0,0,0,0,0,0,0,0,0,0,0,0,0,0,0,1,0,0,0,0,0,0,0,0,0,0,0,0,0,0,0,0,0,0,0,0,0,0,0,0,0,0,0
251109-d65e426b-978f-4fbc-ac14-2596cccbb111,かんんちゃ,104219450,15,3,4,27500,6875,12000,50,12.5,4,0,0,0,1,3,0,2,4900,2450,1,1,3,38,12.7,1,1,2,5,3,7,1,1,0,0,0,0,0,1,1,1,1,0,0,1,0,0,0,0,0,0,0,0,0,0,0,0,0,0,0,1,0,0,0,0,0,0,0,0,0,0,0,0,0,0,0,0,0,0,0,0,0,0,0,0,0,0,0,0,0,0,0
251109-d65e426b-978f-4fbc-ac14-2596cccbb111,Kasumisou,69812091,15,2,2,9100,4550,5200,30,15,0,2,1,0,0,1,0,0,0,,0,0,3,33,11,1,1,2,2,0,2,0,1,0,0,0,0,0,0,0,0,0,0,0,0,0,1,0,0,0,0,0,0,0,0,0,0,0,0,0,1,0,0,0,0,0,0,0,0,0,0,0,0,0,0,0,0,0,0,0,0,0,0,0,0,0,0,0,0,0,0,0
251109-d65e426b-978f-4fbc-ac14-2596cccbb111,こりまる。,108266073,15,2,4,25500,6375,12000,51,12.8,2,2,0,0,1,2,1,1,5200,5200,0,0,7,51,7.3,3,7,0,2,1,3,2,3,0,0,0,0,1,1,0,0,0,0,0,0,0,0,1,0,0,0,0,1,0,0,0,0,0,0,0,1,0,0,0,0,0,0,0,0,0,0,0,0,0,0,0,0,0,0,0,0,0,0,0,0,0,0,0,0,0,0,0
251109-d65e426b-978f-4fbc-ac14-2596cccbb111,・meru_06・,108732125,15,2,3,21000,7000,12000,45,15,2,1,0,0,2,2,0,2,5500,2750,0,0,1,6,6,1,1,0,4,2,9,1,1,0,1,0,0,0,0,1,0,0,1,0,0,0,0,0,0,0,0,1,0,0,0,0,0,0,0,0,0,0,0,0,0,0,0,0,0,0,0,0,0,0,0,0,0,0,0,0,0,0,0,0,0,0,0,0,0,0,0,0
251110-6063992d-f2f6-4c2b-bca9-23aa5da817ce,yukke_08,105097753,10,1,1,8000,8000,8000,15,15,0,1,0,0,2,1,0,2,11600,5800,2,0,3,29,9.7,1,2,1,2,0,4,0,1,0,0,0,0,0,0,0,0,0,0,0,1,0,0,0,0,0,0,0,0,0,0,0,0,0,0,0,0,0,0,0,0,0,0,0,0,0,0,0,0,0,0,0,0,0,0,0,0,0,0,0,0,0,0,0,0,0,0,0
251110-6063992d-f2f6-4c2b-bca9-23aa5da817ce,Kasumisou,69812091,10,2,2,9700,4850,7700,24,12,0,2,0,0,0,1,0,3,25600,8533,1,0,3,29,9.7,1,2,1,4,1,5,0,1,0,0,0,0,0,0,1,0,0,1,0,0,0,0,0,0,0,0,0,0,0,0,0,0,0,0,0,1,0,0,0,0,0,0,0,0,0,0,0,0,0,0,0,0,0,0,0,0,0,0,0,0,0,0,0,0,0,0,0
251110-6063992d-f2f6-4c2b-bca9-23aa5da817ce,ひつじ04,69255735,10,2,5,37200,7440,16000,55,11,0,5,2,0,7,2,1,2,4000,2000,0,0,3,36,12,2,1,2,1,1,2,0,2,0,0,0,0,0,0,0,1,1,2,0,2,0,0,1,0,0,0,0,0,0,0,1,0,0,0,0,1,0,0,0,0,0,0,0,0,0,0,0,0,0,0,0,0,0,0,0,0,0,0,0,0,0,0,0,0,0,0,0
251110-6063992d-f2f6-4c2b-bca9-23aa5da817ce,あしだやよ,103448968,10,1,1,2000,2000,2000,9,9,0,1,0,0,0,1,0,2,15700,7850,2,0,2,18,9,0,2,0,2,1,4,0,0,0,0,0,0,0,0,0,1,0,0,0,0,0,0,0,0,0,0,0,0,0,0,0,0,0,0,0,0,0,0,0,0,0,0,0,0,0,0,0,0,0,0,0,0,0,0,0,0,0,0,0,0,0,0,0,0,0,0,0
251110-5ddf0b4e-128a-4834-8ec3-0f68100f1d5d,yukke_08,105097753,10,1,4,28400,7100,12000,41,10.3,0,4,0,0,1,3,0,1,2000,2000,0,0,3,24,8,3,3,0,3,1,4,0,3,0,0,0,0,0,1,0,0,0,1,0,2,0,1,0,0,0,0,0,0,0,0,1,0,0,0,0,2,0,0,0,0,0,0,0,0,0,0,0,0,0,0,0,0,0,0,0,0,0,0,0,0,0,0,0,0,0,0,0
251110-5ddf0b4e-128a-4834-8ec3-0f68100f1d5d,ちたーふ,68331919,10,2,3,17300,5767,8000,35,11.7,1,2,1,0,4,1,0,0,0,,0,0,1,9,9,1,0,1,2,1,4,0,1,0,0,0,0,1,0,0,0,0,0,1,0,0,0,0,0,0,0,0,0,0,0,0,0,1,0,0,0,0,0,0,0,0,0,0,0,0,0,0,0,0,0,0,0,0,0,0,0,0,0,0,0,0,0,0,0,0,0,0
251110-5ddf0b4e-128a-4834-8ec3-0f68100f1d5d,琴音04,101333044,10,2,1,2000,2000,2000,8,8,0,1,0,0,0,0,0,4,34400,8600,0,0,2,16,8,0,2,0,2,1,3,0,0,0,0,0,0,0,0,1,0,0,0,0,0,0,0,0,0,0,0,0,0,0,0,0,0,0,0,0,0,0,0,0,0,0,0,0,0,0,0,0,0,0,0,0,0,0,0,0,0,0,0,0,0,0,0,0,0,0,0,0
251110-5ddf0b4e-128a-4834-8ec3-0f68100f1d5d,閄くん,102172268,10,1,1,4700,4700,4700,12,12,1,0,0,0,0,0,0,2,3300,1650,0,0,2,29,14.5,0,2,0,5,1,7,0,0,0,0,0,0,0,1,0,0,0,0,0,0,1,0,0,0,0,0,0,0,0,0,0,0,0,0,0,0,0,0,0,0,0,0,0,0,0,0,0,0,0,0,0,0,0,0,0,0,0,0,0,0,0,0,0,0,0,0,0
251110-bfdc75f3-0595-43d5-8bf2-456e594525d4,ちたーふ,68331919,11,2,0,0,,,0,,0,0,0,0,0,0,0,1,7700,7700,0,1,1,17,17,0,0,1,2,0,2,0,0,0,0,0,0,0,0,0,0,0,0,0,0,0,0,0,0,0,0,0,0,0,0,0,0,0,0,0,0,0,0,0,0,0,0,0,0,0,0,0,0,0,0,0,0,0,0,0,0,0,0,0,0,0,0,0,0,0,0,0
251110-bfdc75f3-0595-43d5-8bf2-456e594525d4,ひつじ04,69255735,11,3,6,24300,4050,8000,55,9.2,1,5,2,0,3,0,0,0,0,,0,0,1,8,8,0,1,0,4,4,10,0,0,0,0,0,0,0,1,0,2,2,0,0,0,0,0,1,0,0,0,1,0,0,0,0,0,1,0,0,0,0,0,0,0,0,0,0,0,0,0,0,0,0,0,0,0,0,0,0,0,0,0,0,0,0,0,0,0,0,0,0
251110-bfdc75f3-0595-43d5-8bf2-456e594525d4,yukke_08,105097753,11,1,3,15700,5233,12000,43,14.3,1,2,1,0,4,1,1,2,10600,5300,1,1,3,27,9,2,3,0,1,0,3,1,2,0,0,0,0,0,0,0,0,0,0,0,0,0,0,0,0,0,0,0,0,0,0,0,0,0,0,0,0,0,0,0,0,0,0,0,0,0,0,0,0,0,0,0,0,0,0,0,0,0,0,0,0,0,0,0,0,0,0,0
251110-bfdc75f3-0595-43d5-8bf2-456e594525d4,閄くん,102172268,11,1,0,0,,,0,,0,0,0,0,0,0,0,4,18200,4550,0,1,2,20,10,0,2,0,3,0,5,0,0,0,0,0,0,0,0,0,0,0,0,0,0,0,0,0,0,0,0,0,0,0,0,0,0,0,0,0,0,0,0,0,0,0,0,0,0,0,0,0,0,0,0,0,0,0,0,0,0,0,0,0,0,0,0,0,0,0,0,0
251110-3d671e43-c9ba-4046-9a79-71c305742132,yukke_08,105097753,12,1,2,18600,9300,16000,28,14,0,2,0,0,7,1,0,0,0,,0,0,4,37,9.3,1,2,2,4,1,4,0,1,0,0,0,0,0,0,1,1,0,0,0,0,0,0,0,0,0,0,0,0,0,0,0,0,0,0,0,0,0,0,0,0,0,0,0,0,0,0,0,0,0,0,0,0,0,0,0,0,0,0,0,0,0,0,0,0,0,0,0
251110-3d671e43-c9ba-4046-9a79-71c305742132,閄くん,102172268,12,1,0,0,,,0,,0,0,0,0,0,0,0,3,26300,8767,0,0,2,29,14.5,0,0,2,5,0,5,0,0,0,0,0,0,0,0,0,0,0,0,0,0,0,0,0,0,0,0,0,0,0,0,0,0,0,0,0,0,0,0,0,0,0,0,0,0,0,0,0,0,0,0,0,0,0,0,0,0,0,0,0,0,0,0,0,0,0,0,0
251110-3d671e43-c9ba-4046-9a79-71c305742132,kotetsu0422,68590027,12,3,1,7700,7700,7700,7,7,0,1,0,0,0,0,1,3,13800,4600,0,0,3,30,10,1,3,0,3,0,5,0,1,0,0,0,0,1,0,0,0,0,0,0,0,0,0,0,0,0,0,0,0,0,0,0,0,0,0,0,0,0,0,0,0,0,0,0,0,0,0,0,0,0,0,0,0,0,0,0,0,0,0,0,0,0,0,0,0,0,0,0
251110-3d671e43-c9ba-4046-9a79-71c305742132,ちたーふ,68331919,12,3,7,58900,8414,24000,85,12.1,4,3,0,0,4,3,6,0,0,,0,0,5,50,10,5,4,1,3,2,3,2,5,0,0,0,0,0,0,0,0,0,2,0,0,0,0,0,0,0,0,0,0,0,0,2,0,0,0,0,0,0,0,0,0,0,0,0,0,0,0,0,0,0,0,0,0,0,0,0,0,0,0,0,0,0,0,0,0,0,0,0
251110-feb35dc9-adc9-4956-893a-f944c238ad26,香川かがわ,108378517,12,3,4,24300,6075,12000,48,12,1,3,0,0,1,3,1,2,15500,7750,0,1,4,33,8.3,4,4,0,1,0,1,1,4,0,0,0,0,0,0,0,0,0,0,0,2,0,0,0,0,0,0,0,0,0,0,0,0,0,0,0,0,0,0,0,0,0,0,0,0,0,0,0,0,0,0,0,0,0,0,0,0,0,0,0,0,0,0,0,0,0,0,0
251110-feb35dc9-adc9-4956-893a-f944c238ad26,あしだやよ,103448968,12,2,0,0,,,0,,0,0,0,0,0,0,0,4,21300,5325,2,1,2,10,5,0,1,1,2,0,4,0,0,0,0,0,0,0,0,0,0,0,0,0,0,0,0,0,0,0,0,0,0,0,0,0,0,0,0,0,0,0,0,0,0,0,0,0,0,0,0,0,0,0,0,0,0,0,0,0,0,0,0,0,0,0,0,0,0,0,0,0
251110-feb35dc9-adc9-4956-893a-f944c238ad26,クロミです,105506555,12,1,5,36400,7280,12000,56,11.2,2,3,1,0,1,2,2,1,1300,1300,0,0,3,26,8.7,3,3,0,2,1,4,2,3,0,0,0,0,1,1,0,0,0,2,1,3,0,0,0,0,0,0,0,0,0,0,0,0,1,0,0,0,0,0,0,0,0,0,0,0,0,0,0,0,0,0,0,0,0,0,0,0,0,0,0,0,0,0,0,0,0,0,0
251110-feb35dc9-adc9-4956-893a-f944c238ad26,ルート12345,71218983,12,2,3,9400,3133,5800,43,14.3,0,3,0,0,1,2,0,0,0,,0,0,2,23,11.5,1,1,1,2,2,3,0,1,0,0,0,0,1,0,1,0,0,0,0,0,0,0,0,0,0,0,0,0,0,0,0,0,0,0,0,0,0,0,0,0,0,0,0,0,0,0,0,0,0,0,0,0,0,0,0,0,0,0,0,0,0,0,0,0,0,0,0
251110-d12d8c7b-4bcf-4a32-9e4b-613322ab9c1e,yukke_08,105097753,11,2,3,17600,5867,12000,45,15,2,1,0,0,4,3,0,1,1000,1000,0,0,1,6,6,1,1,0,4,2,7,0,1,0,0,0,0,0,2,0,0,0,0,1,0,0,0,0,0,0,0,0,0,0,0,0,0,0,0,0,0,0,0,0,0,0,0,0,0,0,0,0,0,0,0,0,0,0,0,0,0,0,0,0,0,0,0,0,0,0,0,0
251110-d12d8c7b-4bcf-4a32-9e4b-613322ab9c1e,kotetsu0422,68590027,11,2,1,5200,5200,5200,11,11,0,1,0,0,1,0,0,2,10600,5300,1,0,2,29,14.5,1,1,1,3,0,5,0,1,0,0,0,0,0,0,0,0,0,0,0,0,0,0,0,0,0,0,0,0,0,0,0,0,0,0,0,1,0,0,0,0,0,0,0,0,0,0,0,0,0,0,0,0,0,0,0,0,0,0,0,0,0,0,0,0,0,0,0
251110-d12d8c7b-4bcf-4a32-9e4b-613322ab9c1e,ちたーふ,68331919,11,1,1,8000,8000,8000,19,19,0,1,0,0,1,1,1,3,18300,6100,2,1,5,57,11.4,1,5,0,2,0,3,0,1,0,0,0,0,0,0,0,0,0,0,0,1,0,0,0,0,0,0,0,0,0,0,0,0,0,0,0,0,0,0,0,0,0,0,0,0,0,0,0,0,0,0,0,0,0,0,0,0,0,0,0,0,0,0,0,0,0,0,0
251110-d12d8c7b-4bcf-4a32-9e4b-613322ab9c1e,閄くん,102172268,11,2,4,18100,4525,11600,45,11.3,1,3,0,0,2,2,0,0,0,,0,0,2,18,9,1,1,1,6,3,12,1,1,0,0,0,0,0,0,1,0,0,2,0,0,0,0,0,0,0,0,0,0,0,0,0,0,0,0,0,0,0,0,0,0,0,0,0,0,0,0,0,0,0,0,0,0,0,0,0,0,0,0,0,0,0,0,0,0,0,0,0
251111-cfb72d61-d873-4d68-8baf-2697312c369c,【ぺた】,105037198,15,3,5,32800,6560,16000,44,8.8,2,3,1,0,2,4,1,3,13400,4467,1,0,2,19,9.5,1,1,1,5,3,9,2,1,0,0,0,0,3,1,0,1,0,0,0,0,0,0,0,0,0,0,0,1,0,0,0,0,0,0,0,1,0,0,0,0,0,0,0,0,0,0,0,0,0,0,0,0,0,0,0,0,0,0,0,0,0,0,0,0,0,0,0
251111-cfb72d61-d873-4d68-8baf-2697312c369c,ひつじ04,69255735,15,3,1,3900,3900,3900,11,11,0,1,0,0,1,0,0,3,8800,2933,0,0,4,38,9.5,1,3,1,4,0,4,0,1,0,0,0,0,0,0,0,0,0,0,0,0,0,0,0,0,0,0,0,0,0,0,0,0,0,0,0,0,0,0,0,0,0,0,0,0,0,0,0,0,0,0,0,0,0,0,0,0,0,0,0,0,0,0,0,0,0,0,0
251111-cfb72d61-d873-4d68-8baf-2697312c369c,yukke_08,105097753,15,2,4,18600,4650,8000,29,7.3,2,2,1,0,3,1,0,0,0,,0,0,1,8,8,0,1,0,6,3,7,0,0,0,0,0,0,1,1,1,1,1,0,1,0,0,0,0,0,0,0,0,0,0,0,0,0,0,0,0,0,0,0,0,0,0,0,0,0,0,0,0,0,0,0,0,0,0,0,0,0,0,0,0,0,0,0,0,0,0,0,0
251111-cfb72d61-d873-4d68-8baf-2697312c369c,エンズヴィル,104021625,15,1,1,7900,7900,7900,13,13,1,0,1,0,1,1,0,0,0,,0,0,1,15,15,0,1,0,5,0,10,1,0,0,0,0,0,0,0,0,0,0,0,1,0,0,0,0,0,0,0,0,0,0,0,0,0,0,0,0,0,0,0,0,0,0,0,0,0,0,0,0,0,0,0,0,0,0,0,0,0,0,0,0,0,0,0,0,0,0,0,0
251111-ead6a719-59e4-45f7-ad1d-7d7092acc297,【ぺた】,105037198,14,3,2,26900,13450,24000,25,12.5,1,1,0,0,1,1,2,2,4900,2450,0,0,3,32,10.7,1,1,2,6,1,7,1,1,0,0,0,0,0,0,1,0,1,0,0,0,0,1,0,0,0,0,0,0,0,0,0,0,0,0,0,0,0,0,0,0,0,0,0,0,0,0,0,0,0,0,0,0,0,0,0,0,0,0,0,0,0,0,0,0,0,0,0
251111-ead6a719-59e4-45f7-ad1d-7d7092acc297,ほかほか亭白米,107968426,14,2,2,6700,3350,5200,22,11,1,1,0,0,1,0,0,0,0,,0,0,2,14,7,1,2,0,3,1,7,1,1,0,0,0,0,0,1,0,0,0,0,0,0,0,0,0,0,0,0,0,0,0,0,0,0,0,0,0,0,0,0,0,0,0,0,0,0,0,0,0,0,0,0,0,0,0,0,0,0,0,0,0,0,0,0,0,0,0,0,0
251111-ead6a719-59e4-45f7-ad1d-7d7092acc297,ルート12345,71218983,14,3,4,26700,6675,12000,48,12,2,2,0,0,2,1,1,2,6700,3350,2,0,4,37,9.3,2,4,0,6,2,7,1,2,0,0,0,0,0,0,0,0,0,2,0,1,0,0,1,0,0,0,0,0,0,0,0,1,0,0,0,0,0,0,0,0,0,0,0,0,0,0,0,0,0,0,0,0,0,0,0,0,0,0,0,0,0,0,0,0,0,0,0
251111-ead6a719-59e4-45f7-ad1d-7d7092acc297,yukke_08,105097753,14,1,2,6200,3100,5200,32,16,0,2,0,0,0,2,0,2,14900,7450,0,0,4,40,10,1,3,1,6,1,8,0,1,0,0,0,0,0,0,1,0,0,0,0,0,0,0,0,0,0,0,0,0,0,0,0,0,0,0,0,0,0,0,0,0,0,0,0,0,0,0,0,0,0,0,0,0,0,0,0,0,0,0,0,0,0,0,0,0,0,0,0
251111-21b3ca20-11c2-4f96-bf1d-d7a1a42ed619,クロミです,105506555,16,2,1,12000,12000,12000,12,12,0,1,0,0,4,1,0,2,19700,9850,1,0,3,32,10.7,0,2,1,5,1,8,0,0,0,0,0,0,0,0,1,0,0,0,0,0,0,0,0,0,0,0,0,0,0,0,0,0,0,0,0,0,0,0,0,0,0,0,0,0,0,0,0,0,0,0,0,0,0,0,0,0,0,0,0,0,0,0,0,0,0,0,0
251111-21b3ca20-11c2-4f96-bf1d-d7a1a42ed619,れもんじゅるる,104892338,16,2,1,1500,1500,1500,11,11,1,0,0,0,0,0,0,2,20600,10300,0,0,1,16,16,0,1,0,6,1,9,0,0,0,0,0,0,1,0,0,0,0,0,0,0,0,0,0,0,0,0,0,0,0,0,0,0,0,0,0,0,0,0,0,0,0,0,0,0,0,0,0,0,0,0,0,0,0,0,0,0,0,0,0,0,0,0,0,0,0,0,0
251111-21b3ca20-11c2-4f96-bf1d-d7a1a42ed619,かんんちゃ,104219450,16,4,6,62500,10417,18000,63,10.5,2,4,0,0,7,3,1,1,7700,7700,0,0,5,48,9.6,4,3,2,4,2,7,1,4,0,0,0,0,0,2,0,0,1,1,2,1,0,0,0,0,0,0,0,0,0,0,0,0,0,0,0,2,0,0,0,0,0,0,0,0,0,0,0,0,0,0,0,0,0,0,0,0,0,0,0,0,0,0,0,0,0,0,0
251111-21b3ca20-11c2-4f96-bf1d-d7a1a42ed619,suzuken3,74756413,16,2,4,26000,6500,8000,46,11.5,1,3,0,0,3,3,1,3,25000,8333,1,0,3,20,6.7,1,3,0,8,3,10,0,1,0,0,0,0,1,1,0,1,1,0,0,1,0,0,0,0,0,0,1,0,0,0,0,0,0,0,0,0,0,0,0,0,0,0,0,0,0,0,0,0,0,0,0,0,0,0,0,0,0,0,0,0,0,0,0,0,0,0,0
251111-770b88de-8610-4c4b-be6f-cb6f15921f7a,ルート12345,71218983,14,2,2,13500,6750,12000,27,13.5,2,0,0,0,1,0,0,1,7700,7700,0,0,2,20,10,1,1,1,4,1,6,1,1,0,0,0,0,0,0,0,0,0,2,1,1,0,0,0,0,0,0,0,0,0,0,0,0,0,0,0,0,0,0,0,0,0,0,0,0,0,0,0,0,0,0,0,0,0,0,0,0,0,0,0,0,0,0,0,0,0,0,0
251111-770b88de-8610-4c4b-be6f-cb6f15921f7a,琴音04,101333044,14,2,1,9600,9600,9600,7,7,1,0,0,0,0,0,0,1,3900,3900,0,0,4,33,8.3,1,4,0,5,0,7,1,1,0,0,0,0,0,0,0,0,0,0,0,0,0,0,0,0,0,0,0,0,0,0,1,0,0,0,0,0,0,0,0,0,0,0,0,0,0,0,0,0,0,0,0,0,0,0,0,0,0,0,0,0,0,0,0,0,0,0,0
251111-770b88de-8610-4c4b-be6f-cb6f15921f7a,クロミです,105506555,14,2,2,3900,1950,2900,16,8,0,2,0,0,0,0,0,1,1000,1000,0,0,2,23,11.5,0,1,1,5,2,6,0,0,0,0,0,0,1,0,0,1,1,0,0,0,0,0,0,0,0,0,0,0,0,0,0,0,0,0,0,0,0,0,0,0,0,0,0,0,0,0,0,0,0,0,0,0,0,0,0,0,0,0,0,0,0,0,0,0,0,0,0
251111-770b88de-8610-4c4b-be6f-cb6f15921f7a,yukke_08,105097753,14,4,6,35800,5967,12000,74,12.3,3,3,2,0,3,3,1,2,3900,1950,0,1,3,33,11,2,3,0,2,2,3,2,2,0,0,0,0,0,0,0,0,0,3,0,4,1,0,1,0,0,0,0,0,0,0,0,0,0,0,0,0,0,0,0,0,0,0,0,0,0,0,0,0,0,0,0,0,0,0,0,0,0,0,0,0,0,0,0,0,0,0,0
251111-4dabfd72-2040-4b88-8ce1-4ca9116033bb,クロミです,105506555,12,2,1,1500,1500,1500,15,15,1,0,0,0,0,0,0,0,0,,0,0,2,26,13,0,1,1,3,1,3,0,0,0,0,0,0,0,1,0,0,0,0,0,0,0,0,0,0,0,0,0,0,0,0,0,0,0,0,0,0,0,0,0,0,0,0,0,0,0,0,0,0,0,0,0,0,0,0,0,0,0,0,0,0,0,0,0,0,0,0,0
251111-4dabfd72-2040-4b88-8ce1-4ca9116033bb,ルート12345,71218983,12,2,3,19200,6400,12000,37,12.3,1,2,0,0,1,1,2,1,2000,2000,0,0,3,32,10.7,2,2,1,6,1,9,1,2,0,0,0,0,0,0,0,0,0,1,0,0,0,0,0,0,0,0,0,0,0,0,0,0,0,0,0,1,0,0,0,0,0,0,0,0,0,0,0,0,0,0,0,0,0,0,0,0,0,0,0,0,0,0,0,0,0,0,0
251111-4dabfd72-2040-4b88-8ce1-4ca9116033bb,ねこぜ7272,106334717,12,1,4,13900,3475,4000,49,12.3,2,2,0,0,1,3,1,2,14000,7000,0,0,3,27,9,2,3,0,6,2,8,2,2,0,0,0,0,0,0,0,0,1,1,0,0,0,0,0,0,0,0,0,0,0,0,0,0,0,0,0,0,0,0,0,0,0,0,0,0,0,0,0,0,0,0,0,0,0,0,0,0,0,0,0,0,0,0,0,0,0,0,0
251111-4dabfd72-2040-4b88-8ce1-4ca9116033bb,yukke_08,105097753,12,1,2,7900,3950,5200,18,9,2,0,0,0,0,0,0,1,3900,3900,0,0,2,13,6.5,2,2,0,7,0,8,2,2,0,0,0,0,0,0,0,0,0,0,0,1,0,0,0,0,0,0,0,0,0,0,0,0,0,0,0,1,0,0,0,0,0,0,0,0,0,0,0,0,0,0,0,0,0,0,0,0,0,0,0,0,0,0,0,0,0,0,0
251112-9896a3c7-e7ac-469f-a24f-90996491f9cd,yukke_08,105097753,10,2,3,13700,4567,11600,24,8,1,2,1,0,1,1,0,0,0,,0,0,1,12,12,0,1,0,5,2,10,1,0,0,0,0,0,0,0,0,2,1,0,0,0,0,0,0,0,0,0,0,0,0,0,0,0,0,0,0,0,0,0,0,0,0,0,0,0,0,0,0,0,0,0,0,0,0,0,0,0,0,0,0,0,0,0,0,0,0,0,0
251112-9896a3c7-e7ac-469f-a24f-90996491f9cd,ひつじ04,69255735,10,1,2,14000,7000,12000,32,16,0,2,0,0,3,2,1,2,16000,8000,0,0,2,18,9,1,1,1,4,1,5,0,1,0,0,0,0,0,1,0,0,0,1,0,0,0,0,0,0,0,0,0,0,0,0,0,0,0,0,0,0,0,0,0,0,0,0,0,0,0,0,0,0,0,0,0,0,0,0,0,0,0,0,0,0,0,0,0,0,0,0,0
251112-9896a3c7-e7ac-469f-a24f-90996491f9cd,【ぺた】,105037198,10,2,4,20000,5000,8000,46,11.5,3,1,0,0,2,1,2,3,14600,4867,0,0,2,20,10,2,2,0,4,2,7,1,2,0,0,0,0,0,2,0,0,0,0,0,0,0,0,0,0,0,0,0,0,0,0,0,0,0,0,0,1,0,0,0,0,0,0,0,0,0,0,0,0,0,0,0,0,0,0,0,0,0,0,0,0,0,0,0,0,0,0,0
251112-9896a3c7-e7ac-469f-a24f-90996491f9cd,suzuken3,74756413,10,1,1,8000,8000,8000,7,7,0,1,0,0,2,1,0,1,12000,12000,0,0,2,19,9.5,0,2,0,2,1,4,0,0,0,0,0,0,0,0,0,1,1,0,0,0,0,0,0,0,0,0,0,0,0,0,0,0,0,0,0,0,0,0,0,0,0,0,0,0,0,0,0,0,0,0,0,0,0,0,0,0,0,0,0,0,0,0,0,0,0,0,0
251112-6f529b55-2fcf-46fd-9425-984a672c2c93,suzuken3,74756413,10,2,1,2900,2900,2900,11,11,0,1,0,0,1,0,0,3,20900,6967,0,0,0,0,,0,0,0,3,1,3,0,0,0,0,0,0,1,0,0,0,0,0,0,0,0,0,0,0,0,0,0,0,0,0,0,0,0,0,0,0,0,0,0,0,0,0,0,0,0,0,0,0,0,0,0,0,0,0,0,0,0,0,0,0,0,0,0,0,0,0,0
251112-6f529b55-2fcf-46fd-9425-984a672c2c93,【ぺた】,105037198,10,1,2,16000,8000,8000,30,15,1,1,0,0,4,1,1,0,0,,0,0,2,22,11,2,2,0,1,0,2,1,2,0,0,0,0,0,0,0,0,0,1,0,0,0,0,0,0,0,0,0,0,0,0,0,0,0,0,0,0,0,0,0,0,0,0,0,0,0,0,0,0,0,0,0,0,0,0,0,0,0,0,0,0,0,0,0,0,0,0,0
251112-6f529b55-2fcf-46fd-9425-984a672c2c93,ひつじ04,69255735,10,1,3,79700,26567,64000,33,11,0,3,0,1,0,0,0,1,5200,5200,0,0,2,23,11.5,2,0,2,2,1,2,0,1,0,0,0,0,1,0,1,0,0,1,1,1,0,0,0,0,0,0,0,0,0,0,0,0,1,0,0,0,0,0,0,0,0,0,0,0,0,0,0,0,0,0,1,0,0,0,0,0,0,0,0,0,0,0,0,0,0,0,0
251112-6f529b55-2fcf-46fd-9425-984a672c2c93,yukke_08,105097753,10,2,3,22400,7467,12000,37,12.3,1,2,0,0,3,2,0,3,74900,24967,1,0,4,31,7.8,2,4,0,5,1,8,0,2,0,0,0,0,0,0,0,1,0,0,0,0,0,0,1,0,0,0,0,0,0,0,0,0,1,0,0,0,0,0,0,0,0,0,0,0,0,0,0,0,0,0,0,0,0,0,0,0,0,0,0,0,0,0,0,0,0,0,0
251112-c147fa4c-aeed-4c32-b465-324bf7103977,那遊多,104380037,9,1,2,14000,7000,12000,26,13,1,1,0,0,0,0,2,2,9000,4500,0,0,3,31,10.3,1,2,1,2,1,3,1,1,0,0,0,0,0,0,0,1,1,1,1,1,0,0,0,0,0,0,0,0,0,0,0,0,0,0,0,0,0,0,0,0,0,0,0,0,0,0,0,0,0,0,0,0,0,0,0,0,0,0,0,0,0,0,0,0,0,0,0
251112-c147fa4c-aeed-4c32-b465-324bf7103977,ひつじ04,69255735,9,1,0,0,,,0,,0,0,0,0,0,0,0,1,5800,5800,0,0,0,0,,0,0,0,2,0,4,0,0,0,0,0,0,0,0,0,0,0,0,0,0,0,0,0,0,0,0,0,0,0,0,0,0,0,0,0,0,0,0,0,0,0,0,0,0,0,0,0,0,0,0,0,0,0,0,0,0,0,0,0,0,0,0,0,0,0,0,0
251112-c147fa4c-aeed-4c32-b465-324bf7103977,【ぺた】,105037198,9,2,2,6800,3400,5800,10,5,0,2,0,0,0,0,0,3,9800,3267,0,0,1,6,6,0,1,0,4,2,9,0,0,0,0,0,0,0,1,1,1,1,0,0,0,0,0,0,0,0,0,0,0,0,0,0,0,0,0,0,0,0,0,0,0,0,0,0,0,0,0,0,0,0,0,0,0,0,0,0,0,0,0,0,0,0,0,0,0,0,0,0
251112-c147fa4c-aeed-4c32-b465-324bf7103977,yukke_08,105097753,9,1,5,20900,4180,8000,76,15.2,2,3,1,0,3,1,0,0,0,,0,0,2,23,11.5,2,1,1,3,2,5,0,2,0,0,0,0,1,0,0,0,0,2,0,1,0,0,1,0,0,0,0,0,0,0,0,0,1,0,0,0,0,0,0,0,0,0,0,0,0,0,0,0,0,0,0,0,0,0,0,0,0,0,0,0,0,0,0,0,0,0,0
251112-c145539c-38d4-4ab9-a518-36d7e2aeaf78,歌留多,67936343,10,2,3,21000,7000,18000,35,11.7,0,3,1,0,1,2,2,2,4000,2000,0,0,1,7,7,1,1,0,3,1,3,0,1,0,0,0,0,0,0,1,0,0,0,0,2,0,0,0,0,0,0,0,0,0,0,0,0,0,0,0,0,0,0,0,0,0,0,0,0,0,0,0,0,0,0,0,0,0,0,0,0,0,0,0,0,0,0,0,0,0,0,0
251112-c145539c-38d4-4ab9-a518-36d7e2aeaf78,ちたーふ,68331919,10,1,1,8000,8000,8000,13,13,0,1,0,0,1,1,1,3,22900,7633,1,0,2,15,7.5,1,2,0,2,0,4,0,1,0,0,0,0,0,0,0,0,0,0,0,0,0,0,0,0,0,0,0,0,0,0,0,0,0,0,0,0,0,0,0,0,0,0,0,0,0,0,0,0,0,0,0,0,0,0,0,0,0,0,0,0,0,0,0,0,0,0,0
251112-c145539c-38d4-4ab9-a518-36d7e2aeaf78,yukke_08,105097753,10,2,4,17900,4475,8000,56,14,1,3,0,0,2,1,1,1,2000,2000,0,0,4,41,10.3,2,2,2,5,2,6,1,2,0,0,0,0,0,0,0,1,0,0,0,0,0,0,0,0,0,0,0,0,0,0,0,0,2,0,0,0,0,0,0,0,0,0,0,0,0,0,0,0,0,0,0,0,0,0,0,0,0,0,0,0,0,0,0,0,0,0,0
251112-c145539c-38d4-4ab9-a518-36d7e2aeaf78,琴音04,101333044,10,1,1,2000,2000,2000,12,12,0,1,0,0,0,1,0,2,16000,8000,0,1,1,6,6,0,1,0,4,1,5,0,0,0,0,0,0,0,0,0,1,0,0,0,0,0,0,0,0,0,0,0,0,0,0,0,0,0,0,0,0,0,0,0,0,0,0,0,0,0,0,0,0,0,0,0,0,0,0,0,0,0,0,0,0,0,0,0,0,0,0,0
251112-68035fdb-35f9-4d2e-b002-6f26ea67c4f3,devil1892,101569447,10,2,2,21900,10950,18000,35,17.5,0,2,1,0,0,3,3,0,0,,0,0,2,23,11.5,1,1,1,0,0,0,0,1,0,0,0,0,1,0,0,0,0,0,0,1,0,0,0,0,0,0,0,0,0,0,0,0,0,0,0,0,0,0,0,0,0,0,0,0,0,0,0,0,0,0,0,0,0,0,0,0,0,0,0,0,0,0,0,0,0,0,0
251112-68035fdb-35f9-4d2e-b002-6f26ea67c4f3,あしだやよ,103448968,10,2,2,26000,13000,18000,23,11.5,2,0,0,0,3,1,1,3,32000,10667,1,0,4,43,10.8,2,3,1,0,0,0,2,2,0,0,0,0,0,0,0,0,0,0,0,1,0,0,0,0,0,0,0,0,0,0,0,0,0,0,0,1,0,0,0,0,0,0,0,0,0,0,0,0,0,0,0,0,0,0,0,0,0,0,0,0,0,0,0,0,0,0,0
251112-68035fdb-35f9-4d2e-b002-6f26ea67c4f3,ねこぜ7272,106334717,10,1,3,31700,10567,12000,43,14.3,0,3,0,0,4,4,4,2,7800,3900,0,0,2,22,11,2,2,0,4,1,4,0,2,0,0,0,0,0,0,0,1,0,0,0,1,0,0,0,0,0,0,0,0,0,0,0,0,0,0,0,0,0,0,0,0,0,0,0,0,0,0,0,0,0,0,0,0,0,0,0,0,0,0,0,0,0,0,0,0,0,0,0
251112-68035fdb-35f9-4d2e-b002-6f26ea67c4f3,kotetsu0422,68590027,10,1,2,5900,2950,3900,27,13.5,0,2,0,0,1,1,0,2,19700,9850,1,0,2,23,11.5,1,1,1,5,1,7,0,1,0,0,0,0,0,0,0,0,0,1,0,1,0,0,0,0,0,0,0,0,0,0,0,0,0,0,0,0,0,0,0,0,0,0,0,0,0,0,0,0,0,0,0,0,0,0,0,0,0,0,0,0,0,0,0,0,0,0,0
251112-2abd3c48-e0ce-4cac-948f-2c565880d182,きょーか8,69157106,13,1,1,8000,8000,8000,8,8,0,1,0,0,1,0,0,2,13200,6600,0,0,1,11,11,0,1,0,4,1,5,0,0,0,0,0,0,0,0,1,0,1,0,0,0,1,0,0,0,0,0,0,0,0,0,0,0,0,0,0,0,0,0,0,0,0,0,0,0,0,0,0,0,0,0,0,0,0,0,0,0,0,0,0,0,0,0,0,0,0,0,0
251112-2abd3c48-e0ce-4cac-948f-2c565880d182,ちたーふ,68331919,13,5,6,49700,8283,24000,79,13.2,4,2,0,0,4,5,0,0,0,,0,0,5,57,11.4,3,4,1,7,3,11,3,3,0,0,0,0,0,1,1,0,0,1,0,2,0,1,0,0,0,0,0,0,0,0,0,0,0,0,0,1,0,0,0,0,0,0,0,0,0,0,0,0,0,0,0,0,0,0,0,0,0,0,0,0,0,0,0,0,0,0,0
251112-2abd3c48-e0ce-4cac-948f-2c565880d182,クロミです,105506555,13,1,3,15900,5300,8000,40,13.3,1,2,1,0,2,0,0,1,2000,2000,0,0,0,0,,0,0,0,3,2,5,0,0,0,0,0,0,0,0,0,1,0,0,0,0,0,0,0,0,0,0,0,0,0,0,0,0,1,0,1,0,0,0,0,0,0,0,0,0,0,0,0,0,0,0,0,0,0,0,0,0,0,0,0,0,0,0,0,0,0,0,0
251112-2abd3c48-e0ce-4cac-948f-2c565880d182,yukke_08,105097753,13,2,1,1500,1500,1500,18,18,1,0,0,0,0,0,0,2,9000,4500,0,0,2,15,7.5,0,2,0,3,1,4,0,0,0,0,0,0,0,0,0,0,0,1,0,0,0,0,0,0,0,0,0,0,0,0,0,0,0,0,0,0,0,0,0,0,0,0,0,0,0,0,0,0,0,0,0,0,0,0,0,0,0,0,0,0,0,0,0,0,0,0,0
251112-54bccbb1-4196-4276-8171-fc9f782cb00b,kotetsu0422,68590027,10,2,3,16000,5333,8000,40,13.3,1,2,0,0,0,3,0,1,1000,1000,0,0,3,29,9.7,2,2,1,2,1,3,1,2,0,0,0,0,0,0,0,0,0,1,0,0,0,1,0,0,0,0,0,0,0,0,0,0,0,0,0,0,0,0,0,0,0,0,0,0,0,0,0,0,0,0,0,0,0,0,0,0,0,0,0,0,0,0,0,0,0,0,0
251112-54bccbb1-4196-4276-8171-fc9f782cb00b,ちたーふ,68331919,10,1,1,5200,5200,5200,13,13,0,1,1,0,1,0,0,2,22000,11000,1,0,1,9,9,0,1,0,4,0,5,0,0,0,0,0,0,0,0,0,0,0,1,1,0,0,0,0,0,0,0,0,0,0,0,0,0,0,0,0,0,0,0,0,0,0,0,0,0,0,0,0,0,0,0,0,0,0,0,0,0,0,0,0,0,0,0,0,0,0,0,0
251112-54bccbb1-4196-4276-8171-fc9f782cb00b,クロミです,105506555,10,2,5,46000,9200,12000,53,10.6,4,1,3,0,10,5,1,0,0,,0,0,1,8,8,1,1,0,2,1,2,4,1,0,0,0,0,0,0,0,0,0,2,0,0,0,1,1,0,0,0,0,0,0,0,0,0,0,0,0,0,0,0,0,0,0,0,0,0,0,0,0,0,0,0,0,0,0,0,0,0,0,0,0,0,0,0,0,0,0,0,0
251112-54bccbb1-4196-4276-8171-fc9f782cb00b,yukke_08,105097753,10,1,1,1000,1000,1000,7,7,0,1,0,0,0,0,0,1,5200,5200,0,0,1,11,11,0,1,0,6,1,9,0,0,0,0,0,0,0,0,0,0,1,0,0,0,0,0,0,0,0,0,0,0,0,0,0,0,0,0,0,0,0,0,0,0,0,0,0,0,0,0,0,0,0,0,0,0,0,0,0,0,0,0,0,0,0,0,0,0,0,0,0
251112-2dfe29f1-03c7-4a1c-bdf0-b0a1f5d202d5,devil1892,101569447,11,2,2,6500,3250,5200,32,16,0,2,0,0,0,0,1,1,12000,12000,0,1,5,53,10.6,2,4,1,0,0,0,0,2,0,0,0,0,0,0,0,0,0,1,0,0,0,0,0,0,0,0,0,0,0,0,0,0,0,0,0,0,0,0,0,0,0,0,0,0,0,0,0,0,0,0,0,0,0,0,0,0,0,0,0,0,0,0,0,0,0,0,0
251112-2dfe29f1-03c7-4a1c-bdf0-b0a1f5d202d5,閄くん,102172268,11,1,2,10000,5000,8000,26,13,0,2,0,0,1,2,1,2,19600,9800,0,0,1,6,6,1,0,1,7,1,8,0,1,0,0,0,0,0,0,0,0,0,2,0,0,0,0,0,0,0,0,0,0,0,0,0,0,0,0,0,0,0,0,0,0,0,0,0,0,0,0,0,0,0,0,0,0,0,0,0,0,0,0,0,0,0,0,0,0,0,0,0
251112-2dfe29f1-03c7-4a1c-bdf0-b0a1f5d202d5,あしだやよ,103448968,11,1,2,10600,5300,8000,24,12,0,2,0,0,3,2,0,1,1300,1300,0,0,2,27,13.5,1,1,1,2,1,5,0,1,0,0,0,0,0,1,0,0,0,0,0,0,0,0,0,0,0,0,0,0,0,0,0,0,0,0,0,0,0,0,0,0,0,0,0,0,0,0,0,0,0,0,0,0,0,0,0,0,0,0,0,0,0,0,0,0,0,0,0
251112-2dfe29f1-03c7-4a1c-bdf0-b0a1f5d202d5,こりまる。,108266073,11,2,2,23600,11800,12000,26,13,0,2,0,0,4,1,0,4,17800,4450,2,0,4,38,9.5,1,4,0,3,1,5,0,1,0,0,0,0,0,0,0,1,1,0,1,0,0,0,0,0,0,0,0,0,0,0,0,0,0,0,0,1,0,0,0,0,0,0,0,0,0,0,0,0,0,0,0,0,0,0,0,0,0,0,0,0,0,0,0,0,0,0,0
251112-f3c215b4-534d-4d23-9a5d-2dfc716a8b8a,ねこぜ7272,106334717,11,1,4,22000,5500,8000,51,12.8,2,2,0,0,2,3,1,0,0,,0,0,3,24,8,3,3,0,2,1,3,2,3,0,0,0,0,0,0,0,0,0,2,0,1,0,0,0,0,0,0,0,0,0,0,0,0,0,0,0,0,0,0,0,0,0,0,0,0,0,0,0,0,0,0,0,0,0,0,0,0,0,0,0,0,0,0,0,0,0,0,0
251112-f3c215b4-534d-4d23-9a5d-2dfc716a8b8a,ちたーふ,68331919,11,2,1,1500,1500,1500,13,13,0,1,0,0,0,0,0,1,2000,2000,0,0,2,17,8.5,0,2,0,5,1,7,0,0,0,0,0,0,0,0,1,0,0,0,0,0,0,0,0,0,0,0,0,0,0,0,0,0,0,0,0,0,0,0,0,0,0,0,0,0,0,0,0,0,0,0,0,0,0,0,0,0,0,0,0,0,0,0,0,0,0,0,0
251112-f3c215b4-534d-4d23-9a5d-2dfc716a8b8a,閄くん,102172268,11,2,1,2000,2000,2000,16,16,0,1,0,0,0,1,0,2,10000,5000,0,0,2,18,9,0,2,0,7,1,10,0,0,0,0,0,0,0,0,0,0,0,1,0,0,0,0,0,0,0,0,0,0,0,0,0,0,0,0,0,0,0,0,0,0,0,0,0,0,0,0,0,0,0,0,0,0,0,0,0,0,0,0,0,0,0,0,0,0,0,0,0
251112-f3c215b4-534d-4d23-9a5d-2dfc716a8b8a,yukke_08,105097753,11,1,2,16000,8000,12000,29,14.5,2,0,0,0,0,0,2,1,1500,1500,0,0,3,37,12.3,2,2,1,5,0,8,2,2,0,0,0,0,0,0,0,0,0,0,0,0,0,1,0,0,0,0,0,0,0,0,0,0,0,0,0,1,0,0,0,0,0,0,0,0,0,0,0,0,0,0,0,0,0,0,0,0,0,0,0,0,0,0,0,0,0,0,0
251112-d2b7ee6d-b4df-439d-85cc-fbc9642edeb2,【ぺた】,105037198,10,1,1,3900,3900,3900,16,16,0,1,0,0,1,0,0,2,19300,9650,1,0,3,28,9.3,1,3,0,0,0,0,0,1,0,0,0,0,0,0,0,0,0,0,0,1,0,0,0,0,0,0,0,0,0,0,0,0,0,0,0,0,0,0,0,0,0,0,0,0,0,0,0,0,0,0,0,0,0,0,0,0,0,0,0,0,0,0,0,0,0,0,0
251112-d2b7ee6d-b4df-439d-85cc-fbc9642edeb2,Mash_room,102233013,10,2,3,24500,8167,11600,35,11.7,1,2,0,0,4,0,0,2,4900,2450,1,0,3,43,14.3,0,1,2,3,3,5,0,0,0,0,0,0,0,0,1,1,2,1,0,0,0,0,0,0,0,0,0,0,0,0,0,0,1,0,0,0,0,0,0,0,0,0,0,0,0,0,0,0,0,0,0,0,0,0,0,0,0,0,0,0,0,0,0,0,0,0,0
251112-d2b7ee6d-b4df-439d-85cc-fbc9642edeb2,ルート12345,71218983,10,1,2,3000,1500,2000,23,11.5,0,2,1,0,0,1,0,1,3900,3900,0,0,0,0,,0,0,0,4,1,7,0,0,0,0,0,0,0,0,0,0,0,1,0,1,0,0,0,0,0,0,0,0,0,0,0,0,0,0,0,0,0,0,0,0,0,0,0,0,0,0,0,0,0,0,0,0,0,0,0,0,0,0,0,0,0,0,0,0,0,0,0
251112-d2b7ee6d-b4df-439d-85cc-fbc9642edeb2,kotetsu0422,68590027,10,1,3,15900,5300,8000,46,15.3,2,1,0,0,2,2,0,1,2000,2000,1,0,4,39,9.8,1,4,0,4,2,8,1,1,0,0,0,0,1,1,1,0,0,0,1,0,0,0,0,0,0,0,0,0,0,0,0,0,0,0,0,0,0,0,0,0,0,0,0,0,0,0,0,0,0,0,0,0,0,0,0,0,0,0,0,0,0,0,0,0,0,0,0
251113-d9447ff4-8c21-43ed-b186-bfb061efd596,【ぺた】,105037198,17,3,4,26800,6700,11600,46,11.5,0,4,1,0,2,4,0,0,0,,0,0,1,6,6,0,1,0,9,3,12,0,0,0,0,0,1,0,0,1,0,0,3,0,0,0,0,0,0,0,0,1,0,0,0,0,0,0,0,0,0,0,0,0,0,0,0,0,0,0,0,0,0,0,0,0,0,0,0,0,0,0,0,0,0,0,0,0,0,0,0,0
251113-d9447ff4-8c21-43ed-b186-bfb061efd596,瀬田~Set4Fi1~,101374886,17,1,2,17200,8600,12000,22,11,2,0,0,0,2,0,1,5,57300,11460,0,0,2,20,10,1,2,0,6,1,10,1,1,0,0,0,0,0,0,1,0,1,0,0,0,0,0,0,0,0,0,0,0,0,0,0,0,1,0,0,0,0,0,0,0,0,0,0,0,0,0,0,0,0,0,0,0,0,0,0,0,0,0,0,0,0,0,0,0,0,0,0
251113-d9447ff4-8c21-43ed-b186-bfb061efd596,yukke_08,105097753,17,4,7,62500,8929,18000,86,12.3,3,4,1,0,9,2,1,0,0,,0,0,5,54,10.8,1,3,2,5,5,9,2,1,0,0,0,0,0,1,2,1,2,2,0,1,0,0,0,0,0,0,1,0,0,0,0,0,1,0,0,0,0,0,0,0,0,0,0,0,0,0,0,0,0,0,0,0,0,0,0,0,0,0,0,0,0,0,0,0,0,0,0
251113-d9447ff4-8c21-43ed-b186-bfb061efd596,devil1892,101569447,17,2,2,11900,5950,8000,28,14,2,0,0,0,3,0,0,3,13000,4333,1,0,5,53,10.6,2,3,2,2,0,2,2,2,0,0,0,0,0,0,0,0,0,0,0,1,0,0,0,0,0,0,0,0,0,0,0,0,0,0,0,0,0,0,0,0,0,0,0,0,0,0,0,0,0,0,0,0,0,0,0,0,0,0,0,0,0,0,0,0,0,0,0
251113-bbde7ef1-1fa0-4ddb-a1d5-7e94248cb426,クロミです,105506555,18,2,2,19800,9900,12000,31,15.5,1,1,0,0,2,0,1,4,25500,6375,0,0,1,17,17,1,0,1,6,1,6,0,1,0,0,0,0,0,1,0,1,0,1,0,1,0,0,0,0,0,0,0,0,0,0,0,0,0,0,0,0,0,0,0,0,0,0,0,0,0,0,0,0,0,0,0,0,0,0,0,0,0,0,0,0,0,0,0,0,0,0,0
251113-bbde7ef1-1fa0-4ddb-a1d5-7e94248cb426,【ぺた】,105037198,18,1,2,11700,5850,7700,22,11,1,1,0,0,3,2,0,4,22700,5675,1,0,1,16,16,0,0,1,9,2,15,0,0,0,0,0,0,0,0,0,0,1,1,0,0,0,0,0,0,0,0,0,0,0,0,0,0,0,0,0,0,0,0,0,0,0,0,0,0,0,0,0,0,0,0,0,0,0,0,0,0,0,0,0,0,0,0,0,0,0,0,0
251113-bbde7ef1-1fa0-4ddb-a1d5-7e94248cb426,ルート12345,71218983,18,6,7,37900,5414,12000,92,13.1,1,6,0,0,3,2,2,2,19300,9650,1,0,8,63,7.9,6,8,0,4,1,4,1,6,0,0,0,0,0,0,0,1,1,1,0,2,0,0,0,0,0,0,0,0,0,0,0,0,0,0,0,0,0,0,0,0,0,0,0,0,0,0,0,0,0,0,0,0,0,0,0,0,0,0,0,0,0,0,0,0,0,0,0
251113-bbde7ef1-1fa0-4ddb-a1d5-7e94248cb426,yukke_08,105097753,18,3,6,46000,7667,12000,77,12.8,2,4,0,0,8,2,1,2,14900,7450,2,0,6,68,11.3,3,6,0,4,3,5,2,3,0,0,0,0,1,1,0,0,0,0,0,1,0,0,0,0,0,0,0,0,0,0,0,1,0,0,0,1,0,0,0,0,0,0,0,0,0,0,0,0,0,0,0,0,0,0,0,0,0,0,0,0,0,0,0,0,0,0,0
251113-50c80dd4-fb5f-4be6-8107-52abe6b48d5e,こりまる。,108266073,8,1,3,16400,5467,8000,28,9.3,1,2,1,0,2,1,0,2,7800,3900,0,0,3,27,9,2,2,1,1,0,2,1,2,0,0,0,0,0,1,0,0,0,0,0,0,0,0,0,0,0,0,0,0,0,0,1,0,0,0,0,1,0,0,0,0,0,0,0,0,0,0,0,0,0,0,0,0,0,0,0,0,0,0,0,0,0,0,0,0,0,0,0
251113-50c80dd4-fb5f-4be6-8107-52abe6b48d5e,ルート12345,71218983,8,1,2,7800,3900,5200,27,13.5,0,2,0,0,2,1,0,0,0,,0,0,2,20,10,1,1,1,2,1,3,0,1,0,0,0,0,0,0,0,1,0,0,0,0,0,0,0,0,0,0,0,0,0,0,0,0,0,0,0,0,0,0,0,0,0,0,0,0,0,0,0,0,0,0,0,0,0,0,0,0,0,0,0,0,0,0,0,0,0,0,0
251113-50c80dd4-fb5f-4be6-8107-52abe6b48d5e,琴音04,101333044,8,1,1,8000,8000,8000,14,14,1,0,0,0,1,0,1,2,7200,3600,1,0,2,20,10,1,1,1,0,0,0,1,1,0,0,0,0,0,0,0,0,0,0,0,1,0,0,0,0,0,0,0,0,0,0,0,0,0,0,0,0,0,0,0,0,0,0,0,0,0,0,0,0,0,0,0,0,0,0,0,0,0,0,0,0,0,0,0,0,0,0,0
251113-50c80dd4-fb5f-4be6-8107-52abe6b48d5e,クロミです,105506555,8,1,1,2000,2000,2000,15,15,0,1,0,0,0,0,0,1,8000,8000,0,0,2,27,13.5,1,2,0,3,0,4,0,1,0,0,0,0,0,0,0,0,0,0,0,1,0,0,0,0,0,0,0,0,0,0,0,0,0,0,0,0,0,0,0,0,0,0,0,0,0,0,0,0,0,0,0,0,0,0,0,0,0,0,0,0,0,0,0,0,0,0,0
251113-f0a964bd-90d6-4b6c-b295-47c6c5bd534a,閄くん,102172268,13,1,3,22000,7333,12000,26,8.7,1,2,0,0,1,2,1,2,6500,3250,1,0,4,17,4.3,2,4,0,6,1,9,1,2,0,0,0,0,0,0,1,0,0,2,0,1,0,0,1,0,0,0,0,0,0,0,0,0,0,0,0,1,0,0,0,0,0,0,0,0,0,0,0,0,0,0,0,0,0,0,0,0,0,0,0,0,0,0,0,0,0,0,0
251113-f0a964bd-90d6-4b6c-b295-47c6c5bd534a,こりまる。,108266073,13,3,5,31000,6200,12000,62,12.4,3,2,0,0,0,4,2,2,20000,10000,0,0,5,51,10.2,4,2,3,3,1,4,2,4,0,0,0,0,0,0,0,1,0,0,0,2,0,0,0,0,0,0,0,0,0,0,0,0,0,0,0,1,0,0,0,0,0,0,0,0,0,0,0,0,0,0,0,0,0,0,0,0,0,0,0,0,0,0,0,0,0,0,0
251113-f0a964bd-90d6-4b6c-b295-47c6c5bd534a,kotetsu0422,68590027,13,2,2,14600,7300,12000,27,13.5,0,2,0,0,1,3,2,0,0,,0,0,2,19,9.5,2,2,0,4,0,6,0,2,0,0,0,0,0,0,0,0,0,0,0,0,0,0,0,0,0,0,0,0,0,0,0,0,0,0,0,0,0,0,0,0,0,0,0,0,0,0,0,0,0,0,0,0,0,0,0,0,0,0,0,0,0,0,0,0,0,0,0
251113-f0a964bd-90d6-4b6c-b295-47c6c5bd534a,クロミです,105506555,13,2,0,0,,,0,,0,0,0,0,0,0,0,2,10000,5000,1,0,1,7,7,0,1,0,4,0,9,0,0,0,0,0,0,0,0,0,0,0,0,0,0,0,0,0,0,0,0,0,0,0,0,0,0,0,0,0,0,0,0,0,0,0,0,0,0,0,0,0,0,0,0,0,0,0,0,0,0,0,0,0,0,0,0,0,0,0,0,0
251113-f68dc440-f71b-4d63-930a-12dc47ae079a,ねこぜ7272,106334717,12,2,3,16900,5633,12000,41,13.7,2,1,0,0,2,1,0,2,7200,3600,2,0,5,36,7.2,1,5,0,3,2,6,1,1,0,1,0,0,1,0,0,0,1,0,0,0,0,0,0,0,0,0,0,0,0,0,0,0,0,0,0,0,0,0,0,0,0,0,0,0,0,0,0,0,0,0,0,0,0,0,0,0,0,0,0,0,0,0,0,0,0,0,0
251113-f68dc440-f71b-4d63-930a-12dc47ae079a,クロミです,105506555,12,1,1,2000,2000,2000,14,14,0,1,0,0,1,0,0,3,12600,4200,1,0,2,23,11.5,0,2,0,3,1,4,0,0,0,0,0,0,0,0,0,0,0,0,0,0,0,0,1,0,0,0,0,0,0,0,0,0,0,0,0,0,0,0,0,0,0,0,0,0,0,0,0,0,0,0,0,0,0,0,0,0,0,0,0,0,0,0,0,0,0,0,0
251113-f68dc440-f71b-4d63-930a-12dc47ae079a,きょーか8,69157106,12,3,1,2000,2000,2000,8,8,0,1,0,0,0,0,0,0,0,,0,0,0,0,,0,0,0,3,1,4,0,0,0,0,0,0,0,0,1,0,0,0,0,0,0,0,0,0,0,0,0,0,0,0,0,0,0,0,0,0,0,0,0,0,0,0,0,0,0,0,0,0,0,0,0,0,0,0,0,0,0,0,0,0,0,0,0,0,0,0,0
251113-f68dc440-f71b-4d63-930a-12dc47ae079a,閄くん,102172268,12,1,5,34900,6980,12000,51,10.2,2,3,0,0,5,0,1,1,2000,2000,1,0,6,55,9.2,4,3,3,2,1,5,2,4,0,0,0,0,0,1,0,1,1,0,0,0,0,1,0,0,0,0,0,0,0,0,0,0,0,0,0,2,0,0,0,0,0,0,0,0,0,0,0,0,0,0,0,0,0,0,0,0,0,0,0,0,0,0,0,0,0,0,0
251113-4daa37d0-44f1-4f79-b01b-bf3651aa9edb,kotetsu0422,68590027,16,1,2,9100,4550,8000,30,15,1,1,1,0,0,1,0,1,2600,2600,0,0,1,10,10,0,1,0,2,1,3,1,0,0,0,0,0,0,0,0,1,0,0,0,0,0,0,0,0,0,0,0,0,0,0,0,0,1,0,0,0,0,0,0,0,0,0,0,0,0,0,0,0,0,0,0,0,0,0,0,0,0,0,0,0,0,0,0,0,0,0,0
251113-4daa37d0-44f1-4f79-b01b-bf3651aa9edb,Mash_room,102233013,16,1,1,2600,2600,2600,11,11,0,1,0,0,1,0,0,2,10400,5200,0,0,1,8,8,0,1,0,9,1,12,0,0,0,0,0,0,0,1,0,0,0,0,0,0,0,0,0,0,0,0,0,0,0,0,0,0,0,0,0,0,0,0,0,0,0,0,0,0,0,0,0,0,0,0,0,0,0,0,0,0,0,0,0,0,0,0,0,0,0,0,0
251113-4daa37d0-44f1-4f79-b01b-bf3651aa9edb,ルート12345,71218983,16,4,7,48200,6886,12000,89,12.7,3,4,2,0,4,4,0,0,0,,0,0,2,18,9,1,2,0,7,4,13,1,1,0,0,0,0,1,0,0,1,2,2,0,2,0,0,0,0,0,0,0,0,0,0,0,0,0,0,1,0,0,0,0,0,0,0,0,0,0,0,0,0,0,0,0,0,0,0,0,0,0,0,0,0,0,0,0,0,0,0,0
251113-4daa37d0-44f1-4f79-b01b-bf3651aa9edb,こりまる。,108266073,16,4,2,5500,2750,4000,27,13.5,2,0,0,0,1,0,0,3,31300,10433,2,0,6,67,11.2,1,6,0,3,1,6,1,1,0,0,0,0,0,1,0,0,0,0,0,0,0,0,0,0,0,0,0,0,0,0,0,0,0,0,0,0,0,0,0,0,0,0,0,0,0,0,0,0,0,0,0,0,0,0,0,0,0,0,0,0,0,0,0,0,0,0,0
251113-db20b9ff-4152-464b-8c38-33d92e37d920,kotetsu0422,68590027,9,2,2,7200,3600,5200,28,14,0,2,0,0,1,1,0,1,3200,3200,0,0,2,17,8.5,1,2,0,2,1,3,0,1,0,0,0,0,0,0,0,0,0,2,0,0,0,0,0,0,0,0,0,0,0,0,0,0,0,0,0,0,0,0,0,0,0,0,0,0,0,0,0,0,0,0,0,0,0,0,0,0,0,0,0,0,0,0,0,0,0,0,0
251113-db20b9ff-4152-464b-8c38-33d92e37d920,クロミです,105506555,9,1,2,8400,4200,6400,18,9,0,2,0,0,1,1,0,2,4600,2300,2,0,3,35,11.7,1,2,1,2,1,4,0,1,0,0,0,0,1,0,0,0,0,0,0,0,0,0,0,0,0,0,0,0,0,0,0,0,0,0,0,1,0,0,0,0,0,0,0,0,0,0,0,0,0,0,0,0,0,0,0,0,0,0,0,0,0,0,0,0,0,0,0
251113-db20b9ff-4152-464b-8c38-33d92e37d920,きょーか8,69157106,9,1,1,7700,7700,7700,10,10,0,1,1,0,2,1,0,1,2000,2000,0,0,0,0,,0,0,0,2,0,3,0,0,0,0,0,0,0,0,0,0,0,0,0,1,0,0,0,0,0,0,0,0,0,0,0,0,0,0,0,0,0,0,0,0,0,0,0,0,0,0,0,0,0,0,0,0,0,0,0,0,0,0,0,0,0,0,0,0,0,0,0
251113-db20b9ff-4152-464b-8c38-33d92e37d920,こりまる。,108266073,9,1,2,5800,2900,3200,32,16,0,2,0,0,1,0,0,3,19300,6433,0,1,3,29,9.7,2,3,0,2,0,3,0,2,0,0,0,0,0,0,0,0,0,0,0,0,0,0,0,0,0,0,0,0,0,0,1,0,0,0,0,0,0,0,0,0,0,0,0,0,0,0,0,0,0,0,0,0,0,0,0,0,0,0,0,0,0,0,0,0,0,0,0
251114-ed9d642e-3818-4d87-9ac6-f6100b1b0c44,Kasumisou,69812091,11,1,2,20000,10000,12000,26,13,1,1,0,0,3,4,0,1,1000,1000,0,0,2,19,9.5,2,2,0,2,0,3,1,2,0,0,0,0,0,0,0,0,0,1,0,1,0,0,0,0,0,0,0,0,0,0,0,0,0,0,0,0,0,0,0,0,0,0,0,0,0,0,0,0,0,0,0,0,0,0,0,0,0,0,0,0,0,0,0,0,0,0,0
251114-ed9d642e-3818-4d87-9ac6-f6100b1b0c44,ねこぜ7272,106334717,11,1,1,2000,2000,2000,11,11,0,1,0,0,0,1,0,1,8000,8000,0,0,1,8,8,0,1,0,3,1,4,0,0,0,0,0,0,0,1,0,0,0,0,0,0,0,0,0,0,0,0,0,0,0,0,0,0,0,0,0,0,0,0,0,0,0,0,0,0,0,0,0,0,0,0,0,0,0,0,0,0,0,0,0,0,0,0,0,0,0,0,0
251114-ed9d642e-3818-4d87-9ac6-f6100b1b0c44,yukke_08,105097753,11,4,3,10200,3400,7700,35,11.7,0,3,0,0,2,1,0,2,10000,5000,0,0,0,0,,0,0,0,6,3,11,0,0,0,0,0,0,0,2,0,0,0,1,0,0,0,0,0,0,0,0,0,0,0,0,0,0,0,0,0,0,0,0,0,0,0,0,0,0,0,0,0,0,0,0,0,0,0,0,0,0,0,0,0,0,0,0,0,0,0,0,0
251114-ed9d642e-3818-4d87-9ac6-f6100b1b0c44,【ぺた】,105037198,11,1,2,16000,8000,8000,17,8.5,0,2,0,0,1,2,0,3,21200,7067,0,1,2,12,6,2,2,0,2,0,3,0,2,0,0,0,0,0,1,1,0,0,0,0,0,0,0,0,0,0,0,0,0,0,0,0,0,0,0,0,1,0,0,0,0,0,0,0,0,0,0,0,0,0,0,0,0,0,0,0,0,0,0,0,0,0,0,0,0,0,0,0
251114-9c5385be-9fc6-4e65-a0fe-2265d6dff406,琴音04,101333044,15,3,3,21500,7167,12000,34,11.3,0,3,0,0,2,3,0,1,8000,8000,0,0,4,40,10,2,3,1,7,1,9,0,2,0,0,0,0,0,0,0,0,0,1,0,1,0,0,0,0,0,0,0,0,0,0,0,0,0,0,0,1,0,0,0,0,0,0,0,0,0,0,0,0,0,0,0,0,0,0,0,0,0,0,0,0,0,0,0,0,0,0,0
251114-9c5385be-9fc6-4e65-a0fe-2265d6dff406,ひつじ04,69255735,15,2,1,2900,2900,2900,12,12,0,1,0,0,0,1,0,3,8200,2733,0,0,0,0,,0,0,0,7,1,9,0,0,0,0,0,0,0,0,0,0,0,1,0,0,0,0,0,0,0,0,0,0,0,0,0,0,0,0,0,0,0,0,0,0,0,0,0,0,0,0,0,0,0,0,0,0,0,0,0,0,0,0,0,0,0,0,0,0,0,0,0
251114-9c5385be-9fc6-4e65-a0fe-2265d6dff406,yukke_08,105097753,15,3,6,32400,5400,8000,66,11,2,4,0,0,3,1,1,1,8000,8000,0,0,3,23,7.7,3,2,1,6,3,7,1,3,0,0,0,0,0,0,0,0,1,2,1,2,0,0,1,0,0,0,0,0,0,0,0,0,1,0,0,0,0,0,0,0,0,0,0,0,0,0,0,0,0,0,0,0,0,0,0,0,0,0,0,0,0,0,0,0,0,0,0
251114-9c5385be-9fc6-4e65-a0fe-2265d6dff406,かんんちゃ,104219450,15,1,1,2000,2000,2000,5,5,1,0,0,0,0,1,0,3,22600,7533,2,0,4,40,10,0,4,0,2,1,2,0,0,0,0,0,0,0,1,0,0,0,0,0,0,0,0,0,0,0,0,0,0,0,0,0,0,0,0,0,0,0,0,0,0,0,0,0,0,0,0,0,0,0,0,0,0,0,0,0,0,0,0,0,0,0,0,0,0,0,0,0
251114-f0676dfa-8169-4a8a-b112-3ec674c0a9c1,kotetsu0422,68590027,10,2,4,18500,4625,7700,50,12.5,1,3,0,0,3,3,1,3,22600,7533,0,0,2,21,10.5,1,1,1,4,3,8,0,1,0,0,0,0,0,0,0,0,1,2,0,1,0,0,0,0,0,0,0,0,0,0,0,0,0,0,0,0,0,0,0,0,0,0,0,0,0,0,0,0,0,0,0,0,0,0,0,0,0,0,0,0,0,0,0,0,0,0,0
251114-f0676dfa-8169-4a8a-b112-3ec674c0a9c1,かんんちゃ,104219450,10,1,1,12000,12000,12000,13,13,0,1,0,0,1,1,0,2,11600,5800,0,0,2,14,7,0,2,0,4,1,4,0,0,0,0,0,0,0,0,0,1,1,0,0,0,0,1,0,0,0,0,0,0,0,0,0,0,1,0,0,0,0,0,0,0,0,0,0,0,0,0,0,0,0,0,0,0,0,0,0,0,0,0,0,0,0,0,0,0,0,0,0
251114-f0676dfa-8169-4a8a-b112-3ec674c0a9c1,あしだやよ,103448968,10,1,3,22600,7533,12000,33,11,1,2,0,0,1,2,2,1,2900,2900,0,0,5,40,8,3,4,1,1,0,1,1,3,0,0,0,0,0,0,0,0,0,0,1,0,0,0,0,0,0,0,0,1,0,0,0,0,0,0,0,0,0,0,0,0,0,0,0,0,0,0,0,0,0,0,0,0,0,0,0,0,0,0,0,0,0,0,0,0,0,0,0
251114-f0676dfa-8169-4a8a-b112-3ec674c0a9c1,きょーか8,69157106,10,2,1,8000,8000,8000,15,15,1,0,0,0,1,1,0,0,0,,0,0,1,9,9,1,1,0,2,0,2,1,1,0,0,0,0,0,0,0,0,0,0,0,1,0,0,0,0,0,0,0,0,0,0,0,0,0,0,0,0,0,0,0,0,0,0,0,0,0,0,0,0,0,0,0,0,0,0,0,0,0,0,0,0,0,0,0,0,0,0,0
251114-faae0591-3da7-4056-a6a5-91a12cb77cd4,きょーか8,69157106,9,1,3,9800,3267,5200,39,13,1,2,0,0,1,1,0,2,10000,5000,0,0,1,9,9,1,1,0,5,2,7,0,1,0,0,0,0,1,1,0,0,0,0,0,0,0,0,0,0,0,0,1,0,0,0,0,0,0,0,0,0,0,0,0,0,0,0,0,0,0,0,0,0,0,0,0,0,0,0,0,0,0,0,0,0,0,0,0,0,0,0,0
251114-faae0591-3da7-4056-a6a5-91a12cb77cd4,ルート12345,71218983,9,2,3,12300,4100,6400,30,10,0,3,0,0,1,2,0,0,0,,0,0,4,29,7.3,2,4,0,2,1,2,0,2,0,0,0,0,0,1,0,1,0,0,0,0,0,0,0,0,0,0,0,0,0,0,0,0,0,0,0,0,0,0,0,0,0,0,0,0,0,0,0,0,0,0,0,0,0,0,0,0,0,0,0,0,0,0,0,0,0,0,0
251114-faae0591-3da7-4056-a6a5-91a12cb77cd4,kotetsu0422,68590027,9,1,1,8000,8000,8000,15,15,0,1,1,0,1,1,0,3,12300,4100,0,0,0,0,,0,0,0,1,0,3,0,0,0,0,0,0,0,0,0,0,0,0,0,0,0,1,0,0,0,0,0,0,0,0,0,0,0,0,0,0,0,0,0,0,0,0,0,0,0,0,0,0,0,0,0,0,0,0,0,0,0,0,0,0,0,0,0,0,0,0,0
251114-faae0591-3da7-4056-a6a5-91a12cb77cd4,かんんちゃ,104219450,9,1,1,2000,2000,2000,15,15,0,1,0,0,0,1,0,2,7800,3900,1,0,1,11,11,0,0,1,2,1,2,0,0,0,0,0,0,0,0,0,0,0,0,0,0,0,0,1,0,0,0,0,0,0,0,0,0,0,0,0,0,0,0,0,0,0,0,0,0,0,0,0,0,0,0,0,0,0,0,0,0,0,0,0,0,0,0,0,0,0,0,0
251114-e25138fc-e712-4630-82a3-c7e6f9cee0a4,きょーか8,69157106,12,2,3,16700,5567,8000,37,12.3,0,3,1,0,4,1,0,1,2600,2600,0,0,3,34,11.3,2,3,0,1,0,1,0,2,0,0,0,0,0,0,0,0,0,0,0,1,0,0,0,0,0,0,0,0,0,0,0,0,0,0,0,0,0,0,0,0,0,0,0,0,0,0,0,0,0,0,0,0,0,0,0,0,0,0,0,0,0,0,0,0,0,0,0
251114-e25138fc-e712-4630-82a3-c7e6f9cee0a4,kotetsu0422,68590027,12,1,0,0,,,0,,0,0,0,0,0,0,0,2,16000,8000,1,0,1,5,5,0,1,0,2,0,2,0,0,0,0,0,0,0,0,0,0,0,0,0,0,0,0,0,0,0,0,0,0,0,0,0,0,0,0,0,0,0,0,0,0,0,0,0,0,0,0,0,0,0,0,0,0,0,0,0,0,0,0,0,0,0,0,0,0,0,0,0
251114-e25138fc-e712-4630-82a3-c7e6f9cee0a4,ルート12345,71218983,12,3,4,30500,7625,12000,58,14.5,2,2,0,0,2,2,2,0,0,,0,0,5,34,6.8,4,5,0,2,0,2,2,4,0,0,0,0,0,0,0,0,0,0,1,2,0,0,0,0,0,0,0,0,0,0,0,0,0,0,0,0,0,0,0,0,0,0,0,0,0,0,0,0,0,0,0,0,0,0,0,0,0,0,0,0,0,0,0,0,0,0,0
251114-e25138fc-e712-4630-82a3-c7e6f9cee0a4,かんんちゃ,104219450,12,1,3,15800,5267,8000,43,14.3,1,2,0,0,1,2,0,4,19300,4825,1,0,4,33,8.3,3,2,2,0,0,0,1,3,0,0,0,0,0,0,0,0,0,1,0,1,0,0,0,0,0,0,0,0,0,0,0,0,0,0,0,1,0,0,0,0,0,0,0,0,0,0,0,0,0,0,0,0,0,0,0,0,0,0,0,0,0,0,0,0,0,0,0
251115-8149ce38-3493-4f74-8ff9-38f5ecbaa743,ねこぜ7272,106334717,11,1,3,16800,5600,7700,39,13,0,3,0,0,2,1,1,0,0,,0,0,3,29,9.7,1,2,1,3,2,3,0,1,0,0,0,0,0,0,1,0,0,0,0,1,0,0,0,0,0,0,1,0,0,0,0,0,0,0,0,1,0,0,0,0,0,0,0,0,0,0,0,0,0,0,0,0,0,0,0,0,0,0,0,0,0,0,0,0,0,0,0
251115-8149ce38-3493-4f74-8ff9-38f5ecbaa743,yukke_08,105097753,11,3,2,14000,7000,12000,27,13.5,1,1,0,0,1,1,0,2,3300,1650,0,0,4,41,10.3,2,3,1,3,0,6,1,2,0,0,0,0,0,0,0,0,0,0,0,2,0,1,0,0,0,0,0,0,0,0,0,0,0,0,0,0,0,0,0,0,0,0,0,0,0,0,0,0,0,0,0,0,0,0,0,0,0,0,0,0,0,0,0,0,0,0,0
251115-8149ce38-3493-4f74-8ff9-38f5ecbaa743,devil1892,101569447,11,2,1,2000,2000,2000,6,6,0,1,0,0,0,0,0,3,13900,4633,0,1,2,16,8,1,1,1,1,0,1,0,1,0,0,0,0,0,0,0,0,0,0,0,0,0,0,0,0,0,0,0,0,0,0,0,0,0,0,0,0,0,0,0,0,0,0,0,0,0,0,0,0,0,0,0,0,0,0,0,0,0,0,0,0,0,0,0,0,0,0,0
251115-8149ce38-3493-4f74-8ff9-38f5ecbaa743,ひつじ04,69255735,11,1,3,11300,3767,8000,29,9.7,0,3,0,0,1,3,0,3,14900,4967,1,0,3,19,6.3,2,3,0,5,1,7,0,2,0,0,0,0,0,0,0,0,1,1,0,0,0,0,0,0,0,0,0,0,0,0,0,0,0,0,0,0,0,0,0,0,0,0,0,0,0,0,0,0,0,0,0,0,0,0,0,0,0,0,0,0,0,0,0,0,0,0,0
251115-7e5d21a9-6e45-4f4f-9320-ad49723a2781,devil1892,101569447,12,2,0,0,,,0,,0,0,0,0,0,0,0,5,43300,8660,1,2,2,29,14.5,0,1,1,0,0,0,0,0,0,0,0,0,0,0,0,0,0,0,0,0,0,0,0,0,0,0,0,0,0,0,0,0,0,0,0,0,0,0,0,0,0,0,0,0,0,0,0,0,0,0,0,0,0,0,0,0,0,0,0,0,0,0,0,0,0,0,0
251115-7e5d21a9-6e45-4f4f-9320-ad49723a2781,ちたーふ,68331919,12,2,7,52900,7557,16000,92,13.1,1,6,0,0,9,2,1,0,0,,0,0,8,80,10,7,6,2,1,0,2,1,7,0,0,0,0,0,1,0,0,0,0,0,1,0,0,0,0,0,0,0,0,0,0,0,0,1,0,0,2,0,0,0,0,0,0,0,0,0,0,0,0,0,0,0,0,0,0,0,0,0,0,0,0,0,0,0,0,0,0,0
251115-7e5d21a9-6e45-4f4f-9320-ad49723a2781,【ぺた】,105037198,12,2,2,23700,11850,12000,28,14,1,1,0,0,5,1,0,3,33200,11067,1,0,3,36,12,0,0,3,2,2,4,0,0,0,0,0,0,1,0,0,1,1,1,0,0,0,0,0,0,0,0,0,0,0,0,0,0,0,0,0,0,0,0,0,0,0,0,0,0,0,0,0,0,0,0,0,0,0,0,0,0,0,0,0,0,0,0,0,0,0,0,0
251115-7e5d21a9-6e45-4f4f-9320-ad49723a2781,yukke_08,105097753,12,1,3,22000,7333,12000,42,14,0,3,0,0,2,2,3,1,2600,2600,0,0,4,42,10.5,2,4,0,2,1,3,0,2,0,0,0,0,0,0,0,0,0,0,0,2,0,0,0,0,0,0,0,0,0,0,0,1,0,0,0,0,0,0,0,0,0,0,0,0,0,0,0,0,0,0,0,0,0,0,0,0,0,0,0,0,0,0,0,0,0,0,0
251115-334c1b0e-97ef-4868-9697-0b1f3065779e,【ぺた】,105037198,17,1,4,24300,6075,12000,45,11.3,0,4,0,0,1,4,4,0,0,,0,0,4,32,8,3,3,1,6,1,8,0,3,0,0,0,0,0,0,0,0,0,1,0,1,0,0,0,0,0,0,0,0,0,0,0,0,0,0,0,0,0,0,0,0,0,0,0,0,0,0,0,0,0,0,0,0,0,0,0,0,0,0,0,0,0,0,0,0,0,0,0
251115-334c1b0e-97ef-4868-9697-0b1f3065779e,ひつじ04,69255735,17,1,0,0,,,0,,0,0,0,0,0,0,0,2,4600,2300,1,0,1,10,10,0,0,1,7,0,10,0,0,0,0,0,0,0,0,0,0,0,0,0,0,0,0,0,0,0,0,0,0,0,0,0,0,0,0,0,0,0,0,0,0,0,0,0,0,0,0,0,0,0,0,0,0,0,0,0,0,0,0,0,0,0,0,0,0,0,0,0
251115-334c1b0e-97ef-4868-9697-0b1f3065779e,yukke_08,105097753,17,5,8,35900,4488,12000,111,13.9,4,4,1,0,4,2,1,1,12000,12000,0,0,4,34,8.5,2,3,1,8,5,10,1,2,0,0,0,0,1,0,0,0,0,3,0,2,0,0,0,0,0,0,1,0,0,0,0,0,1,0,0,1,0,0,0,0,0,0,0,0,0,0,0,0,0,0,0,0,0,0,0,0,0,0,0,0,0,0,0,0,0,0,0
251115-334c1b0e-97ef-4868-9697-0b1f3065779e,devil1892,101569447,17,3,3,26000,8667,12000,28,9.3,1,2,0,0,0,3,0,6,41100,6850,0,0,3,38,12.7,1,3,0,7,2,10,1,1,0,0,0,0,0,0,1,0,1,0,0,0,0,0,0,0,0,0,0,0,0,0,0,0,1,0,0,1,0,0,0,0,0,0,0,0,0,0,0,0,0,0,0,0,0,0,0,0,0,0,0,0,0,0,0,0,0,0,0
251116-dadd01c1-891f-42cd-ac45-e42676221cbd,yukke_08,105097753,14,1,3,15100,5033,7900,42,14,2,1,0,0,2,3,0,1,7700,7700,1,0,2,23,11.5,1,0,2,6,2,8,0,1,0,0,0,0,1,0,0,1,0,1,0,0,0,0,0,0,0,0,0,0,0,0,0,0,0,0,0,0,0,0,0,0,0,0,0,0,0,0,0,0,0,0,0,0,0,0,0,0,0,0,0,0,0,0,0,0,0,0,0
251116-dadd01c1-891f-42cd-ac45-e42676221cbd,【ぺた】,105037198,14,3,3,19600,6533,12000,36,12,2,1,1,0,0,1,1,1,5200,5200,1,0,4,41,10.3,2,4,0,3,0,5,2,2,0,0,0,0,0,0,0,0,0,0,0,1,0,0,0,0,0,0,0,0,0,0,1,0,0,0,0,1,0,0,0,0,0,0,0,0,0,0,0,0,0,0,0,0,0,0,0,0,0,0,0,0,0,0,0,0,0,0,0
251116-dadd01c1-891f-42cd-ac45-e42676221cbd,ひつじ04,69255735,14,3,5,27500,5500,7900,60,12,3,2,1,0,4,3,0,0,0,,0,0,1,4,4,1,1,0,5,3,7,1,1,0,0,0,0,1,0,1,0,0,1,0,1,0,1,0,0,0,0,0,0,0,0,0,0,0,0,0,0,0,0,0,0,0,0,0,0,0,0,0,0,0,0,0,0,0,0,0,0,0,0,0,0,0,0,0,0,0,0,0
251116-dadd01c1-891f-42cd-ac45-e42676221cbd,ちたーふ,68331919,14,2,1,8000,8000,8000,11,11,1,0,0,0,3,0,0,2,5500,2750,0,0,2,23,11.5,0,2,0,1,1,3,0,0,0,0,0,0,0,0,0,1,0,0,0,0,0,0,0,0,0,0,0,0,0,0,0,0,0,0,0,0,0,0,0,0,0,0,0,0,0,0,0,0,0,0,0,0,0,0,0,0,0,0,0,0,0,0,0,0,0,0,0
251116-df2a1d7b-ad1a-4ce6-8332-2430461b4c2f,【ぺた】,105037198,10,2,2,20000,10000,12000,19,9.5,0,2,0,0,1,2,2,2,14300,7150,1,0,3,29,9.7,2,2,1,0,0,0,0,2,0,0,0,0,0,0,0,0,0,0,0,1,0,0,0,0,0,0,0,0,0,0,0,0,0,0,0,2,0,0,0,0,0,0,0,0,0,0,0,0,0,0,0,0,0,0,0,0,0,0,0,0,0,0,0,0,0,0,0
251116-df2a1d7b-ad1a-4ce6-8332-2430461b4c2f,ちたーふ,68331919,10,1,2,5000,2500,4000,29,14.5,1,1,0,0,1,1,0,2,17800,8900,0,0,1,16,16,0,1,0,4,2,7,0,0,0,0,0,0,0,0,0,0,1,1,0,0,0,0,0,0,0,0,0,0,0,0,0,0,0,0,0,0,0,0,0,0,0,0,0,0,0,0,0,0,0,0,0,0,0,0,0,0,0,0,0,0,0,0,0,0,0,0,0
251116-df2a1d7b-ad1a-4ce6-8332-2430461b4c2f,yukke_08,105097753,10,2,2,9300,4650,8000,25,12.5,1,1,0,0,2,0,0,0,0,,0,0,2,21,10.5,1,1,1,4,1,6,1,1,0,0,0,0,0,0,0,1,0,0,0,1,0,0,0,0,0,0,0,0,0,0,0,0,0,0,0,0,0,0,0,0,0,0,0,0,0,0,0,0,0,0,0,0,0,0,0,0,0,0,0,0,0,0,0,0,0,0,0
251116-df2a1d7b-ad1a-4ce6-8332-2430461b4c2f,かんんちゃ,104219450,10,1,3,25800,8600,12000,40,13.3,1,2,0,0,3,2,1,1,8000,8000,0,0,3,24,8,2,3,0,3,1,3,1,2,0,0,0,0,0,0,0,0,1,0,1,2,0,0,1,0,0,0,0,0,0,0,0,0,0,0,0,0,0,0,0,0,0,0,0,0,0,0,0,0,0,0,0,0,0,0,0,0,0,0,0,0,0,0,0,0,0,0,0
251116-e85c66f1-d7ab-4d16-ab35-39303687b89d,【ぺた】,105037198,12,2,2,3900,1950,2900,32,16,0,2,0,0,0,1,0,1,3900,3900,0,1,1,6,6,0,1,0,4,2,5,0,0,0,0,0,0,0,0,0,1,0,1,0,0,0,0,0,0,0,0,0,0,0,0,0,0,0,0,0,0,0,0,0,0,0,0,0,0,0,0,0,0,0,0,0,0,0,0,0,0,0,0,0,0,0,0,0,0,0,0,0
251116-e85c66f1-d7ab-4d16-ab35-39303687b89d,ひつじ04,69255735,12,2,2,19600,9800,11600,18,9,1,1,0,0,1,1,1,4,11300,2825,0,0,2,13,6.5,2,2,0,2,0,2,1,2,0,0,0,0,0,0,0,0,0,0,0,2,0,0,0,0,0,0,0,0,0,0,0,0,0,0,0,1,0,0,0,0,0,0,0,0,0,0,0,0,0,0,0,0,0,0,0,0,0,0,0,0,0,0,0,0,0,0,0
251116-e85c66f1-d7ab-4d16-ab35-39303687b89d,ちたーふ,68331919,12,2,5,21300,4260,12000,50,10,3,2,1,0,2,0,0,1,2900,2900,0,1,3,22,7.3,3,3,0,6,1,6,3,3,0,0,0,0,0,1,0,0,1,1,0,1,0,0,0,0,0,0,0,0,0,0,0,0,0,0,0,1,0,0,0,0,0,0,0,0,0,0,0,0,0,0,0,0,0,0,0,0,0,0,0,0,0,0,0,0,0,0,0
251116-e85c66f1-d7ab-4d16-ab35-39303687b89d,かんんちゃ,104219450,12,2,2,11900,5950,8000,31,15.5,0,2,0,0,1,1,1,1,11600,11600,0,0,2,17,8.5,2,1,1,6,0,8,0,2,0,0,0,0,0,0,0,0,0,0,1,0,0,0,0,0,0,0,0,0,0,0,0,0,0,0,0,0,0,0,0,0,0,0,0,0,0,0,0,0,0,0,0,0,0,0,0,0,0,0,0,0,0,0,0,0,0,0,0
251116-5bfa772d-144a-4cfb-b9c5-52c524a61af0,こりまる。,108266073,14,4,4,42900,10725,18000,46,11.5,2,2,0,0,3,3,2,0,0,,0,0,6,43,7.2,4,5,1,3,0,6,2,4,0,0,0,0,0,0,0,0,0,1,0,1,0,0,0,0,0,0,0,0,0,0,0,0,0,0,0,1,0,0,0,0,0,0,0,0,0,0,0,0,0,0,0,0,0,0,0,0,0,0,0,0,0,0,0,0,0,0,0
251116-5bfa772d-144a-4cfb-b9c5-52c524a61af0,yukke_08,105097753,14,3,2,9700,4850,5800,27,13.5,1,1,0,0,1,1,0,1,2000,2000,0,0,3,21,7,1,2,1,5,1,7,1,1,0,0,0,0,0,0,0,0,0,1,0,1,0,0,0,0,0,0,0,0,0,0,0,0,0,0,0,0,0,0,0,0,0,0,0,0,0,0,0,0,0,0,0,0,0,0,0,0,0,0,0,0,0,0,0,0,0,0,0
251116-5bfa772d-144a-4cfb-b9c5-52c524a61af0,・meru_06・,108732125,14,1,4,33900,8475,16000,54,13.5,3,1,0,0,1,3,3,3,19600,6533,0,0,2,21,10.5,2,2,0,5,2,6,2,2,0,0,0,0,0,0,1,0,0,1,0,1,0,0,0,0,0,0,0,1,0,0,0,0,1,0,0,0,0,0,0,0,0,0,0,0,0,0,0,0,0,0,0,0,0,0,0,0,0,0,0,0,0,0,0,0,0,0,0
251116-5bfa772d-144a-4cfb-b9c5-52c524a61af0,y123165u,106799530,14,2,2,11900,5950,8000,21,10.5,0,2,0,0,0,3,0,2,11000,5500,1,1,4,41,10.3,0,2,2,4,2,5,0,0,0,0,0,0,1,0,1,0,0,0,0,0,0,0,0,0,0,0,1,0,0,0,0,0,0,0,0,0,0,0,0,0,0,0,0,0,0,0,0,0,0,0,0,0,0,0,0,0,0,0,0,0,0,0,0,0,0,0,0
251116-6926b6c2-2e1d-4b71-8e02-5c364b802a97,ほかほか亭白米,107968426,19,1,0,0,,,0,,0,0,0,0,0,0,0,4,31200,7800,1,0,3,32,10.7,0,2,1,5,0,7,0,0,0,0,0,0,0,0,0,0,0,0,0,0,0,0,0,0,0,0,0,0,0,0,0,0,0,0,0,0,0,0,0,0,0,0,0,0,0,0,0,0,0,0,0,0,0,0,0,0,0,0,0,0,0,0,0,0,0,0,0
251116-6926b6c2-2e1d-4b71-8e02-5c364b802a97,【ぺた】,105037198,19,6,10,78400,7840,18000,128,12.8,4,6,1,0,9,6,2,0,0,,0,0,4,36,9,3,3,1,6,6,7,2,3,0,1,0,1,1,1,1,2,1,2,0,2,0,0,0,0,0,0,0,0,0,0,0,0,1,0,0,0,0,0,0,0,0,0,0,0,0,0,0,0,0,0,0,0,0,0,0,0,0,0,0,0,0,0,0,0,0,0,0
251116-6926b6c2-2e1d-4b71-8e02-5c364b802a97,Kasumisou,69812091,19,3,2,14000,7000,8000,17,8.5,1,1,0,0,2,1,0,4,24700,6175,2,0,7,52,7.4,2,6,1,1,0,1,1,2,0,0,0,0,0,0,0,0,0,0,0,0,0,0,0,0,0,0,0,0,0,0,0,0,0,0,0,1,0,0,0,0,0,0,0,0,0,0,0,0,0,0,0,0,0,0,0,0,0,0,0,0,0,0,0,0,0,0,0
251116-6926b6c2-2e1d-4b71-8e02-5c364b802a97,かつどん3242,103377233,19,2,3,22000,7333,18000,38,12.7,1,2,1,0,3,1,0,1,12000,12000,0,0,4,35,8.8,2,3,1,3,0,5,1,2,0,0,0,0,0,0,0,1,0,0,0,1,0,0,0,0,0,0,0,0,0,0,0,0,0,0,0,0,0,0,0,0,0,0,0,0,0,0,0,0,0,0,0,0,0,0,0,0,0,0,0,0,0,0,0,0,0,0,0
251116-951ece99-c0a5-4a2d-a7e8-7eaea693736b,・meru_06・,108732125,10,2,1,12000,12000,12000,11,11,0,1,0,0,0,0,2,2,13600,6800,0,0,1,6,6,1,1,0,1,0,1,0,1,0,0,0,0,0,0,0,0,0,0,0,0,0,0,0,0,0,0,0,0,0,0,1,0,0,0,0,0,0,0,0,0,0,0,0,0,0,0,0,0,0,0,0,0,0,0,0,0,0,0,0,0,0,0,0,0,0,0,0
251116-951ece99-c0a5-4a2d-a7e8-7eaea693736b,yukke_08,105097753,10,1,3,14200,4733,8000,32,10.7,0,3,0,0,3,1,0,1,7700,7700,1,0,3,28,9.3,2,3,0,3,1,5,0,2,0,0,0,0,0,0,1,0,1,0,0,0,0,0,0,0,0,0,0,0,0,0,0,0,0,0,0,0,0,0,0,0,0,0,0,0,0,0,0,0,0,0,0,0,0,0,0,0,0,0,0,0,0,0,0,0,0,0,0
251116-951ece99-c0a5-4a2d-a7e8-7eaea693736b,香川かがわ,108378517,10,2,2,19500,9750,11600,24,12,1,1,1,0,0,2,0,4,37200,9300,0,1,2,17,8.5,1,2,0,3,0,5,1,1,0,0,0,0,0,0,0,0,0,2,1,1,0,0,0,0,0,0,0,0,0,0,0,0,0,0,0,0,0,0,0,0,0,0,0,0,0,0,0,0,0,0,0,0,0,0,0,0,0,0,0,0,0,0,0,0,0,0,0
251116-951ece99-c0a5-4a2d-a7e8-7eaea693736b,かつどん3242,103377233,10,1,4,26900,6725,12000,51,12.8,0,4,1,0,1,4,1,2,6200,3100,0,0,1,13,13,1,0,1,3,2,4,0,1,0,0,0,0,0,1,0,0,0,1,0,1,0,0,0,0,0,0,0,0,0,0,0,0,0,0,1,0,0,0,0,0,0,0,0,0,0,0,0,0,0,0,0,0,0,0,0,0,0,0,0,0,0,0,0,0,0,0,0
251116-18c50f2c-d8f5-4f90-ac3a-9b1862564fc0,kotetsu0422,68590027,11,2,5,26600,5320,8000,67,13.4,3,2,1,0,5,2,1,1,2600,2600,0,0,2,18,9,2,1,1,4,2,7,2,2,0,0,0,0,2,1,0,0,0,0,0,1,0,0,0,0,0,0,0,0,0,0,0,0,1,0,0,0,0,0,0,0,0,0,0,0,0,0,0,0,0,0,0,0,0,0,0,0,0,0,0,0,0,0,0,0,0,0,0
251116-18c50f2c-d8f5-4f90-ac3a-9b1862564fc0,Kasumisou,69812091,11,2,2,14200,7100,11600,11,5.5,0,2,0,0,0,0,2,3,17100,5700,0,1,2,10,5,2,2,0,2,0,3,0,2,0,0,0,0,0,0,0,0,0,0,0,1,0,0,0,0,0,0,0,0,0,0,0,0,0,0,0,1,0,0,0,0,0,0,0,0,0,0,0,0,0,0,0,0,0,0,0,0,0,0,0,0,0,0,0,0,0,0,0
251116-18c50f2c-d8f5-4f90-ac3a-9b1862564fc0,ねこぜ7272,106334717,11,1,2,12900,6450,7700,22,11,0,2,0,0,0,2,1,1,11600,11600,0,0,3,29,9.7,2,2,1,1,0,1,0,2,0,0,0,0,0,0,0,0,0,1,0,1,0,0,0,0,0,0,0,0,0,0,0,0,0,0,0,0,0,0,0,0,0,0,0,0,0,0,0,0,0,0,0,0,0,0,0,0,0,0,0,0,0,0,0,0,0,0,0
251116-18c50f2c-d8f5-4f90-ac3a-9b1862564fc0,ちたーふ,68331919,11,1,1,2000,2000,2000,10,10,1,0,0,0,0,0,0,1,7700,7700,1,0,3,25,8.3,1,2,1,5,0,5,1,1,0,0,0,0,0,0,0,0,0,0,0,0,0,0,0,0,0,0,0,0,0,0,0,0,0,0,0,0,0,0,0,0,0,0,0,0,0,0,0,0,0,0,0,0,0,0,0,0,0,0,0,0,0,0,0,0,0,0,0
251116-59e15065-e18f-41a8-854b-628d9bf58cb5,香川かがわ,108378517,10,2,2,3500,1750,2000,28,14,2,0,0,0,1,0,0,3,10600,3533,0,0,1,9,9,0,1,0,5,2,6,0,0,0,0,0,0,0,0,0,0,0,2,0,0,0,0,0,0,0,0,0,0,0,0,0,0,0,0,0,0,0,0,0,0,0,0,0,0,0,0,0,0,0,0,0,0,0,0,0,0,0,0,0,0,0,0,0,0,0,0,0
251116-59e15065-e18f-41a8-854b-628d9bf58cb5,・meru_06・,108732125,10,1,2,3600,1800,2000,21,10.5,0,2,1,0,1,0,0,1,7700,7700,0,0,0,0,,0,0,0,2,1,2,0,0,0,0,0,0,1,0,0,0,0,0,0,0,0,0,0,0,0,0,0,0,0,0,1,0,0,0,0,0,0,0,0,0,0,0,0,0,0,0,0,0,0,0,0,0,0,0,0,0,0,0,0,0,0,0,0,0,0,0,0
251116-59e15065-e18f-41a8-854b-628d9bf58cb5,yukke_08,105097753,10,2,4,22500,5625,8000,47,11.8,0,4,1,0,5,1,1,0,0,,0,0,2,16,8,2,2,0,3,1,5,0,2,0,0,0,0,0,1,0,0,1,0,0,2,0,0,0,0,0,0,0,0,0,0,0,0,0,0,0,0,0,0,0,0,0,0,0,0,0,0,0,0,0,0,0,0,0,0,0,0,0,0,0,0,0,0,0,0,0,0,0
251116-59e15065-e18f-41a8-854b-628d9bf58cb5,かつどん3242,103377233,10,1,2,19900,9950,12000,22,11,2,0,0,0,4,1,1,2,7800,3900,0,0,1,7,7,1,1,0,2,1,3,1,1,0,0,0,0,0,0,0,0,0,1,0,0,0,0,0,0,0,0,0,0,0,0,0,0,0,0,0,1,0,0,0,0,0,0,0,0,0,0,0,0,0,0,0,0,0,0,0,0,0,0,0,0,0,0,0,0,0,0,0
251116-240fb7a3-84ff-4509-9fc5-dd3211afbf76,・meru_06・,108732125,17,2,4,30600,7650,12000,42,10.5,1,3,0,0,4,2,1,5,27700,5540,0,0,1,7,7,1,1,0,4,3,6,1,1,0,0,0,0,0,1,1,1,0,1,0,1,0,0,0,0,0,0,1,0,0,0,0,0,0,0,0,0,0,0,0,0,0,0,0,0,0,0,0,0,0,0,0,0,0,0,0,0,0,0,0,0,0,0,0,0,0,0,0
251116-240fb7a3-84ff-4509-9fc5-dd3211afbf76,香川かがわ,108378517,17,1,2,15700,7850,8000,27,13.5,0,2,0,0,3,1,0,1,8000,8000,0,0,3,28,9.3,2,2,1,4,0,6,0,2,0,0,0,0,0,0,0,1,0,0,0,1,0,0,0,0,0,0,0,0,0,0,0,0,0,0,0,0,0,0,0,0,0,0,0,0,0,0,0,0,0,0,0,0,0,0,0,0,0,0,0,0,0,0,0,0,0,0,0
251116-240fb7a3-84ff-4509-9fc5-dd3211afbf76,かつどん3242,103377233,17,7,6,28300,4717,11600,67,11.2,1,5,1,0,4,0,0,2,15400,7700,0,0,4,39,9.8,1,3,1,6,4,10,0,1,0,0,0,1,2,0,0,1,0,1,0,0,0,0,0,0,0,0,0,0,0,0,0,0,2,0,0,0,0,0,0,0,0,0,0,0,0,0,0,0,0,0,0,0,0,0,0,0,0,0,0,0,0,0,0,0,0,0,0
251116-240fb7a3-84ff-4509-9fc5-dd3211afbf76,yukke_08,105097753,17,2,2,13500,6750,12000,20,10,2,0,0,0,0,2,0,2,5500,2750,0,0,3,23,7.7,1,3,0,5,1,9,1,1,0,0,0,0,0,0,1,0,0,0,1,1,0,0,0,0,0,0,0,0,0,0,0,0,0,0,0,0,0,0,0,0,0,0,0,0,0,0,0,0,0,0,0,0,0,0,0,0,0,0,0,0,0,0,0,0,0,0,0
251117-de8cbb53-3f94-49a2-ac89-bcc6072623e3,yukke_08,105097753,15,2,4,20000,5000,8000,46,11.5,3,1,0,0,1,3,1,3,18800,6267,1,0,2,23,11.5,1,1,1,6,3,7,0,1,0,0,0,0,0,1,0,0,0,1,0,0,0,1,0,0,0,0,0,0,0,0,0,0,1,0,0,0,0,0,0,0,0,0,0,0,0,0,0,0,0,0,0,0,0,0,0,0,0,0,0,0,0,0,0,0,0,0,0
251117-de8cbb53-3f94-49a2-ac89-bcc6072623e3,こりまる。,108266073,15,3,5,34200,6840,11700,62,12.4,3,2,0,0,3,2,2,2,3600,1800,0,0,6,43,7.2,3,6,0,3,2,4,2,3,0,0,1,0,1,1,0,0,0,0,1,1,0,0,0,0,0,0,0,0,0,0,0,0,0,0,0,0,0,0,0,0,0,0,0,0,0,0,0,0,0,0,0,0,0,0,0,0,0,0,0,0,0,0,0,0,0,0,0
251117-de8cbb53-3f94-49a2-ac89-bcc6072623e3,【ぺた】,105037198,15,1,2,7800,3900,5200,23,11.5,0,2,0,0,1,2,0,0,0,,0,0,4,29,7.3,2,4,0,0,0,0,0,2,0,0,0,0,0,0,0,0,0,0,0,0,0,0,0,0,0,0,0,0,0,0,0,0,0,0,0,0,0,0,0,0,0,0,0,0,0,0,0,0,0,0,0,0,0,0,0,0,0,0,0,0,0,0,0,0,0,0,0
251117-de8cbb53-3f94-49a2-ac89-bcc6072623e3,エンズヴィル,104021625,15,5,3,24300,8100,11700,42,14,1,2,0,0,0,2,0,1,15700,15700,0,0,5,58,11.6,2,2,3,5,1,9,1,2,0,0,0,1,1,0,0,0,0,0,1,1,0,0,0,0,0,0,0,0,0,0,0,0,0,0,0,0,0,0,0,0,0,0,0,0,0,0,0,0,0,0,0,0,0,0,0,0,0,0,0,0,0,0,0,0,0,0,0
251118-b210acaa-5acc-4e48-9dd9-99a7638d6ffb,【ぺた】,105037198,10,2,4,19500,4875,12000,44,11,0,4,0,0,2,3,3,1,1300,1300,1,0,4,38,9.5,2,3,1,3,2,6,0,2,0,0,0,0,0,1,0,0,0,1,0,0,0,0,0,0,0,0,0,0,0,0,0,0,0,0,0,0,0,0,0,0,0,0,0,0,0,0,0,0,0,0,0,0,0,0,0,0,0,0,0,0,0,0,0,0,0,0,0
251118-b210acaa-5acc-4e48-9dd9-99a7638d6ffb,yukke_08,105097753,10,1,2,20000,10000,12000,16,8,1,1,0,0,3,3,0,3,13500,4500,0,0,0,0,,0,0,0,5,2,6,0,0,0,0,0,0,0,0,1,1,1,0,0,0,0,0,0,0,0,0,0,0,0,0,0,0,1,0,0,0,0,0,0,0,0,0,0,0,0,0,0,0,0,0,0,0,0,0,0,0,0,0,0,0,0,0,0,0,0,0,0
251118-b210acaa-5acc-4e48-9dd9-99a7638d6ffb,エンズヴィル,104021625,10,1,3,11300,3767,8000,46,15.3,1,2,0,0,0,2,3,2,17800,8900,0,0,2,18,9,2,2,0,2,1,2,0,2,0,0,0,0,0,0,0,0,0,1,0,0,0,0,0,0,0,0,0,0,0,0,0,0,0,0,0,0,0,0,0,0,0,0,0,0,0,0,0,0,0,0,0,0,0,0,0,0,0,0,0,0,0,0,0,0,0,0,0
251118-b210acaa-5acc-4e48-9dd9-99a7638d6ffb,ちたーふ,68331919,10,2,1,5800,5800,5800,7,7,0,1,0,0,1,0,0,2,10000,5000,0,1,2,18,9,1,2,0,2,0,3,0,1,0,0,0,0,0,0,0,0,0,0,0,1,0,0,0,0,0,0,0,0,0,0,0,0,0,0,0,0,0,0,0,0,0,0,0,0,0,0,0,0,0,0,0,0,0,0,0,0,0,0,0,0,0,0,0,0,0,0,0
251118-7aab473d-ee7f-4c0c-97ad-7b12bcca2350,ちたーふ,68331919,15,2,4,39200,9800,18000,48,12,2,2,0,0,5,1,3,1,1000,1000,0,0,5,47,9.4,3,4,1,3,1,4,2,3,0,0,0,0,0,1,1,0,0,0,1,0,0,0,0,0,0,0,0,0,0,0,0,0,0,0,0,1,0,0,0,0,0,0,0,0,0,0,0,0,0,0,0,0,0,0,0,0,0,0,0,0,0,0,0,0,0,0,0
251118-7aab473d-ee7f-4c0c-97ad-7b12bcca2350,ひつじ04,69255735,15,1,2,14700,7350,12000,25,12.5,2,0,0,0,1,2,0,2,23200,11600,0,0,2,24,12,1,2,0,6,1,12,1,1,0,0,0,0,0,0,0,0,0,1,0,0,0,0,1,0,0,0,0,0,0,0,0,0,0,0,0,1,0,0,0,0,0,0,0,0,0,0,0,0,0,0,0,0,0,0,0,0,0,0,0,0,0,0,0,0,0,0,0
251118-7aab473d-ee7f-4c0c-97ad-7b12bcca2350,【ぺた】,105037198,15,5,6,40500,6750,12000,67,11.2,4,2,0,0,3,3,0,0,0,,0,0,4,35,8.8,3,3,1,6,3,9,2,3,0,0,0,0,0,2,0,0,0,1,0,1,0,0,0,0,0,0,0,0,0,0,0,0,1,0,0,2,0,0,0,0,0,0,0,0,0,0,0,0,0,0,0,0,0,0,0,0,0,0,0,0,0,0,0,0,0,0,0
251118-7aab473d-ee7f-4c0c-97ad-7b12bcca2350,yukke_08,105097753,15,2,1,5200,5200,5200,17,17,0,1,0,0,1,0,1,2,20000,10000,0,0,4,36,9,1,2,2,6,0,9,0,1,0,0,0,0,0,0,0,0,0,0,0,0,0,0,0,0,0,0,0,0,0,0,0,0,0,0,0,0,0,0,0,0,0,0,0,0,0,0,0,0,0,0,0,0,0,0,0,0,0,0,0,0,0,0,0,0,0,0,0
251118-dd167a47-b7b3-469a-afc4-3693cd2b789b,エンズヴィル,104021625,8,1,1,5200,5200,5200,13,13,1,0,0,0,0,0,1,0,0,,0,0,1,10,10,1,1,0,0,0,0,1,1,0,0,0,0,0,0,0,0,0,0,0,1,0,0,0,0,0,0,0,0,0,0,0,0,0,0,0,0,0,0,0,0,0,0,0,0,0,0,0,0,0,0,0,0,0,0,0,0,0,0,0,0,0,0,0,0,0,0,0
251118-dd167a47-b7b3-469a-afc4-3693cd2b789b,琴音04,101333044,8,1,3,11400,3800,5200,28,9.3,1,2,0,0,1,1,0,1,1000,1000,0,0,2,15,7.5,1,1,1,3,2,4,1,1,0,0,0,0,1,0,0,0,0,1,1,1,0,0,0,0,0,0,0,0,0,0,0,0,0,0,0,0,0,0,0,0,0,0,0,0,0,0,0,0,0,0,0,0,0,0,0,0,0,0,0,0,0,0,0,0,0,0,0
251118-dd167a47-b7b3-469a-afc4-3693cd2b789b,yukke_08,105097753,8,1,3,18200,6067,12000,42,14,1,2,0,0,1,0,0,2,3000,1500,0,0,2,18,9,1,1,1,2,2,6,0,1,0,0,0,0,0,0,1,1,1,0,0,0,0,0,0,0,0,0,1,0,0,1,0,0,1,0,0,0,0,0,0,0,0,0,0,0,0,0,0,0,0,0,0,0,0,0,0,0,0,0,0,0,0,0,0,0,0,0,0
251118-dd167a47-b7b3-469a-afc4-3693cd2b789b,こりまる。,108266073,8,1,1,2000,2000,2000,6,6,0,1,0,0,0,0,0,2,10400,5200,0,0,1,9,9,0,1,0,2,1,2,0,0,0,0,0,0,0,0,0,1,1,0,0,0,0,0,0,0,0,0,0,0,0,0,0,0,0,0,0,0,0,0,0,0,0,0,0,0,0,0,0,0,0,0,0,0,0,0,0,0,0,0,0,0,0,0,0,0,0,0,0
251118-7fe76557-d31f-42fd-95a6-0b21a9006268,yukke_08,105097753,9,1,2,14600,7300,12000,26,13,1,1,0,0,3,1,0,2,6800,3400,1,0,3,36,12,2,2,1,2,0,4,1,2,0,0,0,0,0,0,1,0,0,0,0,0,0,0,0,0,0,0,0,0,0,0,0,0,0,0,0,0,0,0,0,0,0,0,0,0,0,0,0,0,0,0,0,0,0,0,0,0,0,0,0,0,0,0,0,0,0,0,0
251118-7fe76557-d31f-42fd-95a6-0b21a9006268,ねこぜ7272,106334717,9,1,2,11900,5950,8000,27,13.5,0,2,0,0,1,3,0,0,0,,0,0,3,31,10.3,2,2,1,2,0,2,0,2,0,0,0,0,0,0,0,0,0,1,0,1,0,0,0,0,0,0,0,0,0,0,0,0,0,0,0,0,0,0,0,0,0,0,0,0,0,0,0,0,0,0,0,0,0,0,0,0,0,0,0,0,0,0,0,0,0,0,0
251118-7fe76557-d31f-42fd-95a6-0b21a9006268,こりまる。,108266073,9,2,3,13200,4400,7700,42,14,0,3,0,0,2,1,0,2,10600,5300,0,0,1,7,7,1,1,0,4,2,4,0,1,0,0,0,0,0,0,0,0,0,2,0,0,0,1,1,0,0,0,0,0,0,0,0,0,0,0,0,0,0,0,0,0,0,0,0,0,0,0,0,0,0,0,0,0,0,0,0,0,0,0,0,0,0,0,0,0,0,0,0
251118-7fe76557-d31f-42fd-95a6-0b21a9006268,ルート12345,71218983,9,1,2,12000,6000,8000,26,13,1,1,0,0,0,1,1,3,18300,6100,0,0,3,34,11.3,2,2,1,3,0,6,1,2,0,0,0,0,0,0,0,0,1,0,0,1,0,0,0,0,0,0,0,0,0,0,0,0,0,0,0,1,0,0,0,0,0,0,0,0,0,0,0,0,0,0,0,0,0,0,0,0,0,0,0,0,0,0,0,0,0,0,0
251118-5ac2bca4-c8f5-4cb0-a139-9fb812f3884e,きょーか8,69157106,18,2,2,10600,5300,7700,27,13.5,0,2,0,0,1,2,0,1,1000,1000,0,0,1,9,9,1,1,0,5,1,7,0,1,0,0,0,0,0,0,1,0,0,0,0,1,0,0,0,0,0,0,0,0,0,0,0,0,0,0,0,0,0,0,0,0,0,0,0,0,0,0,0,0,0,0,0,0,0,0,0,0,0,0,0,0,0,0,0,0,0,0,0
251118-5ac2bca4-c8f5-4cb0-a139-9fb812f3884e,ちたーふ,68331919,18,3,4,27400,6850,11600,53,13.3,0,4,0,0,4,2,1,4,24600,6150,0,0,4,34,8.5,3,4,0,7,1,12,0,3,0,0,0,0,0,0,0,1,0,0,0,2,1,0,0,0,0,0,0,0,0,0,0,0,0,0,0,0,0,0,0,0,0,0,0,0,0,0,0,0,0,0,0,0,0,0,0,0,0,0,0,0,0,0,0,0,0,0,0
251118-5ac2bca4-c8f5-4cb0-a139-9fb812f3884e,yukke_08,105097753,18,3,4,19000,4750,12000,47,11.8,1,3,0,0,2,1,1,2,11900,5950,1,0,6,55,9.2,3,5,1,3,1,5,1,3,0,0,0,0,0,1,0,0,0,0,0,2,0,0,0,0,0,0,0,0,0,0,0,0,0,0,0,0,0,0,0,0,0,0,0,0,0,0,0,0,0,0,0,0,0,0,0,0,0,0,0,0,0,0,0,0,0,0,0
251118-5ac2bca4-c8f5-4cb0-a139-9fb812f3884e,クロミです,105506555,18,3,3,39900,13300,24000,39,13,1,2,0,0,4,2,2,4,31400,7850,0,0,3,24,8,1,3,0,6,2,9,1,1,0,0,0,0,1,0,0,0,0,1,0,0,0,0,0,0,0,0,0,0,0,0,0,0,1,0,1,0,0,0,0,0,0,0,0,0,0,0,0,0,0,0,0,0,0,0,0,0,0,0,0,0,0,0,0,0,0,0,0
251119-fc47fb7e-3f3e-4316-9c84-09a36e179dfe,【ぺた】,105037198,11,1,0,0,,,0,,0,0,0,0,0,0,0,2,5900,2950,2,0,3,41,13.7,0,2,1,0,0,0,0,0,0,0,0,0,0,0,0,0,0,0,0,0,0,0,0,0,0,0,0,0,0,0,0,0,0,0,0,0,0,0,0,0,0,0,0,0,0,0,0,0,0,0,0,0,0,0,0,0,0,0,0,0,0,0,0,0,0,0,0
251119-fc47fb7e-3f3e-4316-9c84-09a36e179dfe,ひつじ04,69255735,11,1,3,12300,4100,7700,47,15.7,0,3,0,0,2,2,0,1,1500,1500,0,0,0,0,,0,0,0,8,3,15,0,0,0,0,0,0,1,0,0,1,1,1,0,0,0,0,0,0,0,0,0,0,0,0,0,0,0,0,0,0,0,0,0,0,0,0,0,0,0,0,0,0,0,0,0,0,0,0,0,0,0,0,0,0,0,0,0,0,0,0,0
251119-fc47fb7e-3f3e-4316-9c84-09a36e179dfe,クロミです,105506555,11,2,4,19400,4850,12000,40,10,1,3,0,0,4,2,0,2,6800,3400,1,0,3,24,8,2,3,0,5,2,8,1,2,0,0,0,0,0,0,0,0,1,0,0,1,0,1,0,0,0,0,0,0,0,0,0,0,0,0,0,0,0,0,0,0,0,0,0,0,0,0,0,0,0,0,0,0,0,0,0,0,0,0,0,0,0,0,0,0,0,0,0
251119-fc47fb7e-3f3e-4316-9c84-09a36e179dfe,yukke_08,105097753,11,3,3,18800,6267,12000,37,12.3,1,2,0,0,4,2,0,3,12300,4100,1,0,2,21,10.5,1,2,0,4,2,6,0,1,0,0,0,0,0,0,0,0,1,0,0,1,0,0,0,0,0,0,0,0,0,0,0,0,1,0,0,0,0,0,0,0,0,0,0,0,0,0,0,0,0,0,0,0,0,0,0,0,0,0,0,0,0,0,0,0,0,0,0
251119-275d9361-0ee1-407f-b984-34bbb22f9cbd,こりまる。,108266073,9,2,1,2100,2100,2100,14,14,1,0,0,0,0,0,0,1,2600,2600,0,0,1,10,10,0,1,0,4,1,4,0,0,0,0,0,0,0,1,0,0,0,0,0,0,0,0,0,0,0,0,0,0,0,0,0,0,0,0,0,0,0,0,0,0,0,0,0,0,0,0,0,0,0,0,0,0,0,0,0,0,0,0,0,0,0,0,0,0,0,0,0
251119-275d9361-0ee1-407f-b984-34bbb22f9cbd,yukke_08,105097753,9,1,2,11800,5900,7900,27,13.5,1,1,0,0,3,1,0,2,7200,3600,0,0,0,0,,0,0,0,5,2,8,0,0,0,0,0,0,0,0,1,0,0,0,0,0,0,0,0,0,0,0,0,0,0,0,0,0,1,0,0,0,0,0,0,0,0,0,0,0,0,0,0,0,0,0,0,0,0,0,0,0,0,0,0,0,0,0,0,0,0,0,0
251119-275d9361-0ee1-407f-b984-34bbb22f9cbd,きょーか8,69157106,9,1,4,13800,3450,5200,54,13.5,1,3,1,0,0,3,1,1,3900,3900,1,0,2,24,12,1,2,0,2,2,2,0,1,0,0,0,0,2,0,0,0,0,1,0,0,0,0,1,0,0,0,0,0,0,0,0,0,0,0,0,0,0,0,0,0,0,0,0,0,0,0,0,0,0,0,0,0,0,0,0,0,0,0,0,0,0,0,0,0,0,0,0
251119-275d9361-0ee1-407f-b984-34bbb22f9cbd,クロミです,105506555,9,1,0,0,,,0,,0,0,0,0,0,0,0,0,0,,0,0,0,0,,0,0,0,4,0,6,0,0,0,0,0,0,0,0,0,0,0,0,0,0,0,0,0,0,0,0,0,0,0,0,0,0,0,0,0,0,0,0,0,0,0,0,0,0,0,0,0,0,0,0,0,0,0,0,0,0,0,0,0,0,0,0,0,0,0,0,0
251119-4eabb973-ce21-4ff5-8746-3362c8b4da1b,Kasumisou,69812091,11,2,3,16600,5533,7900,34,11.3,1,2,0,0,1,2,0,5,21400,4280,0,1,2,18,9,1,1,1,2,2,4,1,1,0,0,0,0,0,0,0,1,2,0,0,0,0,0,0,0,0,0,0,0,0,0,0,0,0,0,0,0,0,0,0,0,0,0,0,0,0,0,0,0,0,0,0,0,0,0,0,0,0,0,0,0,0,0,0,0,0,0,0
251119-4eabb973-ce21-4ff5-8746-3362c8b4da1b,kotetsu0422,68590027,11,2,3,16300,5433,11700,26,8.7,1,2,0,0,1,1,1,0,0,,0,0,3,31,10.3,1,2,1,3,2,3,1,1,0,0,0,0,0,0,0,0,1,0,0,0,0,0,0,0,0,0,1,0,0,0,0,0,0,0,0,0,0,0,0,0,0,0,0,0,0,0,0,0,0,0,0,0,0,0,0,0,0,0,0,0,0,0,0,0,0,0,0
251119-4eabb973-ce21-4ff5-8746-3362c8b4da1b,ちたーふ,68331919,11,2,4,20700,5175,7700,43,10.8,1,3,0,0,5,0,0,0,0,,0,0,2,10,5,2,2,0,5,2,8,1,1,0,0,0,0,0,1,0,1,1,0,0,1,0,0,0,1,0,0,0,0,0,0,0,0,0,0,0,0,0,0,0,0,0,0,0,0,0,0,0,0,0,0,0,0,0,0,0,0,0,0,0,0,0,0,0,0,0,0,0
251119-4eabb973-ce21-4ff5-8746-3362c8b4da1b,CVココア,68095635,11,1,0,0,,,0,,0,0,0,0,0,0,0,2,8700,4350,1,0,2,22,11,0,1,1,1,0,1,0,0,0,0,0,0,0,0,0,0,0,0,0,0,0,0,0,0,0,0,0,0,0,0,0,0,0,0,0,0,0,0,0,0,0,0,0,0,0,0,0,0,0,0,0,0,0,0,0,0,0,0,0,0,0,0,0,0,0,0,0
251120-77fcdb40-cfeb-4265-8624-5c01efd5b4cc,ひつじ04,69255735,10,2,1,8000,8000,8000,16,16,0,1,0,0,0,1,0,4,28600,7150,0,0,2,22,11,1,2,0,5,0,5,0,1,0,0,0,0,0,0,0,0,0,1,0,0,0,0,0,0,0,0,0,0,0,0,1,0,0,0,0,0,0,0,0,0,0,0,0,0,0,0,0,0,0,0,0,0,0,0,0,0,0,0,0,0,0,0,0,0,0,0,0
251120-77fcdb40-cfeb-4265-8624-5c01efd5b4cc,yukke_08,105097753,10,2,2,5900,2950,3900,27,13.5,1,1,0,0,0,1,0,0,0,,0,0,0,0,,0,0,0,4,2,9,0,0,0,0,0,0,1,1,0,0,0,0,0,0,1,0,0,0,0,0,0,0,0,0,0,0,0,0,0,0,0,0,0,0,0,0,0,0,0,0,0,0,0,0,0,0,0,0,0,0,0,0,0,0,0,0,0,0,0,0,0
251120-77fcdb40-cfeb-4265-8624-5c01efd5b4cc,【ぺた】,105037198,10,1,1,8000,8000,8000,9,9,0,1,0,0,1,2,0,1,6400,6400,0,0,2,12,6,1,2,0,4,0,8,0,1,0,0,0,0,0,0,0,0,0,0,0,1,0,0,0,0,0,0,0,0,0,0,0,0,0,0,0,0,0,0,0,0,0,0,0,0,0,0,0,0,0,0,0,0,0,0,0,0,0,0,0,0,0,0,0,0,0,0,0
251120-77fcdb40-cfeb-4265-8624-5c01efd5b4cc,Kasumisou,69812091,10,1,4,25000,6250,8000,40,10,0,4,0,0,3,2,1,1,8000,8000,0,0,4,37,9.3,3,4,0,2,1,4,0,3,0,0,0,0,0,1,0,0,1,0,0,0,0,0,0,0,0,0,0,0,0,0,0,0,1,0,0,1,0,0,0,0,0,0,0,0,0,0,0,0,0,0,0,0,0,0,0,0,0,0,0,0,0,0,0,0,0,0,0
251120-34abba46-8ff6-4069-a7fc-f4a19fc46bb5,ちたーふ,68331919,12,3,6,24000,4000,12000,76,12.7,2,4,0,0,2,3,1,0,0,,0,0,2,19,9.5,2,2,0,8,4,11,0,2,0,0,0,0,0,1,0,0,1,2,0,1,0,0,0,0,0,0,0,0,0,0,0,0,0,0,0,0,0,0,0,0,0,0,0,0,0,0,0,0,0,0,0,0,0,0,0,0,0,0,0,0,0,0,0,0,0,0,0
251120-34abba46-8ff6-4069-a7fc-f4a19fc46bb5,【ぺた】,105037198,12,2,2,23700,11850,12000,30,15,2,0,0,0,4,1,2,2,4200,2100,0,0,3,22,7.3,2,3,0,2,0,2,2,2,0,0,0,0,0,0,0,0,0,0,0,0,0,0,0,0,0,0,0,0,0,0,0,0,0,0,0,0,0,0,0,0,0,0,0,0,0,0,0,0,0,0,0,0,0,0,0,0,0,0,0,0,0,0,0,0,0,0,0
251120-34abba46-8ff6-4069-a7fc-f4a19fc46bb5,かんんちゃ,104219450,12,1,1,8000,8000,8000,12,12,1,0,0,0,1,1,0,3,16900,5633,0,0,1,6,6,1,1,0,2,0,4,1,1,0,0,0,0,0,1,0,0,0,0,0,0,0,0,0,0,0,0,0,0,0,0,0,0,0,0,0,0,0,0,0,0,0,0,0,0,0,0,0,0,0,0,0,0,0,0,0,0,0,0,0,0,0,0,0,0,0,0,0
251120-34abba46-8ff6-4069-a7fc-f4a19fc46bb5,ひつじ04,69255735,12,2,2,6800,3400,3900,18,9,0,2,0,0,0,1,1,1,2000,2000,0,0,2,15,7.5,1,1,1,4,1,10,0,1,0,0,0,0,0,0,0,0,0,1,0,1,0,0,0,0,0,0,0,0,0,0,0,0,0,0,0,0,0,0,0,0,0,0,0,0,0,0,0,0,0,0,0,0,0,0,0,0,0,0,0,0,0,0,0,0,0,0,0
251120-6351ebdf-f516-455d-93c8-421121fba362,【ぺた】,105037198,8,1,3,17100,5700,7900,40,13.3,3,0,0,0,1,3,0,1,16000,16000,0,1,2,18,9,2,2,0,2,1,2,2,2,0,0,0,0,0,1,0,0,0,1,0,1,0,0,0,0,0,0,0,0,0,0,0,0,0,0,0,0,0,0,0,0,0,0,0,0,0,0,0,0,0,0,0,0,0,0,0,0,0,0,0,0,0,0,0,0,0,0,0
251120-6351ebdf-f516-455d-93c8-421121fba362,琴音04,101333044,8,1,2,4000,2000,2000,28,14,2,0,0,0,0,1,0,0,0,,0,0,1,10,10,0,1,0,2,2,4,0,0,0,0,0,0,0,0,1,1,0,1,0,0,0,0,0,0,0,0,0,0,0,0,0,0,0,0,0,0,0,0,0,0,0,0,0,0,0,0,0,0,0,0,0,0,0,0,0,0,0,0,0,0,0,0,0,0,0,0,0
251120-6351ebdf-f516-455d-93c8-421121fba362,かんんちゃ,104219450,8,1,1,16000,16000,16000,9,9,0,1,0,0,2,1,0,0,0,,0,0,2,16,8,1,1,1,2,0,3,0,1,0,0,0,0,0,0,0,0,0,0,0,1,0,0,0,0,0,0,0,0,0,0,0,0,0,1,0,0,0,0,0,0,0,0,0,0,0,0,0,0,0,0,0,0,0,0,0,0,0,0,0,0,0,0,0,0,0,0,0
251120-6351ebdf-f516-455d-93c8-421121fba362,yukke_08,105097753,8,1,2,9200,4600,5200,24,12,2,0,0,0,2,0,0,0,0,,0,0,1,6,6,1,1,0,2,1,2,1,1,0,0,0,0,1,0,0,0,0,0,0,0,0,0,0,0,0,0,0,0,0,0,0,0,0,0,0,0,0,0,0,0,0,0,0,0,0,0,0,0,0,0,0,0,0,0,0,0,0,0,0,0,0,0,0,0,0,0,0
251120-90fcb764-be93-4dd9-8c73-be8d8cd6eeee,ちたーふ,68331919,10,3,3,12400,4133,5200,33,11,0,3,0,0,3,0,0,2,6200,3100,0,0,3,24,8,1,3,0,3,2,5,0,1,0,0,0,0,0,0,1,0,0,1,0,0,0,0,0,0,0,0,0,0,0,0,0,0,1,0,0,0,0,0,0,0,0,0,0,0,0,0,0,0,0,0,0,0,0,0,0,0,0,0,0,0,0,0,0,0,0,0,0
251120-90fcb764-be93-4dd9-8c73-be8d8cd6eeee,こりまる。,108266073,10,1,3,10200,3400,5200,44,14.7,1,2,0,0,0,2,1,1,1500,1500,0,0,3,34,11.3,2,1,2,3,1,4,1,2,0,0,0,0,0,0,0,1,0,0,0,0,0,0,0,0,0,0,0,0,0,0,0,0,0,0,0,0,0,0,0,0,0,0,0,0,0,0,0,0,0,0,0,0,0,0,0,0,0,0,0,0,0,0,0,0,0,0,0
251120-90fcb764-be93-4dd9-8c73-be8d8cd6eeee,ねこぜ7272,106334717,10,1,0,0,,,0,,0,0,0,0,0,0,0,3,12400,4133,0,0,0,0,,0,0,0,6,0,7,0,0,0,0,0,0,0,0,0,0,0,0,0,0,0,0,0,0,0,0,0,0,0,0,0,0,0,0,0,0,0,0,0,0,0,0,0,0,0,0,0,0,0,0,0,0,0,0,0,0,0,0,0,0,0,0,0,0,0,0,0
251120-90fcb764-be93-4dd9-8c73-be8d8cd6eeee,kotetsu0422,68590027,10,1,2,9500,4750,8000,25,12.5,1,1,1,0,0,2,0,0,0,,0,0,0,0,,0,0,0,4,1,5,1,0,0,0,0,0,0,0,0,0,0,1,0,0,0,0,0,0,0,0,0,1,0,0,0,0,0,0,0,0,0,0,0,0,0,0,0,0,0,0,0,0,0,0,0,0,0,0,0,0,0,0,0,0,0,0,0,0,0,0,0
251120-00e2c9e5-33bb-4fcb-882b-4cda67e0f751,かんんちゃ,104219450,14,1,3,17100,5700,12000,39,13,3,0,1,0,0,1,1,1,8000,8000,0,0,4,44,11,2,3,1,4,0,7,3,2,0,0,0,0,0,0,0,0,0,1,0,1,0,0,0,0,0,0,0,0,0,0,0,0,0,0,0,1,0,0,0,0,0,0,0,0,0,0,0,0,0,0,0,0,0,0,0,0,0,0,0,0,0,0,0,0,0,0,0
251120-00e2c9e5-33bb-4fcb-882b-4cda67e0f751,yukke_08,105097753,14,1,2,6800,3400,5200,23,11.5,1,1,0,0,1,0,0,2,3300,1650,1,0,4,37,9.3,1,2,2,5,1,6,1,1,0,0,0,0,0,0,0,1,0,0,0,1,0,0,0,0,0,0,0,0,0,0,0,0,0,0,0,0,0,0,0,0,0,0,0,0,0,0,0,0,0,0,0,0,0,0,0,0,0,0,0,0,0,0,0,0,0,0,0
251120-00e2c9e5-33bb-4fcb-882b-4cda67e0f751,【ぺた】,105037198,14,2,3,12400,4133,8000,35,11.7,0,3,0,0,2,0,2,1,1600,1600,0,0,1,15,15,1,1,0,8,2,13,0,1,0,0,0,0,0,1,1,0,0,0,0,1,0,0,0,0,0,0,0,0,0,0,0,0,0,0,0,0,0,0,0,0,0,0,0,0,0,0,0,0,0,0,0,0,0,0,0,0,0,0,0,0,0,0,0,0,0,0,0
251120-00e2c9e5-33bb-4fcb-882b-4cda67e0f751,クロミです,105506555,14,1,3,11300,3767,8000,47,15.7,1,2,0,0,3,1,0,2,4400,2200,0,0,6,65,10.8,1,4,2,4,2,6,0,1,0,0,0,0,0,1,0,1,1,0,0,0,0,0,0,0,0,0,0,0,0,0,0,0,0,0,0,0,0,0,0,0,0,0,0,0,0,0,0,0,0,0,0,0,0,0,0,0,0,0,0,0,0,0,0,0,0,0,0
251120-0eea6405-ce5c-4067-b85b-855bed0b9001,kotetsu0422,68590027,15,2,4,33100,8275,12000,47,11.8,1,3,0,0,1,4,0,3,10700,3567,0,0,2,22,11,1,2,0,6,3,9,1,1,0,0,1,0,0,0,1,1,0,1,0,0,0,0,0,0,0,0,0,0,0,0,0,0,1,0,1,0,0,0,0,0,0,0,0,0,0,0,0,0,0,0,0,0,0,0,0,0,0,0,0,0,0,0,0,0,0,0,0
251120-0eea6405-ce5c-4067-b85b-855bed0b9001,ねこぜ7272,106334717,15,3,4,15800,3950,8000,41,10.3,1,3,0,0,3,2,0,3,33900,11300,1,0,4,44,11,1,2,2,7,3,8,1,1,0,0,0,0,0,1,3,0,0,0,0,0,0,0,0,0,0,0,0,0,0,0,0,0,0,0,0,0,0,0,0,0,0,0,0,0,0,0,0,0,0,0,0,0,0,0,0,0,0,0,0,0,0,0,0,0,0,0,0
251120-0eea6405-ce5c-4067-b85b-855bed0b9001,ちたーふ,68331919,15,3,2,20600,10300,18000,30,15,0,2,1,0,4,1,0,2,9100,4550,0,0,2,19,9.5,1,1,1,3,0,5,0,1,0,0,0,0,0,0,1,0,0,1,0,0,0,0,0,0,0,0,0,0,0,0,0,0,0,0,0,0,0,0,0,0,0,0,0,0,0,0,0,0,0,0,0,0,0,0,0,0,0,0,0,0,0,0,0,0,0,0,0
251120-0eea6405-ce5c-4067-b85b-855bed0b9001,こりまる。,108266073,15,2,2,9700,4850,5800,22,11,0,2,0,0,0,1,0,2,5500,2750,0,0,4,38,9.5,2,3,1,3,0,6,0,2,0,0,0,0,0,0,0,0,0,0,0,1,0,0,0,0,0,0,0,0,0,0,0,0,0,0,0,1,0,0,0,0,0,0,0,0,0,0,0,0,0,0,0,0,0,0,0,0,0,0,0,0,0,0,0,0,0,0,0
251121-ee82e059-770d-4afe-ad3b-51a7e98859a0,yukke_08,105097753,12,2,5,43100,8620,18000,73,14.6,2,3,0,0,6,4,2,4,14500,3625,1,0,4,39,9.8,3,3,1,3,2,5,2,3,0,0,0,0,0,1,0,0,0,2,0,2,0,0,0,0,0,0,0,0,0,0,0,0,0,0,0,0,0,0,0,0,0,0,0,0,0,0,0,0,0,0,0,0,0,0,0,0,0,0,0,0,0,0,0,0,0,0,0
251121-ee82e059-770d-4afe-ad3b-51a7e98859a0,那遊多,104380037,12,2,2,3900,1950,2900,22,11,0,2,0,0,1,0,0,1,3900,3900,0,0,1,16,16,0,1,0,6,2,10,0,0,0,0,0,0,0,0,0,0,1,1,0,0,0,0,0,0,0,0,0,0,0,0,0,0,0,0,0,0,0,0,0,0,0,0,0,0,0,0,0,0,0,0,0,0,0,0,0,0,0,0,0,0,0,0,0,0,0,0,0
251121-ee82e059-770d-4afe-ad3b-51a7e98859a0,閄くん,102172268,12,2,3,12100,4033,7700,30,10,1,2,0,0,0,1,0,4,30900,7725,1,1,2,19,9.5,1,1,1,3,2,4,0,1,0,0,0,1,0,0,0,0,1,1,1,0,0,0,0,0,0,0,0,0,0,0,0,0,0,0,0,0,0,0,0,0,0,0,0,0,0,0,0,0,0,0,0,0,0,0,0,0,0,0,0,0,0,0,0,0,0,0,0
251121-ee82e059-770d-4afe-ad3b-51a7e98859a0,【ぺた】,105037198,12,1,2,4900,2450,3900,20,10,0,2,0,0,1,0,0,0,0,,0,0,1,9,9,0,1,0,3,2,7,0,0,0,0,0,0,0,0,0,2,1,0,0,0,0,0,0,0,0,0,0,0,0,0,0,0,0,0,0,0,0,0,0,0,0,0,0,0,0,0,0,0,0,0,0,0,0,0,0,0,0,0,0,0,0,0,0,0,0,0,0
251121-c7f59f33-ef63-4e0a-9b38-02921e50d139,Kasumisou,69812091,12,2,1,8000,8000,8000,13,13,0,1,0,0,1,1,0,1,7700,7700,1,0,2,20,10,1,1,1,3,0,4,0,1,0,0,0,0,0,0,0,0,0,0,0,0,0,0,0,0,0,0,0,0,0,0,0,0,0,0,0,1,0,0,0,0,0,0,0,0,0,0,0,0,0,0,0,0,0,0,0,0,0,0,0,0,0,0,0,0,0,0,0
251121-c7f59f33-ef63-4e0a-9b38-02921e50d139,ひつじ04,69255735,12,1,2,10400,5200,5200,26,13,2,0,0,0,2,0,0,2,20000,10000,1,0,4,35,8.8,2,4,0,1,0,1,2,2,0,0,0,0,0,0,0,0,0,0,0,2,0,0,0,0,0,0,0,0,0,0,0,0,0,0,0,0,0,0,0,0,0,0,0,0,0,0,0,0,0,0,0,0,0,0,0,0,0,0,0,0,0,0,0,0,0,0,0
251121-c7f59f33-ef63-4e0a-9b38-02921e50d139,水鏡千里,107134593,12,2,3,19500,6500,7800,33,11,2,1,1,0,2,1,1,1,7700,7700,0,0,2,14,7,2,1,1,3,0,5,2,2,0,0,0,0,0,0,0,0,0,0,0,1,0,0,0,0,0,0,0,0,0,0,0,0,0,0,0,1,0,0,0,0,0,0,0,0,0,0,0,0,0,0,0,0,0,0,0,0,0,0,0,0,0,0,0,0,0,0,0
251121-c7f59f33-ef63-4e0a-9b38-02921e50d139,ーはまちー,106149892,12,2,3,27700,9233,12000,27,9,1,2,0,0,4,3,0,0,0,,0,0,2,27,13.5,0,0,2,4,3,5,0,0,0,0,0,0,1,0,0,1,2,0,0,0,0,0,0,0,0,0,1,0,0,0,0,0,0,0,0,0,0,0,0,0,0,0,0,0,0,0,0,0,0,0,0,0,0,0,0,0,0,0,0,0,0,0,0,0,0,0,0
251121-7d5d9cbb-828f-4d80-a1bb-afb4d00c365f,ルート12345,71218983,13,3,6,42200,7033,18000,68,11.3,4,2,0,0,2,4,2,1,5800,5800,0,0,4,32,8,3,4,0,6,3,8,2,3,0,0,0,0,2,0,0,1,1,1,0,1,0,0,0,0,0,0,0,0,0,0,0,0,0,0,0,0,0,0,0,0,0,0,0,0,0,0,0,0,0,0,0,0,0,0,0,0,0,0,0,0,0,0,0,0,0,0,0
251121-7d5d9cbb-828f-4d80-a1bb-afb4d00c365f,ーはまちー,106149892,13,1,1,8000,8000,8000,7,7,0,1,0,0,0,0,2,0,0,,0,0,1,5,5,1,1,0,2,0,2,0,1,0,0,0,0,0,0,0,0,0,0,1,1,0,0,0,0,0,0,0,0,0,0,0,0,0,0,0,0,0,0,0,0,0,0,0,0,0,0,0,0,0,0,0,0,0,0,0,0,0,0,0,0,0,0,0,0,0,0,0
251121-7d5d9cbb-828f-4d80-a1bb-afb4d00c365f,【ぺた】,105037198,13,1,1,8000,8000,8000,7,7,1,0,0,0,0,1,1,2,9300,4650,0,0,2,13,6.5,1,2,0,4,0,5,1,1,0,0,0,0,0,0,0,0,0,1,0,0,0,0,0,0,0,0,0,0,0,0,0,0,0,0,0,0,0,0,0,0,0,0,0,0,0,0,0,0,0,0,0,0,0,0,0,0,0,0,0,0,0,0,0,0,0,0,0
251121-7d5d9cbb-828f-4d80-a1bb-afb4d00c365f,kotetsu0422,68590027,13,3,2,17500,8750,11700,21,10.5,1,1,0,0,0,0,1,1,2000,2000,0,0,1,12,12,1,1,0,4,1,7,1,1,0,0,0,0,0,0,0,2,0,0,0,0,0,0,0,0,0,0,0,0,0,0,0,0,1,0,0,0,0,0,0,0,0,0,0,0,0,0,0,0,0,0,0,0,0,0,0,0,0,0,0,0,0,0,0,0,0,0,0
251121-938bc64f-a4f0-48bd-93dd-8977f695e7d4,ルート12345,71218983,14,3,3,15900,5300,7900,27,9,2,1,0,0,1,3,0,2,15200,7600,1,0,3,27,9,1,3,0,3,2,3,1,1,0,0,0,0,1,0,2,0,0,0,0,0,0,0,0,0,0,0,0,0,0,0,0,0,0,0,0,0,0,0,0,0,0,0,0,0,0,0,0,0,0,0,0,0,0,0,0,0,0,0,0,0,0,0,0,0,0,0,0
251121-938bc64f-a4f0-48bd-93dd-8977f695e7d4,ーはまちー,106149892,14,1,2,10900,5450,7700,24,12,0,2,0,0,0,3,0,1,6400,6400,0,0,1,8,8,1,1,0,2,1,2,0,1,0,0,0,0,0,0,0,0,0,1,0,0,0,0,0,0,0,0,0,0,0,0,1,0,0,0,0,0,0,0,0,0,0,0,0,0,0,0,0,0,0,0,0,0,0,0,0,0,0,0,0,0,0,0,0,0,0,0,0
251121-938bc64f-a4f0-48bd-93dd-8977f695e7d4,yukke_08,105097753,14,4,5,26800,5360,12000,48,9.6,2,3,3,0,3,1,0,0,0,,0,0,3,30,10,2,2,1,4,0,5,2,2,0,0,0,0,0,0,0,0,1,0,0,1,1,0,0,0,0,0,0,0,0,0,0,0,0,0,0,2,0,0,0,0,0,0,0,0,0,0,0,0,0,0,0,0,0,0,0,0,0,0,0,0,0,0,0,0,0,0,0
251121-938bc64f-a4f0-48bd-93dd-8977f695e7d4,クロミです,105506555,14,1,0,0,,,0,,0,0,0,0,0,0,0,3,13600,4533,0,0,1,11,11,0,0,1,3,0,4,0,0,0,0,0,0,0,0,0,0,0,0,0,0,0,0,0,0,0,0,0,0,0,0,0,0,0,0,0,0,0,0,0,0,0,0,0,0,0,0,0,0,0,0,0,0,0,0,0,0,0,0,0,0,0,0,0,0,0,0,0
251121-e769cd86-7f43-4cd6-a283-0e5cb0ffac90,クロミです,105506555,18,4,2,6700,3350,5200,20,10,1,1,0,0,0,0,0,4,29300,7325,1,1,4,30,7.5,0,4,0,6,2,10,0,0,0,0,0,0,1,0,1,0,0,0,0,0,0,0,0,0,0,0,0,0,0,0,0,0,1,0,0,0,0,0,0,0,0,0,0,0,0,0,0,0,0,0,0,0,0,0,0,0,0,0,0,0,0,0,0,0,0,0,0
251121-e769cd86-7f43-4cd6-a283-0e5cb0ffac90,ーはまちー,106149892,18,5,5,49200,9840,18000,59,11.8,3,2,1,0,0,5,1,0,0,,0,0,4,34,8.5,4,4,0,1,0,1,3,4,0,0,0,0,0,0,0,0,1,2,0,3,0,0,1,0,0,0,0,0,0,0,0,0,0,0,0,2,0,0,0,0,0,0,0,0,0,0,0,0,0,0,0,0,0,0,0,0,0,0,0,0,0,0,0,0,0,0,0
251121-e769cd86-7f43-4cd6-a283-0e5cb0ffac90,yukke_08,105097753,18,2,4,29300,7325,11600,48,12,0,4,0,0,4,1,2,2,19500,9750,0,0,2,22,11,1,2,0,8,3,14,0,1,0,0,0,0,1,1,1,0,0,0,0,0,0,0,0,0,0,0,0,0,0,0,1,0,1,0,0,0,0,0,0,0,0,0,0,0,0,0,0,0,0,0,0,0,0,0,0,0,0,0,0,0,0,0,0,0,0,0,0
251121-e769cd86-7f43-4cd6-a283-0e5cb0ffac90,ルート12345,71218983,18,2,2,11200,5600,6000,22,11,2,0,0,0,0,1,0,1,12000,12000,0,0,3,29,9.7,1,2,1,6,1,9,1,1,0,0,0,0,1,0,0,0,0,0,0,0,0,0,0,0,0,0,0,0,0,0,0,0,1,0,0,0,0,0,0,0,0,0,0,0,0,0,0,0,0,0,0,0,0,0,0,0,0,0,0,0,0,0,0,0,0,0,0
251121-657479d0-e97b-4a5f-a27f-8941317e210d,ーはまちー,106149892,13,4,3,23900,7967,18000,43,14.3,1,2,2,0,4,2,1,1,3900,3900,0,0,3,42,14,1,1,2,2,0,2,1,1,0,0,0,0,0,0,0,0,0,0,1,1,0,0,0,0,0,0,0,0,0,0,0,0,0,0,0,0,0,0,0,0,0,0,0,0,0,0,0,0,0,0,0,0,0,0,0,0,0,0,0,0,0,0,0,0,0,0,0
251121-657479d0-e97b-4a5f-a27f-8941317e210d,あしだやよ,103448968,13,1,2,14000,7000,12000,28,14,0,2,0,0,2,0,2,4,43800,10950,0,0,3,39,13,1,3,0,3,1,3,0,1,0,0,0,0,0,0,0,1,1,0,0,0,0,0,0,0,0,0,0,0,0,0,1,0,0,0,0,0,0,0,0,0,0,0,0,0,0,0,0,0,0,0,0,0,0,0,0,0,0,0,0,0,0,0,0,0,0,0,0
251121-657479d0-e97b-4a5f-a27f-8941317e210d,ルート12345,71218983,13,2,3,25800,8600,18000,35,11.7,0,3,0,0,3,2,1,2,5900,2950,0,0,5,53,10.6,2,4,1,4,1,5,0,2,0,0,0,0,0,0,1,0,0,1,0,1,0,0,0,0,0,0,0,0,0,0,0,0,0,0,0,1,0,0,0,0,0,0,0,0,0,0,0,0,0,0,0,0,0,0,0,0,0,0,0,0,0,0,0,0,0,0,0
251121-657479d0-e97b-4a5f-a27f-8941317e210d,クロミです,105506555,13,1,1,3900,3900,3900,11,11,0,1,0,0,0,0,0,1,12000,12000,0,0,2,16,8,1,2,0,3,0,7,0,1,0,0,0,0,0,0,0,0,0,0,0,1,0,0,0,0,0,0,0,0,0,0,0,0,0,0,0,1,0,0,0,0,0,0,0,0,0,0,0,0,0,0,0,0,0,0,0,0,0,0,0,0,0,0,0,0,0,0,0
251121-c16ed36c-b5d9-41cd-ab9b-e1006e2bca7a,yukke_08,105097753,9,1,3,18000,6000,8000,40,13.3,1,2,0,0,1,2,0,3,15500,5167,0,0,1,5,5,1,1,0,6,2,11,0,1,0,0,0,0,1,0,0,1,1,2,0,1,1,0,0,0,0,0,0,0,0,0,0,0,0,0,0,0,0,0,0,0,0,0,0,0,0,0,0,0,0,0,0,0,0,0,0,0,0,0,0,0,0,0,0,0,0,0,0
251121-c16ed36c-b5d9-41cd-ab9b-e1006e2bca7a,ーはまちー,106149892,9,2,3,16800,5600,7700,29,9.7,0,3,1,0,0,3,1,2,9000,4500,0,0,1,6,6,1,1,0,4,1,8,0,1,0,0,0,0,0,0,1,0,0,1,0,0,0,0,0,0,0,0,0,0,0,0,0,0,1,0,0,0,0,0,0,0,0,0,0,0,0,0,0,0,0,0,0,0,0,0,0,0,0,0,0,0,0,0,0,0,0,0,0
251121-c16ed36c-b5d9-41cd-ab9b-e1006e2bca7a,クロミです,105506555,9,1,1,1000,1000,1000,14,14,0,1,0,0,0,0,0,2,10000,5000,1,1,1,13,13,0,1,0,2,1,5,0,0,0,0,0,0,1,0,0,0,0,0,0,0,0,0,0,0,0,0,0,0,0,0,0,0,0,0,0,0,0,0,0,0,0,0,0,0,0,0,0,0,0,0,0,0,0,0,0,0,0,0,0,0,0,0,0,0,0,0,0
251121-c16ed36c-b5d9-41cd-ab9b-e1006e2bca7a,ルート12345,71218983,9,1,2,5900,2950,3900,27,13.5,0,2,0,0,1,2,0,1,5200,5200,0,0,0,0,,0,0,0,6,2,9,0,0,0,0,0,0,0,0,0,0,0,2,0,0,0,0,0,0,0,0,0,0,0,0,0,0,0,0,0,0,0,0,0,0,0,0,0,0,0,0,0,0,0,0,0,0,0,0,0,0,0,0,0,0,0,0,0,0,0,0,0
251121-3f056d1e-1bfe-45f1-8c7d-02a044b30049,ーはまちー,106149892,10,1,1,12000,12000,12000,10,10,0,1,0,0,1,0,3,1,7700,7700,1,0,3,32,10.7,1,3,0,0,0,0,0,1,0,0,0,0,0,0,0,0,0,1,0,0,0,0,0,0,0,0,0,0,0,0,0,0,0,0,0,1,0,0,0,0,0,0,0,0,0,0,0,0,0,0,0,0,0,0,0,0,0,0,0,0,0,0,0,0,0,0,0
251121-3f056d1e-1bfe-45f1-8c7d-02a044b30049,ルート12345,71218983,10,2,1,18000,18000,18000,14,14,1,0,0,0,1,0,1,0,0,,0,0,2,30,15,1,1,1,0,0,0,1,1,0,0,0,0,0,0,0,0,0,0,0,1,0,0,0,0,0,0,0,0,0,0,0,0,0,0,0,1,0,0,0,0,0,0,0,0,0,0,0,0,0,0,0,0,0,0,0,0,0,0,0,0,0,0,0,0,0,0,0
251121-3f056d1e-1bfe-45f1-8c7d-02a044b30049,クロミです,105506555,10,2,2,25700,12850,18000,18,9,1,1,0,0,1,3,2,1,8000,8000,0,0,2,13,6.5,1,2,0,3,1,6,1,1,0,0,0,0,0,0,0,1,1,0,0,0,0,0,0,0,0,0,0,0,0,0,0,0,0,0,0,1,0,0,0,0,0,0,0,0,0,0,0,0,0,0,0,0,0,0,0,0,0,0,0,0,0,0,0,0,0,0,0
251121-3f056d1e-1bfe-45f1-8c7d-02a044b30049,yukke_08,105097753,10,1,2,20000,10000,12000,20,10,1,1,0,0,1,1,1,1,12000,12000,0,0,1,9,9,1,1,0,3,1,5,1,1,0,0,0,0,0,0,1,0,0,1,0,0,0,0,0,0,0,0,0,0,0,0,0,0,1,0,0,1,0,0,0,0,0,0,0,0,0,0,0,0,0,0,0,0,0,0,0,0,0,0,0,0,0,0,0,0,0,0,0
251122-177c8666-4bb7-4063-874e-e7c3244a9c4a,あしだやよ,103448968,9,1,3,14600,4867,7900,27,9,3,0,0,0,1,1,1,0,0,,0,0,3,19,6.3,3,3,0,1,0,1,3,3,0,0,0,0,0,0,0,0,0,0,0,1,0,0,0,0,0,0,0,0,0,0,0,0,0,0,0,0,0,0,0,0,0,0,0,0,0,0,0,0,0,0,0,0,0,0,0,0,0,0,0,0,0,0,0,0,0,0,0
251122-177c8666-4bb7-4063-874e-e7c3244a9c4a,kotetsu0422,68590027,9,2,2,19600,9800,11600,21,10.5,0,2,0,0,1,0,2,0,0,,0,0,2,19,9.5,2,0,2,3,0,4,0,2,0,0,0,0,0,0,0,0,0,0,0,2,0,1,0,0,0,0,0,0,0,0,0,0,0,0,0,0,0,0,0,0,0,0,0,0,0,0,0,0,0,0,0,0,0,0,0,0,0,0,0,0,0,0,0,0,0,0,0
251122-177c8666-4bb7-4063-874e-e7c3244a9c4a,こりまる。,108266073,9,1,2,20000,10000,12000,28,14,2,0,0,0,0,0,3,2,19600,9800,2,0,4,31,7.8,2,4,0,4,0,7,2,2,0,0,0,0,0,0,0,0,0,1,0,1,0,0,1,0,0,0,0,0,0,0,0,0,0,0,0,0,0,0,0,0,0,0,0,0,0,0,0,0,0,0,0,0,0,0,0,0,0,0,0,0,0,0,0,0,0,0,0
251122-177c8666-4bb7-4063-874e-e7c3244a9c4a,Kasumisou,69812091,9,1,0,0,,,0,,0,0,0,0,0,0,0,0,0,,0,0,0,0,,0,0,0,2,0,3,0,0,0,0,0,0,0,0,0,0,0,0,0,0,0,0,0,0,0,0,0,0,0,0,0,0,0,0,0,0,0,0,0,0,0,0,0,0,0,0,0,0,0,0,0,0,0,0,0,0,0,0,0,0,0,0,0,0,0,0,0
251122-a8da6b8b-f1e7-4f9c-ab24-289d78275624,yukke_08,105097753,13,1,2,7200,3600,4000,22,11,1,1,1,0,1,0,0,3,16600,5533,0,0,1,7,7,1,1,0,4,0,7,1,1,0,0,0,0,0,0,0,0,0,1,0,0,0,0,0,0,0,0,0,0,0,0,1,0,0,0,0,0,0,0,0,0,0,0,0,0,0,0,0,0,0,0,0,0,0,0,0,0,0,0,0,0,0,0,0,0,0,0,0
251122-a8da6b8b-f1e7-4f9c-ab24-289d78275624,【ぺた】,105037198,13,5,5,47300,9460,12000,58,11.6,2,3,0,0,3,2,0,1,3900,3900,1,0,4,37,9.3,2,4,0,6,3,10,0,2,0,0,0,0,1,0,1,2,0,1,0,1,0,0,1,0,0,0,0,0,0,0,0,0,2,0,0,0,0,0,0,0,0,0,0,0,0,0,0,0,0,0,0,0,0,0,0,0,0,0,0,0,0,0,0,0,0,0,0
251122-a8da6b8b-f1e7-4f9c-ab24-289d78275624,suzuken3,74756413,13,1,3,13100,4367,5200,46,15.3,2,1,0,0,2,2,0,2,23600,11800,0,0,1,4,4,1,1,0,4,2,4,1,1,0,0,1,0,0,0,0,0,0,2,0,1,0,0,0,0,0,0,0,0,0,0,0,0,0,0,0,0,0,0,0,0,0,0,0,0,0,0,0,0,0,0,0,0,0,0,0,0,0,0,0,0,0,0,0,0,0,0,0
251122-a8da6b8b-f1e7-4f9c-ab24-289d78275624,SaRa,72014327,13,1,2,4600,2300,2600,19,9.5,0,2,0,0,0,1,0,1,3200,3200,0,0,1,6,6,1,1,0,3,1,4,0,1,0,0,0,0,0,0,0,0,0,0,0,0,0,1,0,0,0,0,0,0,0,0,0,0,0,0,0,1,0,0,0,0,0,0,0,0,0,0,0,0,0,0,0,0,0,0,0,0,0,0,0,0,0,0,0,0,0,0,0
251122-ff115161-9e41-4599-a462-a2624e2dc74a,香川かがわ,108378517,11,3,2,13100,6550,12000,25,12.5,2,0,0,0,1,1,0,1,12000,12000,0,0,2,19,9.5,1,2,0,6,1,10,1,1,0,0,0,0,0,0,0,0,0,2,0,0,0,0,0,0,0,0,0,0,0,0,0,0,0,0,0,0,0,0,0,0,0,0,0,0,0,0,0,0,0,0,0,0,0,0,0,0,0,0,0,0,0,0,0,0,0,0,0
251122-ff115161-9e41-4599-a462-a2624e2dc74a,yukke_08,105097753,11,1,2,13200,6600,8000,16,8,1,1,0,0,4,1,0,0,0,,0,0,2,17,8.5,1,2,0,5,1,9,1,1,0,0,0,0,0,0,0,1,0,0,0,1,0,0,0,0,0,0,0,0,0,0,0,0,0,0,0,0,0,0,0,0,0,0,0,0,0,0,0,0,0,0,0,0,0,0,0,0,0,0,0,0,0,0,0,0,0,0,0
251122-ff115161-9e41-4599-a462-a2624e2dc74a,ルート12345,71218983,11,1,2,17200,8600,12000,29,14.5,2,0,0,0,2,0,3,1,8000,8000,0,0,3,29,9.7,2,3,0,2,0,2,2,2,0,0,0,0,0,0,0,0,0,0,0,1,0,0,0,0,0,0,0,0,0,0,0,0,0,0,0,0,0,0,0,0,0,0,0,0,0,0,0,0,0,0,0,0,0,0,0,0,0,0,0,0,0,0,0,0,0,0,0
251122-ff115161-9e41-4599-a462-a2624e2dc74a,ちたーふ,68331919,11,2,1,12000,12000,12000,12,12,0,1,0,0,3,1,0,0,0,,0,0,2,24,12,0,1,1,3,1,3,0,0,0,0,0,0,0,0,1,0,0,0,0,0,0,0,0,0,0,0,0,0,0,0,0,0,0,0,0,0,0,0,0,0,0,0,0,0,0,0,0,0,0,0,0,0,0,0,0,0,0,0,0,0,0,0,0,0,0,0,0
251122-0d1cb3f6-48e3-4e08-95d6-ec4e5d52ae35,ちたーふ,68331919,10,2,1,8000,8000,8000,12,12,0,1,0,0,1,0,1,2,19700,9850,0,0,2,18,9,1,2,0,3,0,5,0,1,0,0,0,0,0,0,0,0,0,0,0,1,0,0,0,0,0,0,0,0,0,0,0,0,0,0,0,1,0,0,0,0,0,0,0,0,0,0,0,0,0,0,0,0,0,0,0,0,0,0,0,0,0,0,0,0,0,0,0
251122-0d1cb3f6-48e3-4e08-95d6-ec4e5d52ae35,yukke_08,105097753,10,2,3,6100,2033,2600,33,11,2,1,1,0,0,1,0,0,0,,0,0,0,0,,0,0,0,4,2,6,0,0,0,0,0,0,0,0,0,0,2,1,1,0,0,0,0,0,0,0,0,0,0,0,0,0,0,0,0,0,0,0,0,0,0,0,0,0,0,0,0,0,0,0,0,0,0,0,0,0,0,0,0,0,0,0,0,0,0,0,0
251122-0d1cb3f6-48e3-4e08-95d6-ec4e5d52ae35,ーはまちー,106149892,10,1,1,12000,12000,12000,17,17,0,1,0,0,2,1,0,3,18300,6100,0,0,2,20,10,0,2,0,6,1,11,0,0,0,0,0,0,0,1,0,0,0,0,0,0,0,0,0,0,0,0,1,0,0,0,0,0,0,0,0,0,0,0,0,0,0,0,0,0,0,0,0,0,0,0,0,0,0,0,0,0,0,0,0,0,0,0,0,0,0,0,0
251122-0d1cb3f6-48e3-4e08-95d6-ec4e5d52ae35,クロミです,105506555,10,1,3,16900,5633,7700,32,10.7,1,2,0,0,3,1,0,0,0,,0,0,1,7,7,1,1,0,2,2,3,0,1,0,0,0,0,0,0,0,0,0,1,0,1,0,0,0,0,0,0,0,0,0,0,0,0,1,0,0,0,0,0,0,0,0,0,0,0,0,0,0,0,0,0,0,0,0,0,0,0,0,0,0,0,0,0,0,0,0,0,0
251122-1b20bdd7-fc38-42b4-8928-36edd5ebc280,きょーか8,69157106,12,1,4,27100,6775,16000,38,9.5,2,2,1,0,4,4,0,2,3400,1700,0,0,1,7,7,1,1,0,4,2,5,1,1,0,0,0,0,1,2,1,0,0,0,0,0,0,0,0,0,0,0,0,0,1,0,0,0,1,0,0,0,0,0,0,0,0,0,0,0,0,0,0,0,0,0,0,0,0,0,0,0,0,0,0,0,0,0,0,0,0,0,0
251122-1b20bdd7-fc38-42b4-8928-36edd5ebc280,ーはまちー,106149892,12,2,1,2400,2400,2400,12,12,0,1,0,0,0,0,0,2,9100,4550,0,0,3,29,9.7,1,2,1,2,0,5,0,1,0,0,0,0,0,0,0,0,0,0,0,0,0,0,0,0,0,0,0,0,0,0,0,0,0,0,0,0,0,0,0,0,0,0,0,0,0,0,0,0,0,0,0,0,0,0,0,0,0,0,0,0,0,0,0,0,0,0,0
251122-1b20bdd7-fc38-42b4-8928-36edd5ebc280,こりまる。,108266073,12,2,1,5200,5200,5200,7,7,0,1,1,0,1,1,0,1,7700,7700,0,0,1,4,4,0,1,0,2,0,2,0,0,0,0,0,0,0,0,0,0,0,0,1,0,0,0,0,0,0,0,0,0,0,0,0,0,0,0,0,0,0,0,0,0,0,0,0,0,0,0,0,0,0,0,0,0,0,0,0,0,0,0,0,0,0,0,0,0,0,0,0
251122-1b20bdd7-fc38-42b4-8928-36edd5ebc280,ルート12345,71218983,12,3,3,11700,3900,7700,35,11.7,1,2,1,0,0,2,1,1,5200,5200,0,0,2,14,7,1,2,0,3,1,5,0,1,0,0,0,0,0,1,0,0,0,0,0,1,0,0,0,0,0,0,0,0,0,0,0,0,0,0,0,0,0,0,0,0,0,0,0,0,0,0,0,0,0,0,0,0,0,0,0,0,0,0,0,0,0,0,0,0,0,0,0
251123-d9b86ae3-a019-496e-b3fe-8ea2e73c4a28,yukke_08,105097753,10,2,1,11600,11600,11600,8,8,0,1,0,0,0,0,0,2,12900,6450,1,0,3,32,10.7,0,2,1,3,1,5,0,0,0,0,0,0,0,1,0,0,0,0,0,0,0,1,0,0,0,0,0,0,0,0,0,0,1,0,0,0,0,0,0,0,0,0,0,0,0,0,0,0,0,0,0,0,0,0,0,0,0,0,0,0,0,0,0,0,0,0,0
251123-d9b86ae3-a019-496e-b3fe-8ea2e73c4a28,ルート12345,71218983,10,1,4,16000,4000,8000,52,13,3,1,0,0,3,2,1,2,15500,7750,0,0,2,24,12,1,2,0,4,3,6,1,1,0,0,0,0,0,0,1,0,1,1,0,0,0,0,0,0,0,0,0,0,0,0,0,0,0,0,0,0,0,0,0,0,0,0,0,0,0,0,0,0,0,0,0,0,0,0,0,0,0,0,0,0,0,0,0,0,0,0,0
251123-d9b86ae3-a019-496e-b3fe-8ea2e73c4a28,ちたーふ,68331919,10,1,1,5200,5200,5200,8,8,0,1,0,0,0,1,0,0,0,,0,0,2,21,10.5,1,1,1,1,0,1,0,1,0,0,0,0,1,0,0,0,0,0,0,0,0,0,0,0,0,0,0,0,0,0,0,0,0,0,0,0,0,0,0,0,0,0,0,0,0,0,0,0,0,0,0,0,0,0,0,0,0,0,0,0,0,0,0,0,0,0,0
251123-d9b86ae3-a019-496e-b3fe-8ea2e73c4a28,ーはまちー,106149892,10,2,4,23500,5875,8000,49,12.3,2,2,0,0,2,4,0,1,2000,2000,0,0,1,6,6,1,1,0,4,3,7,1,1,0,0,0,0,0,1,1,0,1,0,0,0,0,0,0,0,0,0,0,1,0,0,0,0,0,0,0,0,0,0,0,0,0,0,0,0,0,0,0,0,0,0,0,0,0,0,0,0,0,0,0,0,0,0,0,0,0,0,0
251123-eb80cab4-0372-41cb-9010-cc0f9977d265,【ぺた】,105037198,9,2,2,5900,2950,3900,29,14.5,1,1,0,0,0,1,0,1,2000,2000,0,0,1,11,11,1,1,0,1,1,1,0,1,0,0,0,0,0,0,0,0,1,0,0,0,0,0,1,0,0,0,0,0,0,0,0,0,0,0,0,0,0,0,0,0,0,0,0,0,0,0,0,0,0,0,0,0,0,0,0,0,0,0,0,0,0,0,0,0,0,0,0
251123-eb80cab4-0372-41cb-9010-cc0f9977d265,あしだやよ,103448968,9,1,0,0,,,0,,0,0,0,0,0,0,0,2,5900,2950,1,0,2,12,6,0,2,0,0,0,0,0,0,0,0,0,0,0,0,0,0,0,0,0,0,0,0,0,0,0,0,0,0,0,0,0,0,0,0,0,0,0,0,0,0,0,0,0,0,0,0,0,0,0,0,0,0,0,0,0,0,0,0,0,0,0,0,0,0,0,0,0
251123-eb80cab4-0372-41cb-9010-cc0f9977d265,ひつじ04,69255735,9,1,3,12400,4133,5200,38,12.7,0,3,1,0,2,3,0,0,0,,0,0,1,12,12,1,1,0,6,1,6,0,1,0,0,0,0,0,0,0,0,0,2,0,0,0,0,0,0,0,0,0,0,0,0,0,0,0,0,0,0,0,0,0,0,0,0,0,0,0,0,0,0,0,0,0,0,0,0,0,0,0,0,0,0,0,0,0,0,0,0,0
251123-eb80cab4-0372-41cb-9010-cc0f9977d265,yukke_08,105097753,9,1,1,2000,2000,2000,16,16,0,1,0,0,1,0,0,2,10400,5200,0,0,1,7,7,0,1,0,6,1,9,0,0,0,0,0,0,0,0,0,0,1,0,0,0,0,0,0,0,0,0,0,0,0,0,0,0,0,0,0,0,0,0,0,0,0,0,0,0,0,0,0,0,0,0,0,0,0,0,0,0,0,0,0,0,0,0,0,0,0,0,0
251123-8232a4ab-3a4c-4ef2-be6b-ae36887a06ef,【ぺた】,105037198,15,3,5,35300,7060,18000,61,12.2,3,2,1,0,4,1,0,3,24900,8300,0,0,1,13,13,1,1,0,4,3,10,1,1,0,0,0,0,2,0,1,0,0,2,0,1,1,0,0,0,0,0,0,0,0,0,1,0,0,0,0,1,0,0,0,0,0,0,0,0,0,0,0,0,0,0,0,0,0,0,0,0,0,0,0,0,0,0,0,0,0,0,0
251123-8232a4ab-3a4c-4ef2-be6b-ae36887a06ef,yukke_08,105097753,15,2,3,21500,7167,8000,42,14,1,2,1,0,2,2,3,2,23800,11900,0,0,4,38,9.5,2,4,0,5,0,8,1,2,0,0,0,0,0,0,0,0,0,0,0,2,0,0,0,0,0,0,0,0,0,0,0,0,0,0,0,0,0,0,0,0,0,0,0,0,0,0,0,0,0,0,0,0,0,0,0,0,0,0,0,0,0,0,0,0,0,0,0
251123-8232a4ab-3a4c-4ef2-be6b-ae36887a06ef,ーはまちー,106149892,15,2,3,19200,6400,12000,16,5.3,1,2,0,0,6,0,0,0,0,,0,0,3,26,8.7,1,2,1,6,2,7,0,1,0,0,0,0,2,0,0,0,0,0,0,0,0,0,0,0,0,0,0,0,0,0,0,0,0,0,0,0,0,0,0,0,0,0,0,0,0,0,0,0,0,0,0,0,0,0,0,0,0,0,0,0,0,0,0,0,0,0,0
251123-8232a4ab-3a4c-4ef2-be6b-ae36887a06ef,ルート12345,71218983,15,3,0,0,,,0,,0,0,0,0,0,0,0,1,5800,5800,0,0,1,12,12,0,1,0,6,0,6,0,0,0,0,0,0,0,0,0,0,0,0,0,0,0,0,0,0,0,0,0,0,0,0,0,0,0,0,0,0,0,0,0,0,0,0,0,0,0,0,0,0,0,0,0,0,0,0,0,0,0,0,0,0,0,0,0,0,0,0,0
251123-15a3437b-81b0-4b05-98ae-081fed072ed7,yukke_08,105097753,11,2,2,14300,7150,11700,17,8.5,1,1,0,0,1,2,0,1,2600,2600,0,0,2,11,5.5,2,2,0,2,0,3,1,2,0,0,0,0,0,0,0,0,0,0,0,0,0,0,0,0,0,0,0,0,0,0,0,0,0,0,0,0,0,0,0,0,0,0,0,0,0,0,0,0,0,0,0,0,0,0,0,0,0,0,0,0,0,0,0,0,0,0,0
251123-15a3437b-81b0-4b05-98ae-081fed072ed7,ーはまちー,106149892,11,2,3,16800,5600,7700,33,11,0,3,0,0,3,0,1,1,3900,3900,0,0,3,26,8.7,3,2,1,1,0,1,0,3,0,0,0,0,0,0,0,0,0,1,0,1,0,0,0,0,0,0,0,0,0,0,0,0,0,0,0,0,0,0,0,0,0,0,0,0,0,0,0,0,0,0,0,0,0,0,0,0,0,0,0,0,0,0,0,0,0,0,0
251123-15a3437b-81b0-4b05-98ae-081fed072ed7,Kasumisou,69812091,11,1,2,4600,2300,2600,27,13.5,1,1,0,0,0,2,0,4,13300,3325,0,0,1,8,8,1,1,0,3,1,5,0,1,0,0,0,0,0,1,0,0,0,0,0,0,0,0,0,0,0,0,0,0,0,0,0,0,0,0,0,0,0,0,0,0,0,0,0,0,0,0,0,0,0,0,0,0,0,0,0,0,0,0,0,0,0,0,0,0,0,0,0
251123-15a3437b-81b0-4b05-98ae-081fed072ed7,あしだやよ,103448968,11,2,4,10800,2700,3900,49,12.3,1,3,0,0,2,0,0,2,9100,4550,1,0,4,40,10,2,4,0,2,2,2,1,2,0,0,0,0,0,1,0,1,0,0,0,1,0,0,0,0,0,0,0,0,0,0,0,0,0,0,0,0,0,0,0,0,0,0,0,0,0,0,0,0,0,0,0,0,0,0,0,0,0,0,0,0,0,0,0,0,0,0,0
251123-4a99e62a-b222-4d50-b7ae-fa8cb8056f95,ーはまちー,106149892,14,1,3,18400,6133,8000,38,12.7,2,1,0,0,3,2,0,2,2500,1250,0,0,5,52,10.4,3,4,1,2,0,2,2,3,0,0,0,0,0,0,0,0,0,0,1,1,0,0,0,0,0,0,0,0,0,0,0,0,0,0,0,0,0,0,0,0,0,0,0,0,0,0,0,0,0,0,0,0,0,0,0,0,0,0,0,0,0,0,0,0,0,0,0
251123-4a99e62a-b222-4d50-b7ae-fa8cb8056f95,yukke_08,105097753,14,3,5,30600,6120,11600,51,10.2,1,4,2,0,0,3,1,0,0,,0,0,1,7,7,1,1,0,6,2,9,1,1,0,0,0,0,0,1,0,1,0,1,0,2,0,0,0,0,0,0,0,0,0,0,1,0,1,0,0,1,0,0,0,0,0,0,0,0,0,0,0,0,0,0,0,0,0,0,0,0,0,0,0,0,0,0,0,0,0,0,0
251123-4a99e62a-b222-4d50-b7ae-fa8cb8056f95,閄くん,102172268,14,3,4,26700,6675,12000,60,15,1,3,0,0,4,2,2,3,21600,7200,1,0,3,34,11.3,2,3,0,5,2,8,0,2,0,0,0,0,1,0,0,0,0,1,0,0,0,0,0,0,0,0,0,0,0,0,0,0,0,0,0,0,0,0,0,0,0,0,0,0,0,0,0,0,0,0,0,0,0,0,0,0,0,0,0,0,0,0,0,0,0,0,0
251123-4a99e62a-b222-4d50-b7ae-fa8cb8056f95,ルート12345,71218983,14,2,2,3500,1750,2000,26,13,1,1,0,0,1,0,0,4,25900,6475,1,0,3,29,9.7,0,2,1,5,2,8,0,0,0,0,0,0,0,0,1,0,0,1,0,0,0,0,0,0,0,0,0,0,0,0,0,0,0,0,0,0,0,0,0,0,0,0,0,0,0,0,0,0,0,0,0,0,0,0,0,0,0,0,0,0,0,0,0,0,0,0,0
251124-849a184a-6894-4d0f-a333-7ed3e3473304,クロミです,105506555,21,5,4,20500,5125,12000,53,13.3,2,2,1,0,6,2,0,1,2900,2900,1,0,4,50,12.5,1,4,0,7,2,13,1,1,0,0,0,0,0,1,0,0,0,1,0,0,0,0,0,0,0,0,0,0,0,0,0,0,0,0,0,0,0,0,0,0,0,0,0,0,0,0,0,0,0,0,0,0,0,0,0,0,0,0,0,0,0,0,0,0,0,0,0
251124-849a184a-6894-4d0f-a333-7ed3e3473304,閄くん,102172268,21,4,5,32900,6580,8000,64,12.8,1,4,0,0,5,3,4,2,4400,2200,0,0,6,49,8.2,3,6,0,9,2,11,0,3,0,0,0,0,0,0,0,0,0,2,0,1,0,0,0,0,0,0,0,0,0,0,0,0,0,0,0,0,0,0,0,0,0,0,0,0,0,0,0,0,0,0,0,0,0,0,0,0,0,0,0,0,0,0,0,0,0,0,0
251124-849a184a-6894-4d0f-a333-7ed3e3473304,yukke_08,105097753,21,5,4,13600,3400,7700,24,6,0,4,0,0,0,1,1,1,2600,2600,0,0,3,31,10.3,1,1,2,12,3,17,0,1,0,0,0,0,1,1,0,0,1,0,0,1,0,0,0,0,0,0,0,0,0,0,0,0,0,0,0,1,0,0,0,0,0,0,0,0,0,0,0,0,0,0,0,0,0,0,0,0,0,0,0,0,0,0,0,0,0,0,0
251124-849a184a-6894-4d0f-a333-7ed3e3473304,ひつじ04,69255735,21,2,1,6400,6400,6400,17,17,1,0,0,0,0,0,0,6,36100,6017,0,0,5,71,14.2,0,3,2,4,1,10,0,0,0,0,0,0,0,1,0,0,0,0,0,0,0,0,0,0,0,0,0,0,0,0,0,0,1,0,0,0,0,0,0,0,0,0,0,0,0,0,0,0,0,0,0,0,0,0,0,0,0,0,0,0,0,0,0,0,0,0,0
251124-33272aa0-dfdf-49ad-8571-906abd61f98a,かつどん3242,103377233,10,1,2,7200,3600,5200,25,12.5,1,1,0,0,0,1,0,1,12000,12000,0,0,5,49,9.8,1,2,3,1,1,2,0,1,0,0,0,0,1,0,0,0,0,0,1,0,0,0,0,0,0,0,0,0,0,0,0,0,0,0,0,1,0,0,0,0,0,0,0,0,0,0,0,0,0,0,0,0,0,0,0,0,0,0,0,0,0,0,0,0,0,0,0
251124-33272aa0-dfdf-49ad-8571-906abd61f98a,【ぺた】,105037198,10,3,1,12000,12000,12000,17,17,0,1,0,0,2,2,0,1,8000,8000,0,0,1,10,10,0,0,1,3,1,4,0,0,0,0,0,0,0,0,0,0,0,1,0,0,0,0,0,0,0,0,0,0,0,0,0,0,0,0,0,0,0,0,0,0,0,0,0,0,0,0,0,0,0,0,0,0,0,0,0,0,0,0,0,0,0,0,0,0,0,0,0
251124-33272aa0-dfdf-49ad-8571-906abd61f98a,・meru_06・,108732125,10,1,2,23900,11950,16000,19,9.5,2,0,0,0,2,2,0,1,7700,7700,0,0,4,38,9.5,2,4,0,2,0,2,2,2,0,0,0,0,1,0,0,0,0,0,1,1,0,0,0,0,0,0,0,0,0,0,0,0,0,0,0,1,0,0,0,0,0,0,0,0,0,0,0,0,0,0,0,0,0,0,0,0,0,0,0,0,0,0,0,0,0,0,0
251124-33272aa0-dfdf-49ad-8571-906abd61f98a,y123165u,106799530,10,1,3,27700,9233,12000,29,9.7,1,2,0,0,4,1,1,1,5200,5200,0,0,4,34,8.5,3,3,1,1,0,1,1,3,0,0,0,0,0,2,0,0,0,0,1,1,0,0,0,0,0,0,0,0,0,0,0,0,0,0,0,2,0,0,0,0,0,0,0,0,0,0,0,0,0,0,0,0,0,0,0,0,0,0,0,0,0,0,0,0,0,0,0
251124-a8f8e304-ba21-4567-ab5f-2ed18ff2c5b1,yukke_08,105097753,12,1,4,20300,5075,8000,55,13.8,0,4,1,0,6,2,0,2,15900,7950,0,1,1,11,11,1,1,0,6,2,13,0,1,0,0,0,0,0,0,0,0,0,3,0,1,0,0,0,0,0,0,0,0,0,0,0,0,0,0,0,0,0,0,0,0,0,0,0,0,0,0,0,0,0,0,0,0,0,0,0,0,0,0,0,0,0,0,0,0,0,0,0
251124-a8f8e304-ba21-4567-ab5f-2ed18ff2c5b1,かつどん3242,103377233,12,3,4,29100,7275,12000,60,15,0,4,0,0,2,1,1,1,2600,2600,0,0,5,61,12.2,3,3,2,6,1,9,0,3,0,0,0,0,1,0,0,0,0,0,2,1,1,0,1,0,0,0,0,0,0,0,0,0,0,0,0,1,0,0,0,0,0,0,0,0,0,0,0,0,0,0,0,0,0,0,0,0,0,0,0,0,0,0,0,0,0,0,0
251124-a8f8e304-ba21-4567-ab5f-2ed18ff2c5b1,・meru_06・,108732125,12,2,1,7800,7800,7800,11,11,1,0,0,0,1,1,0,3,20900,6967,2,0,3,40,13.3,0,2,1,2,1,3,0,0,0,0,0,0,0,0,0,0,0,1,0,0,0,0,0,0,0,0,0,0,0,0,0,0,0,0,0,0,0,0,0,0,0,0,0,0,0,0,0,0,0,0,0,0,0,0,0,0,0,0,0,0,0,0,0,0,0,0,0
251124-a8f8e304-ba21-4567-ab5f-2ed18ff2c5b1,y123165u,106799530,12,2,1,6000,6000,6000,12,12,1,0,0,0,0,1,0,2,10000,5000,0,0,1,5,5,1,1,0,3,0,6,1,1,0,0,0,0,0,0,0,0,0,0,0,0,0,0,0,0,0,0,0,0,0,0,0,0,0,0,0,0,0,0,0,0,0,0,0,0,0,0,0,0,0,0,0,0,0,0,0,0,0,0,0,0,0,0,0,0,0,0,0
251125-1f19982e-5d68-4045-b317-4550e0863d0f,yukke_08,105097753,14,2,1,1500,1500,1500,14,14,1,0,0,0,0,0,0,1,2600,2600,0,0,1,10,10,0,1,0,6,1,11,0,0,0,0,0,0,0,0,0,0,0,1,0,0,0,0,0,0,0,0,0,0,0,0,0,0,0,0,0,0,0,0,0,0,0,0,0,0,0,0,0,0,0,0,0,0,0,0,0,0,0,0,0,0,0,0,0,0,0,0,0
251125-1f19982e-5d68-4045-b317-4550e0863d0f,【ぺた】,105037198,14,4,4,28000,7000,12000,58,14.5,2,2,0,0,0,2,4,0,0,,0,0,2,17,8.5,2,2,0,4,2,5,1,2,0,0,0,0,0,0,0,0,1,1,0,0,0,0,0,0,0,0,0,0,0,0,0,0,0,0,0,0,0,0,0,0,0,0,0,0,0,0,0,0,0,0,0,0,0,0,0,0,0,0,0,0,0,0,0,0,0,0,0
251125-1f19982e-5d68-4045-b317-4550e0863d0f,ひつじ04,69255735,14,1,3,38600,12867,24000,36,12,1,2,0,0,0,1,0,1,12000,12000,0,1,3,30,10,3,3,0,6,0,9,1,3,0,0,0,0,0,1,1,0,0,1,0,1,0,0,1,0,0,0,0,1,1,0,0,0,1,0,0,1,0,0,0,0,0,0,0,0,0,0,0,0,0,0,0,0,0,0,0,0,0,0,0,0,0,0,0,0,0,0,0
251125-1f19982e-5d68-4045-b317-4550e0863d0f,y123165u,106799530,14,2,1,4000,4000,4000,17,17,1,0,0,0,0,1,0,2,25300,12650,0,1,3,38,12.7,1,3,0,1,0,1,1,1,0,0,0,0,0,0,0,0,0,0,0,0,0,0,0,0,0,0,0,0,0,0,0,0,0,0,0,0,0,0,0,0,0,0,0,0,0,0,0,0,0,0,0,0,0,0,0,0,0,0,0,0,0,0,0,0,0,0,0
251125-04495185-f6cc-4f7b-b28a-3c9fe6867338,香川かがわ,108378517,10,2,3,6600,2200,2600,48,16,0,3,1,0,0,1,0,2,13000,6500,0,0,2,25,12.5,2,1,1,3,0,3,0,2,0,0,0,0,0,0,0,0,0,1,0,1,0,0,0,0,0,0,0,0,0,0,0,0,0,0,0,0,0,0,0,0,0,0,0,0,0,0,0,0,0,0,0,0,0,0,0,0,0,0,0,0,0,0,0,0,0,0,0
251125-04495185-f6cc-4f7b-b28a-3c9fe6867338,【ぺた】,105037198,10,2,3,26600,8867,12000,37,12.3,1,2,1,0,1,3,2,2,5900,2950,1,0,3,31,10.3,2,3,0,3,0,5,1,2,0,0,0,0,0,0,0,0,0,1,1,2,0,0,0,0,0,0,0,0,0,0,0,0,0,0,0,0,0,0,0,0,0,0,0,0,0,0,0,0,0,0,0,0,0,0,0,0,0,0,0,0,0,0,0,0,0,0,0
251125-04495185-f6cc-4f7b-b28a-3c9fe6867338,ちたーふ,68331919,10,1,0,0,,,0,,0,0,0,0,0,0,0,3,7200,2400,3,0,4,36,9,0,3,1,1,0,2,0,0,0,0,0,0,0,0,0,0,0,0,0,0,0,0,0,0,0,0,0,0,0,0,0,0,0,0,0,0,0,0,0,0,0,0,0,0,0,0,0,0,0,0,0,0,0,0,0,0,0,0,0,0,0,0,0,0,0,0,0
251125-04495185-f6cc-4f7b-b28a-3c9fe6867338,yukke_08,105097753,10,1,4,14900,3725,8000,41,10.3,1,3,0,0,2,1,1,1,2000,2000,0,0,2,19,9.5,1,1,1,4,3,6,1,1,0,0,0,0,1,0,0,0,0,2,0,0,0,0,1,0,0,0,0,0,0,0,0,0,0,0,0,0,0,0,0,0,0,0,0,0,0,0,0,0,0,0,0,0,0,0,0,0,0,0,0,0,0,0,0,0,0,0,0
251125-95158182-7854-484e-93ec-28432dfcc44f,ちたーふ,68331919,9,1,2,13300,6650,12000,19,9.5,1,1,1,0,0,2,1,0,0,,0,0,2,27,13.5,1,2,0,1,0,1,1,1,0,0,0,0,0,1,0,0,0,1,0,0,0,0,0,0,0,0,0,0,0,0,0,0,0,0,0,1,0,0,0,0,0,0,0,0,0,0,0,0,0,0,0,0,0,0,0,0,0,0,0,0,0,0,0,0,0,0,0
251125-95158182-7854-484e-93ec-28432dfcc44f,ーはまちー,106149892,9,1,2,15900,7950,8000,28,14,2,0,0,0,2,2,1,1,1300,1300,0,0,3,35,11.7,1,1,2,4,1,6,1,1,0,0,0,0,1,0,0,0,0,0,0,0,0,0,0,0,0,0,0,0,0,0,0,0,0,0,0,0,0,0,0,0,0,0,0,0,0,0,0,0,0,0,0,0,0,0,0,0,0,0,0,0,0,0,0,0,0,0,0
251125-95158182-7854-484e-93ec-28432dfcc44f,【ぺた】,105037198,9,1,3,21200,7067,12000,32,10.7,3,0,0,0,1,1,1,1,7700,7700,0,0,3,23,7.7,3,3,0,3,0,5,3,3,0,0,0,0,0,0,0,0,0,1,0,2,0,0,0,0,0,0,0,0,0,0,0,0,0,0,0,1,0,0,0,0,0,0,0,0,0,0,0,0,0,0,0,0,0,0,0,0,0,0,0,0,0,0,0,0,0,0,0
251125-95158182-7854-484e-93ec-28432dfcc44f,香川かがわ,108378517,9,2,2,19700,9850,12000,28,14,1,1,0,0,4,0,0,0,0,,0,0,1,7,7,1,1,0,5,1,7,1,1,0,0,0,0,0,0,0,0,0,0,1,0,0,0,0,0,0,0,0,0,0,0,0,1,0,0,0,0,0,0,0,0,0,0,0,0,0,0,0,0,0,0,0,0,0,0,0,0,0,0,0,0,0,0,0,0,0,0,0
251125-4ec9aa03-e647-476a-b265-0eae59230b64,香川かがわ,108378517,8,1,1,12000,12000,12000,12,12,0,1,1,0,0,2,0,2,9000,4500,0,0,0,0,,0,0,0,4,0,5,0,0,0,0,0,0,0,0,0,0,0,1,0,1,0,0,1,0,0,0,0,0,0,0,0,0,0,0,0,0,0,0,0,0,0,0,0,0,0,0,0,0,0,0,0,0,0,0,0,0,0,0,0,0,0,0,0,0,0,0,0
251125-4ec9aa03-e647-476a-b265-0eae59230b64,あしだやよ,103448968,8,1,2,9000,4500,8000,30,15,0,2,0,0,2,1,0,3,16700,5567,0,0,2,27,13.5,1,2,0,1,1,1,0,1,0,0,0,0,1,0,0,0,0,0,0,0,0,0,0,0,0,0,0,0,0,0,0,0,0,0,0,0,0,0,0,0,0,0,0,0,0,0,0,0,0,0,0,0,0,0,0,0,0,0,0,0,0,0,0,0,0,0,0
251125-4ec9aa03-e647-476a-b265-0eae59230b64,ーはまちー,106149892,8,1,1,8000,8000,8000,8,8,0,1,0,0,0,1,1,0,0,,0,0,1,7,7,1,1,0,0,0,0,0,1,0,0,0,0,0,0,0,0,0,0,0,0,0,0,0,0,0,0,0,0,0,0,0,0,0,0,0,1,0,0,0,0,0,0,0,0,0,0,0,0,0,0,0,0,0,0,0,0,0,0,0,0,0,0,0,0,0,0,0
251125-4ec9aa03-e647-476a-b265-0eae59230b64,【ぺた】,105037198,8,1,2,8700,4350,7700,29,14.5,0,2,0,0,0,1,1,1,12000,12000,0,0,1,10,10,1,1,0,3,1,5,0,1,0,0,0,0,0,0,0,0,0,1,0,1,0,0,0,0,0,0,0,0,0,0,0,0,0,0,0,0,0,0,0,0,0,0,0,0,0,0,0,0,0,0,0,0,0,0,0,0,0,0,0,0,0,0,0,0,0,0,0
251125-5204898e-b3b5-4903-b921-3c97db15640f,kotetsu0422,68590027,22,6,8,41500,5188,12000,90,11.3,2,6,0,0,0,3,1,2,20000,10000,0,0,6,51,8.5,5,5,1,9,3,19,2,5,0,0,0,0,1,0,0,0,1,1,0,2,0,0,0,0,0,0,1,0,0,0,0,0,1,0,0,0,0,0,0,0,0,0,0,0,0,0,0,0,0,0,0,0,0,0,0,0,0,0,0,0,0,0,0,0,0,0,0
251125-5204898e-b3b5-4903-b921-3c97db15640f,きょーか8,69157106,22,2,2,20000,10000,12000,21,10.5,0,2,0,0,4,0,1,1,2900,2900,0,0,6,69,11.5,2,6,0,5,0,8,0,2,0,0,0,0,0,0,0,0,0,1,0,2,0,0,0,0,0,0,0,0,0,0,0,0,0,0,0,1,0,0,0,0,0,0,0,0,0,0,0,0,0,0,0,0,0,0,0,0,0,0,0,0,0,0,0,0,0,0,0
251125-5204898e-b3b5-4903-b921-3c97db15640f,こりまる。,108266073,22,2,1,12000,12000,12000,4,4,1,0,0,0,1,1,0,2,11600,5800,0,0,7,81,11.6,1,5,2,4,0,6,1,1,0,0,0,0,0,0,0,0,0,0,0,0,0,0,0,0,0,0,0,0,0,0,0,0,0,0,0,1,0,0,0,0,0,0,0,0,0,0,0,0,0,0,0,0,0,0,0,0,0,0,0,0,0,0,0,0,0,0,0
251125-5204898e-b3b5-4903-b921-3c97db15640f,かんんちゃ,104219450,22,4,2,15800,7900,7900,18,9,2,0,0,0,3,0,0,3,15000,5000,2,0,3,31,10.3,0,3,0,11,2,15,0,0,0,0,0,0,1,1,0,1,0,0,0,0,0,0,0,0,0,0,0,0,0,0,0,0,1,0,0,0,0,0,0,0,0,0,0,0,0,0,0,0,0,0,0,0,0,0,0,0,0,0,0,0,0,0,0,0,0,0,0
251126-94bc21c0-444f-40d3-a136-68fb686fbe59,【ぺた】,105037198,13,1,1,8000,8000,8000,5,5,1,0,0,0,0,1,1,2,9000,4500,0,0,3,21,7,1,3,0,5,0,6,1,1,0,0,0,0,0,0,0,0,0,0,0,0,0,0,0,0,0,0,0,0,0,0,0,0,0,0,0,1,0,0,0,0,0,0,0,0,0,0,0,0,0,0,0,0,0,0,0,0,0,0,0,0,0,0,0,0,0,0,0
251126-94bc21c0-444f-40d3-a136-68fb686fbe59,ーはまちー,106149892,13,2,4,29300,7325,12000,41,10.3,1,3,0,0,1,1,0,1,3900,3900,1,0,3,20,6.7,2,3,0,4,2,6,1,2,0,0,0,0,1,2,0,0,1,0,1,0,0,0,0,0,0,0,0,0,0,0,0,0,2,0,0,1,0,0,0,0,0,0,0,0,0,0,0,0,0,0,0,0,0,0,0,0,0,0,0,0,0,0,0,0,0,0,0
251126-94bc21c0-444f-40d3-a136-68fb686fbe59,yukke_08,105097753,13,3,1,1300,1300,1300,15,15,0,1,1,0,0,0,0,1,11600,11600,0,0,2,23,11.5,0,1,1,3,0,4,0,0,0,0,0,0,0,0,0,0,0,1,0,0,0,0,0,0,0,0,0,0,0,0,0,0,0,0,0,0,0,0,0,0,0,0,0,0,0,0,0,0,0,0,0,0,0,0,0,0,0,0,0,0,0,0,0,0,0,0,0
251126-94bc21c0-444f-40d3-a136-68fb686fbe59,kotetsu0422,68590027,13,2,4,25900,6475,11600,51,12.8,1,3,1,0,3,3,0,3,21300,7100,0,0,0,0,,0,0,0,6,3,9,0,0,0,0,0,0,0,0,1,1,3,1,0,1,0,0,0,0,0,0,0,0,0,0,0,0,0,0,0,0,0,0,0,0,0,0,0,0,0,0,0,0,0,0,0,0,0,0,0,0,0,0,0,0,0,0,0,0,0,0,0
251126-3e8e5479-a25d-4b80-b7fd-0447b4b9ac6f,kotetsu0422,68590027,16,6,4,30800,7700,12000,49,12.3,2,2,0,0,2,4,1,2,4600,2300,0,0,2,24,12,2,1,1,4,2,6,1,2,0,0,0,0,0,0,0,1,1,1,0,0,0,0,0,0,0,0,0,0,0,0,0,0,0,0,0,1,0,0,0,0,0,0,0,0,0,0,0,0,0,0,0,0,0,0,0,0,0,0,0,0,0,0,0,0,0,0,0
251126-3e8e5479-a25d-4b80-b7fd-0447b4b9ac6f,【ぺた】,105037198,16,3,4,39600,9900,18000,51,12.8,3,1,1,0,4,2,3,1,2900,2900,1,0,3,29,9.7,2,3,0,2,1,3,2,2,0,0,0,0,1,0,0,0,0,1,2,1,0,0,0,0,0,0,0,0,0,0,0,0,0,0,0,1,0,0,0,0,0,0,0,0,0,0,0,0,0,0,0,0,0,0,0,0,0,0,0,0,0,0,0,0,0,0,0
251126-3e8e5479-a25d-4b80-b7fd-0447b4b9ac6f,ーはまちー,106149892,16,2,4,29800,7450,16000,47,11.8,3,1,1,0,5,1,3,3,26600,8867,2,1,4,33,8.3,2,4,0,2,1,4,2,2,0,0,0,0,0,0,0,1,0,1,0,0,0,0,0,0,0,0,0,0,0,0,0,0,0,0,0,1,0,0,0,0,0,0,0,0,0,0,0,0,0,0,0,0,0,0,0,0,0,0,0,0,0,0,0,0,0,0,0
251126-3e8e5479-a25d-4b80-b7fd-0447b4b9ac6f,yukke_08,105097753,16,1,3,16000,5333,12000,25,8.3,1,2,0,0,2,1,3,0,0,,0,0,2,23,11.5,1,1,1,5,2,7,0,1,0,0,0,0,0,0,0,2,0,0,0,0,0,0,0,0,0,0,0,0,0,0,0,0,0,0,0,1,0,0,0,0,0,0,0,0,0,0,0,0,0,0,0,0,0,0,0,0,0,0,0,0,0,0,0,0,0,0,0
251126-d44a1398-d048-4a04-81ac-d66f35e4a87c,kotetsu0422,68590027,10,2,0,0,,,0,,0,0,0,0,0,0,0,3,6500,2167,0,0,3,22,7.3,0,3,0,2,0,5,0,0,0,0,0,0,0,0,0,0,0,0,0,0,0,0,0,0,0,0,0,0,0,0,0,0,0,0,0,0,0,0,0,0,0,0,0,0,0,0,0,0,0,0,0,0,0,0,0,0,0,0,0,0,0,0,0,0,0,0,0
251126-d44a1398-d048-4a04-81ac-d66f35e4a87c,ルート12345,71218983,10,2,2,3900,1950,2600,21,10.5,0,2,0,0,1,0,0,1,1300,1300,0,0,2,18,9,1,2,0,1,1,1,0,1,0,0,0,0,0,1,0,0,0,0,0,0,0,0,0,0,0,0,0,0,0,0,0,0,0,0,0,0,0,0,0,0,0,0,0,0,0,0,0,0,0,0,0,0,0,0,0,0,0,0,0,0,0,0,0,0,0,0,0
251126-d44a1398-d048-4a04-81ac-d66f35e4a87c,ーはまちー,106149892,10,1,4,9900,2475,4000,44,11,1,3,1,0,2,2,0,1,7700,7700,0,0,1,5,5,1,1,0,4,2,5,0,1,0,0,0,0,0,0,2,0,0,1,0,0,0,0,0,0,0,0,0,0,0,0,0,0,0,0,0,0,0,0,0,0,0,0,0,0,0,0,0,0,0,0,0,0,0,0,0,0,0,0,0,0,0,0,0,0,0,0,0
251126-d44a1398-d048-4a04-81ac-d66f35e4a87c,yukke_08,105097753,10,1,2,19700,9850,12000,28,14,1,1,1,0,2,1,0,1,2000,2000,0,0,0,0,,0,0,0,5,1,7,1,0,0,0,0,0,0,0,0,1,1,1,0,1,0,0,1,0,0,0,0,0,0,0,0,0,0,0,0,0,0,0,0,0,0,0,0,0,0,0,0,0,0,0,0,0,0,0,0,0,0,0,0,0,0,0,0,0,0,0,0
251127-314779a1-6316-40db-9af2-c78d5dc1275d,yukke_08,105097753,10,2,1,8000,8000,8000,12,12,0,1,0,0,3,0,0,0,0,,0,0,3,33,11,0,3,0,6,1,10,0,0,0,0,0,0,0,0,0,1,0,0,0,0,0,0,0,0,0,0,0,0,0,0,0,0,0,0,0,0,0,0,0,0,0,0,0,0,0,0,0,0,0,0,0,0,0,0,0,0,0,0,0,0,0,0,0,0,0,0,0
251127-314779a1-6316-40db-9af2-c78d5dc1275d,ルート12345,71218983,10,1,3,31900,10633,12000,39,13,3,0,1,0,4,3,1,1,8000,8000,0,0,1,7,7,1,1,0,3,1,5,2,1,0,0,0,0,0,0,0,0,0,2,0,0,1,0,0,0,0,0,0,0,0,0,0,0,0,0,0,1,0,0,0,0,0,0,0,0,0,0,0,0,0,0,0,0,0,0,0,0,0,0,0,0,0,0,0,0,0,0,0
251127-314779a1-6316-40db-9af2-c78d5dc1275d,ーはまちー,106149892,10,1,2,10000,5000,8000,25,12.5,2,0,0,0,1,1,2,0,0,,0,0,4,54,13.5,1,2,2,2,1,5,1,1,0,0,0,0,0,0,0,0,0,1,0,0,0,0,0,0,0,0,0,0,0,0,0,0,0,0,0,0,0,0,0,0,0,0,0,0,0,0,0,0,0,0,0,0,0,0,0,0,0,0,0,0,0,0,0,0,0,0,0
251127-314779a1-6316-40db-9af2-c78d5dc1275d,kotetsu0422,68590027,10,1,0,0,,,0,,0,0,0,0,0,0,0,0,0,,0,0,1,12,12,0,0,1,2,0,4,0,0,0,0,0,0,0,0,0,0,0,0,0,0,0,0,0,0,0,0,0,0,0,0,0,0,0,0,0,0,0,0,0,0,0,0,0,0,0,0,0,0,0,0,0,0,0,0,0,0,0,0,0,0,0,0,0,0,0,0,0
251127-72f82bc9-f9b5-47db-8aa0-a94104f0f944,ルート12345,71218983,14,1,1,6400,6400,6400,12,12,0,1,1,0,2,0,0,3,23200,7733,0,0,4,35,8.8,0,3,1,3,0,5,0,0,0,0,0,0,0,0,0,0,0,0,0,0,0,0,0,0,0,0,0,0,0,0,1,0,0,0,0,0,0,0,0,0,0,0,0,0,0,0,0,0,0,0,0,0,0,0,0,0,0,0,0,0,0,0,0,0,0,0,0
251127-72f82bc9-f9b5-47db-8aa0-a94104f0f944,yukke_08,105097753,14,3,6,39000,6500,11700,82,13.7,3,3,0,0,6,3,0,1,12000,12000,0,0,1,11,11,1,1,0,10,5,18,1,1,0,0,0,0,0,0,0,1,2,3,0,1,0,0,0,0,0,0,0,0,0,0,0,0,1,0,0,0,0,0,0,0,0,0,0,0,0,0,0,0,0,0,0,0,0,0,0,0,0,0,0,0,0,0,0,0,0,0,0
251127-72f82bc9-f9b5-47db-8aa0-a94104f0f944,ちたーふ,68331919,14,1,2,24000,12000,12000,23,11.5,2,0,0,0,4,2,2,1,6400,6400,0,0,1,7,7,1,1,0,5,1,7,1,1,0,0,0,0,0,0,1,0,0,0,0,0,0,0,0,0,0,0,0,0,0,0,1,0,0,0,0,0,0,0,0,0,0,0,0,0,0,0,0,0,0,0,0,0,0,0,0,0,0,0,0,0,0,0,0,0,0,0,0
251127-72f82bc9-f9b5-47db-8aa0-a94104f0f944,【ぺた】,105037198,14,4,4,29600,7400,12000,44,11,1,3,0,0,1,3,0,2,6500,3250,0,0,3,20,6.7,2,3,0,6,2,10,0,2,0,0,0,0,0,0,1,0,0,2,1,1,0,0,0,0,0,0,0,0,0,0,0,0,1,0,0,1,0,0,0,0,0,0,0,0,0,0,0,0,0,0,0,0,0,0,0,0,0,0,0,0,0,0,0,0,0,0,0
251128-9d9d7033-bfb1-4edd-9048-1467fef38cef,yukke_08,105097753,10,2,5,30600,6120,12000,50,10,1,4,1,0,4,3,0,0,0,,0,0,2,17,8.5,2,2,0,3,2,4,1,2,0,0,0,0,0,0,0,2,1,1,0,0,0,0,1,0,0,0,0,0,0,0,0,0,1,0,0,0,0,0,0,0,0,0,0,0,0,0,0,0,0,0,0,0,0,0,0,0,0,0,0,0,0,0,0,0,0,0,0
251128-9d9d7033-bfb1-4edd-9048-1467fef38cef,【ぺた】,105037198,10,1,2,14600,7300,12000,23,11.5,1,1,1,0,2,1,1,2,17200,8600,1,0,2,19,9.5,1,1,1,2,0,2,1,1,0,0,0,0,0,0,0,0,0,1,0,1,0,0,0,0,0,0,0,0,0,0,0,0,0,0,0,0,0,0,0,0,0,0,0,0,0,0,0,0,0,0,0,0,0,0,0,0,0,0,0,0,0,0,0,0,0,0,0
251128-9d9d7033-bfb1-4edd-9048-1467fef38cef,こりまる。,108266073,10,1,0,0,,,0,,0,0,0,0,0,0,0,4,10700,2675,1,0,2,23,11.5,0,2,0,2,0,2,0,0,0,0,0,0,0,0,0,0,0,0,0,0,0,0,0,0,0,0,0,0,0,0,0,0,0,0,0,0,0,0,0,0,0,0,0,0,0,0,0,0,0,0,0,0,0,0,0,0,0,0,0,0,0,0,0,0,0,0,0
251128-9d9d7033-bfb1-4edd-9048-1467fef38cef,ひつじ04,69255735,10,2,2,10600,5300,8000,25,12.5,1,1,0,0,2,0,1,0,0,,0,0,3,26,8.7,2,2,1,1,0,1,1,2,0,0,0,0,0,0,0,0,0,0,0,1,0,0,0,0,0,0,0,0,0,0,0,0,0,0,0,0,0,0,0,0,0,0,0,0,0,0,0,0,0,0,0,0,0,0,0,0,0,0,0,0,0,0,0,0,0,0,0
251128-4dc28ef6-7799-4240-b029-6b06d14b8282,ルート12345,71218983,13,4,3,13200,4400,7800,27,9,2,1,2,0,2,0,0,3,19900,6633,1,0,2,18,9,1,2,0,0,0,0,2,1,0,0,0,0,0,0,0,0,0,0,0,1,0,0,0,0,0,0,0,0,0,0,1,0,0,0,0,0,0,0,0,0,0,0,0,0,0,0,0,0,0,0,0,0,0,0,0,0,0,0,0,0,0,0,0,0,0,0,0
251128-4dc28ef6-7799-4240-b029-6b06d14b8282,yukke_08,105097753,13,2,3,23900,7967,12000,32,10.7,1,2,0,0,3,1,1,1,7700,7700,0,0,3,30,10,1,3,0,3,2,7,1,1,0,0,0,0,0,1,0,2,1,0,0,0,0,0,0,0,0,0,0,0,0,0,0,0,1,0,0,1,0,0,0,0,0,0,0,0,0,0,0,0,0,0,0,0,0,0,0,0,0,0,0,0,0,0,0,0,0,0,0
251128-4dc28ef6-7799-4240-b029-6b06d14b8282,kotetsu0422,68590027,13,2,2,6600,3300,3900,16,8,1,1,0,0,2,1,0,1,5200,5200,0,0,0,0,,0,0,0,6,2,7,0,0,0,0,0,0,0,0,1,0,0,1,0,0,0,0,0,0,0,0,0,0,0,0,0,0,0,0,0,0,0,0,0,0,0,0,0,0,0,0,0,0,0,0,0,0,0,0,0,0,0,0,0,0,0,0,0,0,0,0,0
251128-4dc28ef6-7799-4240-b029-6b06d14b8282,ひつじ04,69255735,13,1,3,20900,6967,8000,32,10.7,0,3,0,0,6,1,0,2,6300,3150,0,0,1,12,12,0,0,1,6,3,9,0,0,0,0,0,0,1,1,1,0,0,0,0,0,0,0,0,0,0,0,1,0,0,0,0,0,0,0,0,0,0,0,0,0,0,0,0,0,0,0,0,0,0,0,0,0,0,0,0,0,0,0,0,0,0,0,0,0,0,0,0
251128-a353f502-e9e5-4ed8-b05e-3c6828d7d4dc,ーはまちー,106149892,10,2,2,20700,10350,18000,35,17.5,2,0,0,0,1,2,0,0,0,,0,0,2,25,12.5,1,1,1,2,1,2,1,1,0,0,0,0,0,0,1,1,1,0,0,0,0,0,0,0,0,0,0,0,0,0,0,0,0,0,0,0,0,0,0,0,0,0,0,0,0,0,0,0,0,0,0,0,0,0,0,0,0,0,0,0,0,0,0,0,0,0,0
251128-a353f502-e9e5-4ed8-b05e-3c6828d7d4dc,yukke_08,105097753,10,1,2,17200,8600,12000,22,11,1,1,0,0,2,1,0,3,11600,3867,1,0,4,43,10.8,2,3,1,1,0,1,1,2,0,0,0,0,0,0,1,0,0,0,0,1,0,0,0,0,0,0,0,0,0,0,0,0,0,0,0,1,0,0,0,0,0,0,0,0,0,0,0,0,0,0,0,0,0,0,0,0,0,0,0,0,0,0,0,0,0,0,0
251128-a353f502-e9e5-4ed8-b05e-3c6828d7d4dc,ひつじ04,69255735,10,1,1,2000,2000,2000,18,18,0,1,0,0,0,0,0,2,8100,4050,1,0,2,25,12.5,1,0,2,6,0,8,0,1,0,0,0,0,0,0,0,0,0,0,0,1,0,0,0,0,0,0,0,0,0,0,0,0,0,0,0,0,0,0,0,0,0,0,0,0,0,0,0,0,0,0,0,0,0,0,0,0,0,0,0,0,0,0,0,0,0,0,0
251128-a353f502-e9e5-4ed8-b05e-3c6828d7d4dc,ルート12345,71218983,10,2,4,14500,3625,8000,43,10.8,1,3,1,0,4,1,0,0,0,,0,0,2,16,8,1,2,0,2,2,4,1,1,0,0,0,0,1,0,1,0,0,0,1,0,0,0,0,0,0,0,0,0,0,0,0,0,0,0,0,0,0,0,0,0,0,0,0,0,0,0,0,0,0,0,0,0,0,0,0,0,0,0,0,0,0,0,0,0,0,0,0
251128-52fbecee-26cf-4025-81c6-bce184cc86c7,ルート12345,71218983,19,5,5,40100,8020,12000,68,13.6,2,3,1,0,3,2,3,0,0,,0,0,4,38,9.5,3,4,0,4,1,5,1,3,0,0,0,0,0,0,0,0,0,3,1,2,0,0,0,0,0,0,0,0,0,0,0,0,0,0,0,0,0,0,0,0,0,0,0,0,0,0,0,0,0,0,0,0,0,0,0,0,0,0,0,0,0,0,0,0,0,0,0
251128-52fbecee-26cf-4025-81c6-bce184cc86c7,ーはまちー,106149892,19,2,1,2000,2000,2000,11,11,0,1,0,0,0,1,0,3,31700,10567,0,0,2,26,13,0,1,1,3,1,3,0,0,0,0,0,0,0,0,0,0,0,1,0,0,0,0,0,0,0,0,0,0,0,0,0,0,0,0,0,0,0,0,0,0,0,0,0,0,0,0,0,0,0,0,0,0,0,0,0,0,0,0,0,0,0,0,0,0,0,0,0
251128-52fbecee-26cf-4025-81c6-bce184cc86c7,こりまる。,108266073,19,2,4,13700,3425,7700,52,13,2,2,0,0,1,2,0,4,24300,6075,0,0,5,56,11.2,2,4,1,7,2,12,1,2,0,0,0,0,0,1,1,0,0,0,0,0,0,0,0,0,0,0,0,0,0,0,0,0,0,0,0,0,0,0,0,0,0,0,0,0,0,0,0,0,0,0,0,0,0,0,0,0,0,0,0,0,0,0,0,0,0,0,0
251128-52fbecee-26cf-4025-81c6-bce184cc86c7,yukke_08,105097753,19,4,6,64900,10817,36000,79,13.2,3,3,2,0,1,4,3,2,4000,2000,0,0,3,32,10.7,2,3,0,7,2,14,2,2,0,0,0,0,0,2,1,0,0,0,0,1,0,2,0,0,0,0,0,0,0,0,0,0,2,0,0,1,0,0,0,0,0,0,0,0,0,0,0,0,0,0,0,0,0,0,0,0,0,0,0,0,0,0,0,0,0,0,0
251128-6a898c84-de98-49c1-8a1b-f86bceb7b29d,かんんちゃ,104219450,14,6,3,31200,10400,18000,40,13.3,2,1,0,0,2,0,2,2,3600,1800,0,1,4,38,9.5,2,4,0,5,1,8,2,2,0,0,0,0,0,2,0,0,0,1,1,0,0,0,0,0,0,0,0,0,0,0,0,0,1,0,0,1,0,0,0,0,0,0,0,0,0,0,0,0,0,0,0,0,0,0,0,0,0,0,0,0,0,0,0,0,0,0,0
251128-6a898c84-de98-49c1-8a1b-f86bceb7b29d,ーはまちー,106149892,14,1,1,5200,5200,5200,12,12,1,0,0,0,0,1,0,0,0,,0,0,3,30,10,1,2,1,3,0,5,1,1,0,0,0,0,0,0,0,0,0,0,0,1,0,0,0,0,0,0,0,0,0,0,0,0,0,0,0,0,0,0,0,0,0,0,0,0,0,0,0,0,0,0,0,0,0,0,0,0,0,0,0,0,0,0,0,0,0,0,0
251128-6a898c84-de98-49c1-8a1b-f86bceb7b29d,yukke_08,105097753,14,1,3,5600,1867,2600,31,10.3,0,3,0,0,0,1,1,0,0,,0,0,4,43,10.8,1,2,2,3,2,5,0,1,0,0,0,0,0,0,1,0,0,1,0,0,0,0,0,0,0,0,0,0,0,0,0,0,0,0,0,0,0,0,0,0,0,0,0,0,0,0,0,0,0,0,0,0,0,0,0,0,0,0,0,0,0,0,0,0,0,0,0
251128-6a898c84-de98-49c1-8a1b-f86bceb7b29d,ルート12345,71218983,14,2,1,2000,2000,2000,16,16,1,0,0,0,1,0,0,2,7200,3600,1,0,3,23,7.7,0,2,1,5,1,5,0,0,0,0,0,0,1,0,0,0,0,0,0,0,0,0,0,0,0,0,0,0,0,0,0,0,0,0,0,0,0,0,0,0,0,0,0,0,0,0,0,0,0,0,0,0,0,0,0,0,0,0,0,0,0,0,0,0,0,0,0
251128-f3b32730-1972-427f-8633-ca35bf6d7971,こりまる。,108266073,16,3,3,31000,10333,18000,36,12,1,2,0,0,2,1,3,3,16700,5567,0,0,7,90,12.9,2,5,2,6,1,8,1,2,0,0,0,0,0,0,0,0,0,1,1,1,0,0,1,0,0,0,0,0,0,0,0,0,0,0,0,0,0,0,0,0,0,0,0,0,0,0,0,0,0,0,0,0,0,0,0,0,0,0,0,0,0,0,0,0,0,0,0
251128-f3b32730-1972-427f-8633-ca35bf6d7971,きょーか8,69157106,16,2,2,15700,7850,8000,30,15,1,1,0,0,0,1,0,2,3600,1800,0,0,2,28,14,1,2,0,5,1,10,0,1,0,0,0,0,1,0,0,0,1,0,0,1,0,1,0,0,0,0,0,0,0,0,0,0,1,0,0,0,0,0,0,0,0,0,0,0,0,0,0,0,0,0,0,0,0,0,0,0,0,0,0,0,0,0,0,0,0,0,0
251128-f3b32730-1972-427f-8633-ca35bf6d7971,kotetsu0422,68590027,16,3,6,49600,8267,18000,72,12,3,3,0,0,5,3,2,2,29600,14800,1,0,8,85,10.6,5,6,2,2,1,5,3,5,0,0,0,0,0,1,0,0,0,0,1,3,0,0,0,0,0,0,0,0,0,0,0,0,0,0,0,0,0,0,0,0,0,0,0,0,0,0,0,0,0,0,0,0,0,0,0,0,0,0,0,0,0,0,0,0,0,0,0
251128-f3b32730-1972-427f-8633-ca35bf6d7971,ねこぜ7272,106334717,16,2,1,11600,11600,11600,15,15,0,1,0,0,1,1,0,0,0,,0,0,0,0,,0,0,0,5,1,5,0,0,0,0,0,0,0,0,0,1,1,0,0,0,0,0,0,0,0,0,0,0,0,0,0,0,0,0,0,0,0,0,0,0,0,0,0,0,0,0,0,0,0,0,0,0,0,0,0,0,0,0,0,0,0,0,0,0,0,0,0
251128-e0e9baf8-551e-40ba-916e-2df719ca994d,ーはまちー,106149892,12,1,1,3900,3900,3900,12,12,0,1,0,0,0,0,0,3,13600,4533,0,0,1,8,8,1,1,0,3,0,5,0,1,0,0,0,0,0,0,0,0,0,1,0,1,0,0,0,0,0,0,0,0,0,0,0,0,0,0,0,0,0,0,0,0,0,0,0,0,0,0,0,0,0,0,0,0,0,0,0,0,0,0,0,0,0,0,0,0,0,0,0
251128-e0e9baf8-551e-40ba-916e-2df719ca994d,yukke_08,105097753,12,3,4,16100,4025,11600,47,11.8,0,4,1,0,1,3,0,0,0,,0,0,0,0,,0,0,0,6,3,10,0,0,0,0,0,0,1,0,0,1,0,0,0,1,0,0,1,0,0,0,0,0,0,0,0,0,0,0,0,0,0,0,0,0,0,0,0,0,0,0,0,0,0,0,0,0,0,0,0,0,0,0,0,0,0,0,0,0,0,0,0
251128-e0e9baf8-551e-40ba-916e-2df719ca994d,ルート12345,71218983,12,1,2,14000,7000,12000,26,13,1,1,0,0,1,1,0,2,7800,3900,0,0,1,5,5,0,1,0,6,2,10,0,0,0,0,0,0,2,1,0,0,1,0,0,0,0,0,0,0,0,0,1,0,0,0,0,0,0,0,0,0,0,0,0,0,0,0,0,0,0,0,0,0,0,0,0,0,0,0,0,0,0,0,0,0,0,0,0,0,0,0,0
251128-e0e9baf8-551e-40ba-916e-2df719ca994d,あしだやよ,103448968,12,3,4,26900,6725,18000,45,11.3,2,2,0,0,2,2,1,3,5500,1833,1,0,3,25,8.3,2,3,0,4,2,4,2,1,0,0,0,0,1,1,0,0,0,0,0,0,0,0,0,1,0,0,0,0,0,0,0,0,0,0,0,1,0,0,0,0,0,0,0,0,0,0,0,0,0,0,0,0,0,0,0,0,0,0,0,0,0,0,0,0,0,0,0
251128-d1b1185f-5598-4b5b-89b2-d1393cffbb2c,こりまる。,108266073,9,1,0,0,,,0,,0,0,0,0,0,0,0,4,23200,5800,1,0,3,37,12.3,0,1,2,0,0,0,0,0,0,0,0,0,0,0,0,0,0,0,0,0,0,0,0,0,0,0,0,0,0,0,0,0,0,0,0,0,0,0,0,0,0,0,0,0,0,0,0,0,0,0,0,0,0,0,0,0,0,0,0,0,0,0,0,0,0,0,0
251128-d1b1185f-5598-4b5b-89b2-d1393cffbb2c,きょーか8,69157106,9,1,1,5200,5200,5200,14,14,0,1,0,0,0,0,0,0,0,,0,0,0,0,,0,0,0,1,1,2,0,0,0,0,0,0,0,1,0,0,1,0,0,0,1,0,0,0,0,0,0,0,0,0,0,0,0,0,0,0,0,0,0,0,0,0,0,0,0,0,0,0,0,0,0,0,0,0,0,0,0,0,0,0,0,0,0,0,0,0,0
251128-d1b1185f-5598-4b5b-89b2-d1393cffbb2c,かんんちゃ,104219450,9,2,3,19500,6500,11700,31,10.3,1,2,0,0,1,1,1,1,5200,5200,0,0,3,20,6.7,3,3,0,3,0,3,1,3,0,0,0,0,0,1,0,0,0,0,0,0,0,0,0,0,0,0,0,0,0,0,0,0,0,0,0,1,0,0,0,0,0,0,0,0,0,0,0,0,0,0,0,0,0,0,0,0,0,0,0,0,0,0,0,0,0,0,0
251128-d1b1185f-5598-4b5b-89b2-d1393cffbb2c,ねこぜ7272,106334717,9,1,3,18000,6000,8000,35,11.7,0,3,0,0,2,2,2,1,2600,2600,0,0,3,28,9.3,2,3,0,2,1,3,0,2,0,0,0,0,0,1,0,0,0,0,0,2,0,0,0,0,0,0,0,0,0,0,0,0,0,0,0,1,0,0,0,0,0,0,0,0,0,0,0,0,0,0,0,0,0,0,0,0,0,0,0,0,0,0,0,0,0,0,0
251128-412aa48d-6fc7-465a-be56-f28c2a1665af,ーはまちー,106149892,12,1,1,3900,3900,3900,13,13,0,1,0,0,0,0,0,2,20000,10000,2,0,6,72,12,1,3,3,0,0,0,0,1,0,0,0,0,0,0,0,0,0,1,0,1,0,0,0,0,0,0,0,0,0,0,0,0,0,0,0,0,0,0,0,0,0,0,0,0,0,0,0,0,0,0,0,0,0,0,0,0,0,0,0,0,0,0,0,0,0,0,0
251128-412aa48d-6fc7-465a-be56-f28c2a1665af,yukke_08,105097753,12,3,3,20700,6900,11600,39,13,1,2,0,0,5,0,1,1,2900,2900,0,0,2,25,12.5,1,1,1,9,2,16,0,1,0,0,0,0,0,0,1,1,0,0,0,0,0,0,0,0,0,0,0,0,0,0,0,0,0,0,0,0,0,0,0,0,0,0,0,0,0,0,0,0,0,0,0,0,0,0,0,0,0,0,0,0,0,0,0,0,0,0,0
251128-412aa48d-6fc7-465a-be56-f28c2a1665af,kotetsu0422,68590027,12,2,2,14900,7450,12000,34,17,1,1,0,0,0,2,2,0,0,,0,0,2,27,13.5,1,2,0,3,1,5,1,1,0,0,0,1,0,1,0,0,0,0,0,0,0,0,0,0,0,0,0,0,0,0,0,0,0,0,0,0,0,0,0,0,0,0,0,0,0,0,0,0,0,0,0,0,0,0,0,0,0,0,0,0,0,0,0,0,0,0,0
251128-412aa48d-6fc7-465a-be56-f28c2a1665af,かんんちゃ,104219450,12,2,4,27200,6800,12000,62,15.5,3,1,0,0,3,2,0,2,15500,7750,0,0,5,60,12,3,4,1,3,1,4,3,3,0,0,0,0,0,0,0,1,1,0,0,1,0,0,0,0,0,0,0,0,0,0,0,0,0,0,0,1,0,0,0,0,0,0,0,0,0,0,0,0,0,0,0,0,0,0,0,0,0,0,0,0,0,0,0,0,0,0,0
251129-5a18e1a5-b988-45be-afd8-b21a88852641,ーはまちー,106149892,12,1,2,9900,4950,7900,27,13.5,1,1,0,0,1,0,0,0,0,,0,0,2,21,10.5,1,2,0,2,1,4,1,1,0,0,0,0,0,1,0,1,1,0,0,0,0,0,0,0,0,0,0,0,0,0,0,0,0,0,0,0,0,0,0,0,0,0,0,0,0,0,0,0,0,0,0,0,0,0,0,0,0,0,0,0,0,0,0,0,0,0,0
251129-5a18e1a5-b988-45be-afd8-b21a88852641,kotetsu0422,68590027,12,2,5,34700,6940,12000,59,11.8,3,2,1,0,2,4,1,1,2000,2000,0,0,2,17,8.5,2,2,0,3,2,4,2,2,0,0,0,0,1,0,1,0,0,3,1,2,0,0,0,0,0,0,0,0,0,0,0,0,0,0,0,1,0,0,0,0,0,0,0,0,0,0,0,0,0,0,0,0,0,0,0,0,0,0,0,0,0,0,0,0,0,0,0
251129-5a18e1a5-b988-45be-afd8-b21a88852641,かんんちゃ,104219450,12,2,3,15800,5267,8000,43,14.3,1,2,1,0,0,4,0,2,13600,6800,0,0,1,11,11,1,1,0,1,1,1,1,1,0,0,0,0,0,1,0,0,0,1,0,1,0,0,0,0,0,0,0,0,0,0,0,0,0,0,0,1,0,0,0,0,0,0,0,0,0,0,0,0,0,0,0,0,0,0,0,0,0,0,0,0,0,0,0,0,0,0,0
251129-5a18e1a5-b988-45be-afd8-b21a88852641,yukke_08,105097753,12,2,1,11600,11600,11600,6,6,0,1,0,0,1,0,0,3,19800,6600,1,0,3,25,8.3,1,2,1,4,0,7,0,1,0,0,0,0,0,0,0,0,0,0,0,1,0,0,0,0,0,0,0,0,0,0,0,0,0,0,0,1,0,0,0,0,0,0,0,0,0,0,0,0,0,0,0,0,0,0,0,0,0,0,0,0,0,0,0,0,0,0,0
251129-cb68f21d-9fb7-4ed2-aac2-ccc64a29490c,Kasumisou,69812091,13,1,0,0,,,0,,0,0,0,0,0,0,0,4,19700,4925,1,0,5,50,10,0,3,2,2,0,2,0,0,0,0,0,0,0,0,0,0,0,0,0,0,0,0,0,0,0,0,0,0,0,0,0,0,0,0,0,0,0,0,0,0,0,0,0,0,0,0,0,0,0,0,0,0,0,0,0,0,0,0,0,0,0,0,0,0,0,0,0
251129-cb68f21d-9fb7-4ed2-aac2-ccc64a29490c,ーはまちー,106149892,13,2,3,22000,7333,11600,32,10.7,2,1,0,0,0,2,0,1,2000,2000,0,0,2,17,8.5,2,1,1,2,1,2,1,2,0,0,0,0,0,0,0,1,0,0,1,1,0,0,0,0,0,0,0,0,0,0,0,0,0,0,0,2,0,0,0,0,0,0,0,0,0,0,0,0,0,0,0,0,0,0,0,0,0,0,0,0,0,0,0,0,0,0,0
251129-cb68f21d-9fb7-4ed2-aac2-ccc64a29490c,yukke_08,105097753,13,5,8,41500,5188,11600,96,12,1,7,1,0,4,7,0,1,3900,3900,1,0,2,17,8.5,1,2,0,6,6,10,0,1,0,0,0,0,1,1,1,2,0,2,0,1,0,0,0,0,0,0,0,0,0,0,0,0,0,0,0,0,0,0,0,0,0,0,0,0,0,0,0,0,0,0,0,0,0,0,0,0,0,0,0,0,0,0,0,0,0,0,0
251129-cb68f21d-9fb7-4ed2-aac2-ccc64a29490c,かんんちゃ,104219450,13,1,2,5900,2950,3900,20,10,1,1,0,0,0,0,0,3,28400,9467,1,0,5,38,7.6,2,4,1,4,0,6,1,2,0,0,0,0,0,0,0,0,0,0,1,1,0,0,0,0,0,0,0,0,0,0,0,0,0,0,0,0,0,0,0,0,0,0,0,0,0,0,0,0,0,0,0,0,0,0,0,0,0,0,0,0,0,0,0,0,0,0,0
251129-38c0185a-eab6-48c6-bcf0-4292c2b5ecd9,ねこぜ7272,106334717,11,1,3,8000,2667,4000,46,15.3,1,2,0,0,1,0,0,1,11600,11600,1,0,3,41,13.7,1,2,1,4,2,6,0,1,0,0,0,0,0,1,1,0,0,0,0,1,0,0,0,0,0,0,0,0,0,0,0,0,1,0,0,0,0,0,0,0,0,0,0,0,0,0,0,0,0,0,0,0,0,0,0,0,0,0,0,0,0,0,0,0,0,0,0
251129-38c0185a-eab6-48c6-bcf0-4292c2b5ecd9,yukke_08,105097753,11,4,2,23600,11800,12000,35,17.5,1,1,0,0,1,2,0,2,10000,5000,0,0,3,47,15.7,2,2,1,5,0,7,1,2,0,0,0,1,0,0,0,0,0,0,0,1,0,0,0,0,0,0,0,0,0,0,0,0,0,0,0,1,0,0,0,0,0,0,0,0,0,0,0,0,0,0,0,0,0,0,0,0,0,0,0,0,0,0,0,0,0,0,0
251129-38c0185a-eab6-48c6-bcf0-4292c2b5ecd9,かんんちゃ,104219450,11,1,4,21000,5250,8000,46,11.5,1,3,0,0,2,2,0,1,2000,2000,0,0,5,41,8.2,4,5,0,1,0,2,1,4,0,0,0,0,0,1,0,0,0,0,0,1,0,0,0,0,0,0,0,0,0,0,0,0,0,0,0,1,0,0,0,0,0,0,0,0,0,0,0,0,0,0,0,0,0,0,0,0,0,0,0,0,0,0,0,0,0,0,0
251129-38c0185a-eab6-48c6-bcf0-4292c2b5ecd9,ーはまちー,106149892,11,1,1,7900,7900,7900,18,18,1,0,0,0,0,2,0,2,9000,4500,0,0,1,13,13,1,1,0,4,0,5,1,1,0,0,0,0,0,0,0,0,0,0,0,0,0,0,0,0,0,0,0,0,0,0,0,0,0,0,0,0,0,0,0,0,0,0,0,0,0,0,0,0,0,0,0,0,0,0,0,0,0,0,0,0,0,0,0,0,0,0,0
251129-022f7623-bf9e-4858-a7de-744ffdfdeda7,ちたーふ,68331919,15,2,3,13500,4500,8000,30,10,2,1,0,0,1,0,0,4,21900,5475,0,1,2,17,8.5,1,2,0,3,2,4,1,1,0,0,0,0,0,0,1,1,0,0,0,0,0,1,1,0,0,0,0,0,0,0,0,0,0,0,0,1,0,0,0,0,0,0,0,0,0,0,0,0,0,0,0,0,0,0,0,0,0,0,0,0,0,0,0,0,0,0,0
251129-022f7623-bf9e-4858-a7de-744ffdfdeda7,ルート12345,71218983,15,2,4,34800,8700,12000,59,14.8,1,3,0,0,3,3,1,2,7300,3650,1,0,6,54,9,4,5,1,2,0,2,1,4,0,0,1,0,0,0,0,0,0,0,0,2,0,0,0,0,0,0,0,1,0,0,0,0,0,0,0,0,0,0,0,0,0,0,0,0,0,0,0,0,0,0,0,0,0,0,0,0,0,0,0,0,0,0,0,0,0,0,0
251129-022f7623-bf9e-4858-a7de-744ffdfdeda7,kotetsu0422,68590027,15,3,3,12900,4300,5800,32,10.7,0,3,0,0,0,3,0,2,15700,7850,1,0,3,33,11,1,3,0,5,2,10,0,1,0,0,0,0,0,1,1,0,1,0,0,0,0,0,0,0,0,0,0,0,0,0,0,0,0,0,0,0,0,0,0,0,0,0,0,0,0,0,0,0,0,0,0,0,0,0,0,0,0,0,0,0,0,0,0,0,0,0,0
251129-022f7623-bf9e-4858-a7de-744ffdfdeda7,きょーか8,69157106,15,2,2,15700,7850,8000,26,13,1,1,0,0,1,0,1,0,0,,0,0,4,51,12.8,2,1,3,4,0,6,1,2,0,0,0,0,0,0,0,0,0,1,0,2,0,0,0,0,0,0,0,0,0,0,0,0,0,0,0,1,0,0,0,0,0,0,0,0,0,0,0,0,0,0,0,0,0,0,0,0,0,0,0,0,0,0,0,0,0,0,0
