ゲームID,名前,内部ID,局数,最大連荘数,和了数,和了点合計,和了点平均,最高和了点,和了巡目合計,和了巡目平均,ツモ和了,ロン和了,ダマ和了,役満和了,ドラ,赤ドラ,裏ドラ,放銃数,放銃点合計,放銃点平均,立直後放銃,宣言牌放銃,立直数,立直巡目合計,立直巡目平均,立直和了,先制立直,追っかけ立直,副露局数,副露和了,副露回数,門前清自摸和,立直,槍槓,嶺上開花,海底摸月,河底撈魚,役牌 白,役牌 發,役牌 中,役牌:自風牌,役牌:場風牌,断幺九,一盃口,平和,混全帯幺九,一気通貫,三色同順,ダブル立直,三色同刻,三槓子,対々和,三暗刻,小三元,混老頭,七対子,純全帯幺九,混一色,二盃口,清一色,一発,天和,地和,大三元,四暗刻,字一色,緑一色,清老頭,国士無双,小四喜,四槓子,九蓮宝燈,八連荘,純正九蓮宝燈,四暗刻単騎,国士無双十三面待ち,大四喜,燕返し,槓振り,十二落抬,五門斉,三連刻,一色三順,一筒摸月,九筒撈魚,人和,大車輪,大竹林,大数隣,石の上にも三年,大七星,その他の役
251009-b9f032ed-8c5e-4391-a94e-5a615a0d29b0,閄くん,102172268,14,1,2,3900,1950,2600,21,10.5,0,2,1,0,0,0,0,1,1000,1000,0,0,1,13,13,0,0,1,8,1,13,0,0,0,0,0,0,0,1,0,0,0,0,0,0,0,0,1,0,0,0,0,0,0,0,0,0,0,0,0,0,0,0,0,0,0,0,0,0,0,0,0,0,0,0,0,0,0,0,0,0,0,0,0,0,0,0,0,0,0,0,0
251009-b9f032ed-8c5e-4391-a94e-5a615a0d29b0,こりまる。,108266073,14,3,3,37800,12600,24000,26,8.7,1,2,0,0,4,1,2,4,18800,4700,0,0,2,15,7.5,2,2,0,2,1,3,1,2,0,0,0,0,0,0,0,1,1,0,0,0,0,0,0,0,0,0,0,0,0,0,1,0,0,0,0,2,0,0,0,0,0,0,0,0,0,0,0,0,0,0,0,0,0,0,0,0,0,0,0,0,0,0,0,0,0,0,0
251009-b9f032ed-8c5e-4391-a94e-5a615a0d29b0,ほかほか亭白米,107968426,14,4,4,21400,5350,11600,44,11,1,3,0,0,0,1,2,1,24000,24000,0,0,7,73,10.4,3,6,1,4,1,5,1,3,0,0,0,0,1,0,0,0,0,0,0,3,0,0,0,0,0,0,0,0,0,0,0,0,0,0,0,1,0,0,0,0,0,0,0,0,0,0,0,0,0,0,0,0,0,0,0,0,0,0,0,0,0,0,0,0,0,0,0
251009-b9f032ed-8c5e-4391-a94e-5a615a0d29b0,ルート12345,71218983,14,1,3,17000,5667,8000,45,15,2,1,0,0,0,2,0,2,8400,4200,0,0,3,34,11.3,2,1,2,2,1,3,2,2,0,0,0,0,0,0,0,0,0,3,0,2,0,0,0,0,0,0,0,0,0,0,0,0,0,0,0,0,0,0,0,0,0,0,0,0,0,0,0,0,0,0,0,0,0,0,0,0,0,0,0,0,0,0,0,0,0,0,0
251009-26cbe4b1-a863-4cdd-976b-7134c1e69e24,閄くん,102172268,13,4,3,27700,9233,24000,40,13.3,2,1,0,0,2,2,0,2,17200,8600,0,0,3,37,12.3,1,1,2,6,2,9,1,1,0,0,0,0,1,0,0,0,0,2,0,0,0,0,0,0,0,0,0,0,0,0,1,0,0,0,0,0,0,0,0,0,0,0,0,0,0,0,0,0,0,0,0,0,0,0,0,0,0,0,0,0,0,0,0,0,0,0,0
251009-26cbe4b1-a863-4cdd-976b-7134c1e69e24,クロミです,105506555,13,1,2,7900,3950,4000,25,12.5,1,1,0,0,1,2,0,1,1000,1000,1,0,4,41,10.3,1,3,1,4,1,6,1,1,0,0,0,0,0,0,1,0,0,0,0,0,0,0,0,0,0,0,0,0,0,0,0,0,0,0,0,0,0,0,0,0,0,0,0,0,0,0,0,0,0,0,0,0,0,0,0,0,0,0,0,0,0,0,0,0,0,0,0
251009-26cbe4b1-a863-4cdd-976b-7134c1e69e24,ルート12345,71218983,13,3,2,12900,6450,7700,17,8.5,0,2,0,0,1,1,0,1,3900,3900,0,0,4,40,10,2,3,1,2,0,2,0,2,0,0,0,0,0,0,0,0,0,0,1,1,0,0,0,0,0,0,0,0,0,0,0,0,0,0,0,1,0,0,0,0,0,0,0,0,0,0,0,0,0,0,0,0,0,0,0,0,0,0,0,0,0,0,0,0,0,0,0
251009-26cbe4b1-a863-4cdd-976b-7134c1e69e24,さいとーなな,103948027,13,1,1,12000,12000,12000,9,9,0,1,0,0,1,1,3,1,7700,7700,0,0,4,45,11.3,1,3,1,1,0,1,0,1,0,0,0,0,0,0,0,0,0,0,0,0,0,0,0,0,0,0,0,0,0,0,0,0,0,0,0,1,0,0,0,0,0,0,0,0,0,0,0,0,0,0,0,0,0,0,0,0,0,0,0,0,0,0,0,0,0,0,0
251010-9bb53774-1feb-40fe-b51e-5ae0045f1e15,ちたーふ,68331919,9,1,3,12600,4200,8000,29,9.7,0,3,0,0,2,3,1,0,0,,0,0,3,24,8,1,2,1,4,2,6,0,1,0,0,0,0,1,1,0,0,0,0,0,0,0,0,0,0,0,0,0,0,0,0,0,0,0,0,0,0,0,0,0,0,0,0,0,0,0,0,0,0,0,0,0,0,0,0,0,0,0,0,0,0,0,0,0,0,0,0,0
251010-9bb53774-1feb-40fe-b51e-5ae0045f1e15,ルート12345,71218983,9,1,1,1000,1000,1000,15,15,0,1,1,0,0,0,0,1,2900,2900,1,0,1,9,9,0,1,0,3,0,3,0,0,0,0,0,0,0,0,0,0,0,0,0,1,0,0,0,0,0,0,0,0,0,0,0,0,0,0,0,0,0,0,0,0,0,0,0,0,0,0,0,0,0,0,0,0,0,0,0,0,0,0,0,0,0,0,0,0,0,0,0
251010-9bb53774-1feb-40fe-b51e-5ae0045f1e15,ねこぜ7272,106334717,9,2,1,2900,2900,2900,10,10,0,1,0,0,0,1,0,2,4600,2300,0,0,2,15,7.5,0,1,1,3,1,5,0,0,0,0,0,0,1,0,0,0,0,0,0,0,0,0,0,0,0,0,0,0,0,0,0,0,0,0,0,0,0,0,0,0,0,0,0,0,0,0,0,0,0,0,0,0,0,0,0,0,0,0,0,0,0,0,0,0,0,0,0
251010-9bb53774-1feb-40fe-b51e-5ae0045f1e15,ほかほか亭白米,107968426,9,1,3,18400,6133,8000,30,10,3,0,1,0,2,1,0,2,9000,4500,0,0,2,15,7.5,2,2,0,2,0,3,3,2,0,0,0,0,0,0,0,0,0,2,0,3,0,0,0,0,0,0,0,0,0,0,0,0,0,0,0,0,0,0,0,0,0,0,0,0,0,0,0,0,0,0,0,0,0,0,0,0,0,0,0,0,0,0,0,0,0,0,0
251011-7df73ba7-8815-4b54-929f-3e13c91bb6fd,閄くん,102172268,9,2,0,0,,,0,,0,0,0,0,0,0,0,3,23400,7800,0,0,0,0,,0,0,0,5,0,11,0,0,0,0,0,0,0,0,0,0,0,0,0,0,0,0,0,0,0,0,0,0,0,0,0,0,0,0,0,0,0,0,0,0,0,0,0,0,0,0,0,0,0,0,0,0,0,0,0,0,0,0,0,0,0,0,0,0,0,0,0
251011-7df73ba7-8815-4b54-929f-3e13c91bb6fd,Kasumisou,69812091,9,1,2,13200,6600,8000,32,16,0,2,0,0,1,1,2,1,3900,3900,0,0,3,35,11.7,2,1,2,2,0,2,0,2,0,0,0,0,0,0,0,0,0,1,0,1,0,0,0,0,0,0,0,0,0,0,0,0,0,0,0,0,0,0,0,0,0,0,0,0,0,0,0,0,0,0,0,0,0,0,0,0,0,0,0,0,0,0,0,0,0,0,0
251011-7df73ba7-8815-4b54-929f-3e13c91bb6fd,kotetsu0422,68590027,9,1,2,10900,5450,7700,14,7,0,2,0,0,2,0,0,1,8000,8000,0,0,3,19,6.3,2,3,0,1,0,3,0,2,0,0,0,0,0,0,0,0,0,0,0,1,0,0,0,0,0,0,0,0,0,0,1,0,0,0,0,0,0,0,0,0,0,0,0,0,0,0,0,0,0,0,0,0,0,0,0,0,0,0,0,0,0,0,0,0,0,0,0
251011-7df73ba7-8815-4b54-929f-3e13c91bb6fd,ねこぜ7272,106334717,9,1,4,22300,5575,8000,49,12.3,1,3,0,0,5,0,0,2,8400,4200,1,0,4,43,10.8,2,3,1,2,2,4,0,2,0,0,0,0,0,0,1,0,1,1,1,2,0,0,0,0,0,0,0,0,0,0,0,0,0,0,0,1,0,0,0,0,0,0,0,0,0,0,0,0,0,0,0,0,0,0,0,0,0,0,0,0,0,0,0,0,0,0,0
251011-00cbba1b-dcd5-46ae-a25d-d6ef61f7e5b9,kotetsu0422,68590027,12,1,0,0,,,0,,0,0,0,0,0,0,0,0,0,,0,0,2,26,13,0,1,1,1,0,2,0,0,0,0,0,0,0,0,0,0,0,0,0,0,0,0,0,0,0,0,0,0,0,0,0,0,0,0,0,0,0,0,0,0,0,0,0,0,0,0,0,0,0,0,0,0,0,0,0,0,0,0,0,0,0,0,0,0,0,0,0
251011-00cbba1b-dcd5-46ae-a25d-d6ef61f7e5b9,閄くん,102172268,12,3,3,27800,9267,16000,38,12.7,2,1,1,0,0,1,1,4,21600,5400,1,0,4,46,11.5,2,2,2,2,0,2,2,2,0,0,0,0,0,0,0,0,0,0,3,1,0,0,1,0,0,0,0,0,0,0,0,1,0,0,0,0,0,0,0,0,0,0,0,0,0,0,0,0,0,0,0,0,0,0,0,0,0,0,0,0,0,0,0,0,0,0,0
251011-00cbba1b-dcd5-46ae-a25d-d6ef61f7e5b9,Kasumisou,69812091,12,2,5,23600,4720,11600,66,13.2,0,5,0,0,3,1,0,0,0,,0,0,3,29,9.7,2,2,1,3,3,4,0,2,0,0,0,0,0,1,1,1,1,0,0,1,0,0,0,0,0,0,0,0,0,0,0,0,0,0,0,1,0,0,0,0,0,0,0,0,0,0,0,0,0,0,0,0,0,0,0,0,0,0,0,0,0,0,0,0,0,0,0
251011-00cbba1b-dcd5-46ae-a25d-d6ef61f7e5b9,ねこぜ7272,106334717,12,2,1,7900,7900,7900,11,11,1,0,0,0,0,1,0,2,18000,9000,1,1,3,24,8,1,3,0,4,0,4,1,1,0,0,0,0,0,1,0,0,0,0,0,0,0,0,0,0,0,0,0,0,0,0,0,0,0,0,0,0,0,0,0,0,0,0,0,0,0,0,0,0,0,0,0,0,0,0,0,0,0,0,0,0,0,0,0,0,0,0,0
251012-e1162b15-c1ce-49af-b0a8-c3ce77ef222f,Kasumisou,69812091,10,1,0,0,,,0,,0,0,0,0,0,0,0,2,4000,2000,0,0,0,0,,0,0,0,1,0,1,0,0,0,0,0,0,0,0,0,0,0,0,0,0,0,0,0,0,0,0,0,0,0,0,0,0,0,0,0,0,0,0,0,0,0,0,0,0,0,0,0,0,0,0,0,0,0,0,0,0,0,0,0,0,0,0,0,0,0,0,0
251012-e1162b15-c1ce-49af-b0a8-c3ce77ef222f,ほかほか亭白米,107968426,10,1,1,12000,12000,12000,14,14,0,1,0,0,1,2,1,1,1000,1000,0,0,1,12,12,1,1,0,4,0,4,0,1,0,0,0,0,0,0,0,0,0,1,0,0,0,0,0,0,0,0,0,0,0,0,0,0,0,0,0,0,0,0,0,0,0,0,0,0,0,0,0,0,0,0,0,0,0,0,0,0,0,0,0,0,0,0,0,0,0,0,0
251012-e1162b15-c1ce-49af-b0a8-c3ce77ef222f,閄くん,102172268,10,1,2,9900,4950,7900,24,12,1,1,0,0,0,0,1,1,12000,12000,0,0,2,14,7,1,1,1,6,1,9,1,1,0,0,0,0,0,0,1,1,0,1,0,0,0,0,0,0,0,0,0,0,0,0,0,0,0,0,0,0,0,0,0,0,0,0,0,0,0,0,0,0,0,0,0,0,0,0,0,0,0,0,0,0,0,0,0,0,0,0,0
251012-e1162b15-c1ce-49af-b0a8-c3ce77ef222f,ちたーふ,68331919,10,3,5,22000,4400,12000,58,11.6,3,2,0,0,2,2,1,0,0,,0,0,4,41,10.3,2,4,0,3,3,5,2,2,0,1,0,0,1,0,0,0,1,2,0,0,0,0,0,0,0,0,0,0,0,0,0,0,0,0,0,0,0,0,0,0,0,0,0,0,0,0,0,0,0,0,0,0,0,0,0,0,0,0,0,0,0,0,0,0,0,0,0
251013-02bf0fe0-b788-4c88-b861-127aa2a8294e,ほかほか亭白米,107968426,15,6,4,20900,5225,7800,47,11.8,2,2,0,0,0,3,0,2,9100,4550,0,0,3,21,7,2,3,0,4,2,6,1,2,0,0,0,0,0,1,0,0,2,0,0,1,0,0,0,0,0,0,0,0,0,0,0,0,0,0,0,1,0,0,0,0,0,0,0,0,0,0,0,0,0,0,0,0,0,0,0,0,0,0,0,0,0,0,0,0,0,0,0
251013-02bf0fe0-b788-4c88-b861-127aa2a8294e,ゴン三郎ニキ,104908039,15,2,1,3900,3900,3900,9,9,0,1,1,0,0,1,0,1,1000,1000,0,0,1,11,11,0,1,0,3,0,3,0,0,0,0,0,0,0,0,0,0,0,0,1,0,0,0,0,0,0,0,0,0,0,0,0,0,0,0,0,0,0,0,0,0,0,0,0,0,0,0,0,0,0,0,0,0,0,0,0,0,0,0,0,0,0,0,0,0,0,0,0
251013-02bf0fe0-b788-4c88-b861-127aa2a8294e,suzuken3,74756413,15,1,3,8200,2733,5200,37,12.3,0,3,0,0,0,1,1,0,0,,0,0,4,32,8,2,4,0,3,1,3,0,2,0,0,0,0,1,0,0,0,0,0,0,1,0,0,0,0,0,0,0,0,0,0,0,0,0,0,0,0,0,0,0,0,0,0,0,0,0,0,0,0,0,0,0,0,0,0,0,0,0,0,0,0,0,0,0,0,0,0,0
251013-02bf0fe0-b788-4c88-b861-127aa2a8294e,梦咲楓,106587057,15,2,2,17200,8600,12000,26,13,1,1,1,0,0,3,1,4,18800,4700,1,0,2,18,9,1,1,1,3,0,3,1,1,0,0,0,0,0,0,0,0,0,1,1,1,0,0,0,0,0,0,0,0,0,0,0,0,0,0,0,0,0,0,0,0,0,0,0,0,0,0,0,0,0,0,0,0,0,0,0,0,0,0,0,0,0,0,0,0,0,0,0
251013-1fd56836-ea4e-4777-83e8-f9f7eac79f0a,クロミです,105506555,10,2,2,15200,7600,12000,18,9,1,1,1,0,2,1,0,1,12000,12000,1,0,2,14,7,0,2,0,3,1,4,0,0,0,0,0,0,0,1,0,0,1,0,0,0,0,0,0,0,0,0,0,0,0,0,1,0,0,0,0,0,0,0,0,0,0,0,0,0,0,0,0,0,0,0,0,0,0,0,0,0,0,0,0,0,0,0,0,0,0,0,0
251013-1fd56836-ea4e-4777-83e8-f9f7eac79f0a,ゴン三郎ニキ,104908039,10,1,0,0,,,0,,0,0,0,0,0,0,0,2,10000,5000,0,0,0,0,,0,0,0,0,0,0,0,0,0,0,0,0,0,0,0,0,0,0,0,0,0,0,0,0,0,0,0,0,0,0,0,0,0,0,0,0,0,0,0,0,0,0,0,0,0,0,0,0,0,0,0,0,0,0,0,0,0,0,0,0,0,0,0,0,0,0,0
251013-1fd56836-ea4e-4777-83e8-f9f7eac79f0a,suzuken3,74756413,10,1,2,6000,3000,4000,22,11,1,1,0,0,0,2,0,2,13000,6500,0,0,1,13,13,0,1,0,2,2,4,0,0,0,0,0,0,0,0,1,1,0,1,0,0,0,0,0,0,0,0,0,0,0,0,0,0,0,0,0,0,0,0,0,0,0,0,0,0,0,0,0,0,0,0,0,0,0,0,0,0,0,0,0,0,0,0,0,0,0,0,0
251013-1fd56836-ea4e-4777-83e8-f9f7eac79f0a,閄くん,102172268,10,2,6,45700,7617,18000,70,11.7,3,3,0,0,3,4,2,0,0,,0,0,3,38,12.7,2,2,1,4,4,5,1,2,0,0,0,0,1,1,1,0,1,1,0,1,0,0,0,0,0,0,1,0,0,0,0,0,0,0,0,1,0,0,0,0,0,0,0,0,0,0,0,0,0,0,0,0,0,0,0,0,0,0,0,0,0,0,0,0,0,0,0
251013-f4a8bd88-eda4-4d43-8d6c-05085754cdab,ほかほか亭白米,107968426,18,2,1,6000,6000,6000,17,17,1,0,0,0,0,1,0,2,6800,3400,1,0,1,11,11,0,1,0,5,1,9,0,0,0,0,0,0,0,0,0,0,0,0,0,0,0,0,0,0,0,0,0,0,0,0,0,0,1,0,0,0,0,0,0,0,0,0,0,0,0,0,0,0,0,0,0,0,0,0,0,0,0,0,0,0,0,0,0,0,0,0,0
251013-f4a8bd88-eda4-4d43-8d6c-05085754cdab,クロミです,105506555,18,4,3,42000,14000,18000,37,12.3,1,2,0,0,1,3,0,2,19600,9800,0,0,3,34,11.3,2,1,2,8,1,14,0,2,0,0,0,0,0,0,0,1,1,2,0,0,0,0,0,0,0,0,0,0,0,0,0,0,1,0,0,2,0,0,0,0,0,0,0,0,0,0,0,0,0,0,0,0,0,0,0,0,0,0,0,0,0,0,0,0,0,0,0
251013-f4a8bd88-eda4-4d43-8d6c-05085754cdab,suzuken3,74756413,18,6,7,45800,6543,12000,76,10.9,1,6,0,0,5,3,0,1,12000,12000,0,0,6,56,9.3,2,6,0,6,5,9,1,2,0,0,0,0,1,2,2,0,0,1,0,0,0,0,0,0,0,0,0,1,0,0,0,0,1,0,0,0,0,0,0,0,0,0,0,0,0,0,0,0,0,0,0,0,0,0,0,0,0,0,0,0,0,0,0,0,0,0,0
251013-f4a8bd88-eda4-4d43-8d6c-05085754cdab,ゴン三郎ニキ,104908039,18,2,3,18800,6267,12000,33,11,0,3,0,0,3,0,0,6,48200,8033,0,1,0,0,,0,0,0,5,3,6,0,0,0,0,0,0,1,1,0,1,1,0,0,0,0,0,0,0,0,0,1,0,0,0,0,0,1,0,0,0,0,0,0,0,0,0,0,0,0,0,0,0,0,0,0,0,0,0,0,0,0,0,0,0,0,0,0,0,0,0,0
251013-b9008610-5e37-4cbd-a793-93ed191f1d99,ほかほか亭白米,107968426,10,3,3,12600,4200,5800,38,12.7,0,3,0,0,1,3,0,3,3300,1100,1,0,2,19,9.5,0,2,0,3,3,4,0,0,0,0,0,0,0,0,0,1,1,1,0,0,0,0,0,0,0,0,0,0,0,0,0,0,0,0,0,0,0,0,0,0,0,0,0,0,0,0,0,0,0,0,0,0,0,0,0,0,0,0,0,0,0,0,0,0,0,0,0
251013-b9008610-5e37-4cbd-a793-93ed191f1d99,suzuken3,74756413,10,1,2,4200,2100,3200,21,10.5,0,2,0,0,0,0,1,2,20000,10000,1,0,3,31,10.3,1,1,2,4,1,8,0,1,0,0,0,0,0,0,0,0,1,0,0,0,0,0,0,0,0,0,0,0,0,0,0,0,0,0,0,0,0,0,0,0,0,0,0,0,0,0,0,0,0,0,0,0,0,0,0,0,0,0,0,0,0,0,0,0,0,0,0
251013-b9008610-5e37-4cbd-a793-93ed191f1d99,SaRa,72014327,10,1,2,3900,1950,2600,23,11.5,0,2,0,0,1,0,0,2,9000,4500,0,0,1,5,5,1,1,0,4,1,5,0,1,0,0,0,0,1,0,0,0,0,0,0,0,0,0,0,0,0,0,0,0,0,0,0,0,0,0,0,0,0,0,0,0,0,0,0,0,0,0,0,0,0,0,0,0,0,0,0,0,0,0,0,0,0,0,0,0,0,0,0
251013-b9008610-5e37-4cbd-a793-93ed191f1d99,ゴン三郎ニキ,104908039,10,1,3,15200,5067,11600,45,15,0,3,1,0,3,0,1,2,3600,1800,1,0,2,20,10,1,2,0,3,1,3,0,1,0,0,0,0,0,0,1,0,0,0,0,1,0,0,0,0,0,0,0,0,0,0,0,0,0,0,0,0,0,0,0,0,0,0,0,0,0,0,0,0,0,0,0,0,0,0,0,0,0,0,0,0,0,0,0,0,0,0,0
251013-8236c771-5f64-4424-a663-6657861c1fc0,あしだやよ,103448968,12,2,3,15900,5300,8000,22,7.3,2,1,0,0,1,2,0,1,9700,9700,1,0,6,51,8.5,3,4,2,1,0,2,2,3,0,0,0,0,0,0,0,0,0,0,0,0,0,0,0,0,0,0,0,0,0,0,0,0,0,0,0,1,0,0,0,0,0,0,0,0,0,0,0,0,0,0,0,0,0,0,0,0,0,0,0,0,0,0,0,0,0,0,0
251013-8236c771-5f64-4424-a663-6657861c1fc0,Mash_room,102233013,12,1,1,3900,3900,3900,13,13,0,1,0,0,0,0,1,1,5200,5200,0,0,1,7,7,1,1,0,2,0,2,0,1,0,0,0,0,0,0,0,0,0,0,0,1,0,0,0,0,0,0,0,0,0,0,0,0,0,0,0,0,0,0,0,0,0,0,0,0,0,0,0,0,0,0,0,0,0,0,0,0,0,0,0,0,0,0,0,0,0,0,0
251013-8236c771-5f64-4424-a663-6657861c1fc0,kotetsu0422,68590027,12,2,2,24000,12000,16000,24,12,2,0,0,0,7,1,0,1,5200,5200,0,0,2,25,12.5,0,1,1,5,2,10,0,0,0,0,0,0,1,0,0,0,1,0,0,0,0,0,0,0,0,0,0,0,0,0,0,0,1,0,0,0,0,0,0,0,0,0,0,0,0,0,0,0,0,0,0,0,0,0,0,0,0,0,0,0,0,0,0,0,0,0,0
251013-8236c771-5f64-4424-a663-6657861c1fc0,クロミです,105506555,12,3,4,30800,7700,12000,42,10.5,2,2,0,0,4,3,0,0,0,,0,0,3,33,11,2,2,1,3,2,4,2,2,0,0,0,0,1,0,0,1,1,0,0,2,0,0,0,0,0,0,0,0,0,0,0,0,0,0,0,1,0,0,0,0,0,0,0,0,0,0,0,0,0,0,0,0,0,0,0,0,0,0,0,0,0,0,0,0,0,0,0
251013-858adbad-8520-46b4-811c-82736f7b9a27,琴音04,101333044,9,1,4,23100,5775,12000,47,11.8,1,3,0,0,2,3,2,0,0,,0,0,3,31,10.3,2,2,1,3,2,5,1,2,0,0,0,0,0,0,1,1,0,0,0,1,0,0,0,0,0,0,0,0,0,0,0,0,0,0,0,1,0,0,0,0,0,0,0,0,0,0,0,0,0,0,0,0,0,0,0,0,0,0,0,0,0,0,0,0,0,0,0
251013-858adbad-8520-46b4-811c-82736f7b9a27,クロミです,105506555,9,1,1,7900,7900,7900,7,7,1,0,1,0,1,2,0,1,2000,2000,0,0,2,20,10,0,1,1,3,0,3,1,0,0,0,0,0,0,0,0,0,0,0,0,0,0,0,0,0,0,0,0,0,0,0,0,0,0,0,0,0,0,0,0,0,0,0,0,0,0,0,0,0,0,0,0,0,0,0,0,0,0,0,0,0,0,0,0,0,0,0,0
251013-858adbad-8520-46b4-811c-82736f7b9a27,閄くん,102172268,9,2,2,17200,8600,12000,24,12,2,0,0,0,3,1,0,2,9100,4550,0,0,1,9,9,1,1,0,5,1,8,1,1,0,0,0,0,0,0,1,1,0,0,1,0,0,0,0,0,0,0,0,0,0,0,0,0,0,0,0,0,0,0,0,0,0,0,0,0,0,0,0,0,0,0,0,0,0,0,0,0,0,0,0,0,0,0,0,0,0,0,0
251013-858adbad-8520-46b4-811c-82736f7b9a27,devil1892,101569447,9,1,1,12000,12000,12000,17,17,1,0,0,0,0,1,0,0,0,,0,0,3,30,10,1,2,1,1,0,1,1,1,0,0,0,0,0,0,0,0,0,1,1,1,0,0,0,0,0,0,0,0,0,0,0,0,0,0,0,0,0,0,0,0,0,0,0,0,0,0,0,0,0,0,0,0,0,0,0,0,0,0,0,0,0,0,0,0,0,0,0
251013-952b81bc-a273-4463-b2dc-80b734285996,閄くん,102172268,13,3,6,28300,4717,11600,67,11.2,1,5,0,0,2,3,1,2,24000,12000,1,0,3,25,8.3,2,2,1,9,4,13,0,2,0,0,0,0,0,0,3,1,0,0,1,0,0,1,0,0,0,0,0,0,0,0,0,0,1,0,0,0,0,0,0,0,0,0,0,0,0,0,0,0,0,0,0,0,0,0,0,0,0,0,0,0,0,0,0,0,0,0,0
251013-952b81bc-a273-4463-b2dc-80b734285996,ちたーふ,68331919,13,2,2,20000,10000,12000,19,9.5,0,2,1,0,4,2,0,0,0,,0,0,1,10,10,1,1,0,4,0,5,0,1,0,0,0,0,0,0,0,0,0,1,0,1,0,0,0,0,0,0,0,0,0,0,0,0,0,0,0,1,0,0,0,0,0,0,0,0,0,0,0,0,0,0,0,0,0,0,0,0,0,0,0,0,0,0,0,0,0,0,0
251013-952b81bc-a273-4463-b2dc-80b734285996,クロミです,105506555,13,2,4,38200,9550,18000,40,10,2,2,0,0,3,3,2,2,14600,7300,0,1,3,17,5.7,2,3,0,4,2,4,1,2,0,0,0,0,1,0,1,1,0,1,0,1,0,0,1,0,0,0,0,0,0,0,0,0,0,0,0,0,0,0,0,0,0,0,0,0,0,0,0,0,0,0,0,0,0,0,0,0,0,0,0,0,0,0,0,0,0,0,0
251013-952b81bc-a273-4463-b2dc-80b734285996,devil1892,101569447,13,1,0,0,,,0,,0,0,0,0,0,0,0,5,26100,5220,1,0,3,36,12,0,2,1,1,0,1,0,0,0,0,0,0,0,0,0,0,0,0,0,0,0,0,0,0,0,0,0,0,0,0,0,0,0,0,0,0,0,0,0,0,0,0,0,0,0,0,0,0,0,0,0,0,0,0,0,0,0,0,0,0,0,0,0,0,0,0,0
251013-e8162d66-ff30-42a2-92a8-e3c804f326c6,かんんちゃ,104219450,13,2,3,17500,5833,12000,44,14.7,0,3,2,0,2,1,0,1,3900,3900,0,1,2,22,11,1,1,1,0,0,0,0,1,0,0,0,0,0,0,0,0,0,0,0,1,0,1,0,0,0,0,0,0,0,0,1,0,0,0,0,0,0,0,0,0,0,0,0,0,0,0,0,0,0,0,0,0,0,0,0,0,0,0,0,0,0,0,0,0,0,0,0
251013-e8162d66-ff30-42a2-92a8-e3c804f326c6,こりまる。,108266073,13,2,3,6700,2233,3900,26,8.7,1,2,2,0,1,0,0,3,17500,5833,1,0,1,10,10,0,1,0,2,1,3,1,0,0,0,0,0,0,0,0,1,1,0,1,1,0,0,0,0,0,0,0,0,0,0,0,0,0,0,0,0,0,0,0,0,0,0,0,0,0,0,0,0,0,0,0,0,0,0,0,0,0,0,0,0,0,0,0,0,0,0,0
251013-e8162d66-ff30-42a2-92a8-e3c804f326c6,kotetsu0422,68590027,13,2,2,20600,10300,18000,25,12.5,1,1,0,0,0,1,0,2,5200,2600,0,0,2,23,11.5,2,1,1,4,0,4,1,2,0,0,0,0,0,0,0,0,0,0,1,1,0,0,0,0,0,0,0,0,0,0,0,0,0,0,0,2,0,0,0,0,0,0,0,0,0,0,0,0,0,0,0,0,0,0,0,0,0,0,0,0,0,0,0,0,0,0,0
251013-e8162d66-ff30-42a2-92a8-e3c804f326c6,きょーか8,69157106,13,2,2,5500,2750,3900,26,13,0,2,1,0,0,2,0,2,4200,2100,0,0,4,47,11.8,0,3,1,1,1,1,0,0,0,0,0,0,0,0,0,0,0,0,0,0,0,1,0,0,0,0,0,0,0,0,1,0,0,0,0,0,0,0,0,0,0,0,0,0,0,0,0,0,0,0,0,0,0,0,0,0,0,0,0,0,0,0,0,0,0,0,0
251013-d65f33a8-1d17-4b72-8dfd-682e2f231e7b,クロミです,105506555,11,3,3,26700,8900,18000,29,9.7,0,3,0,0,0,1,0,2,9700,4850,0,0,2,18,9,1,2,0,3,2,5,0,1,0,0,0,0,1,0,0,1,0,0,0,0,0,1,0,0,0,0,0,0,0,0,0,0,0,0,1,0,0,0,0,0,0,0,0,0,0,0,0,0,0,0,0,0,0,0,0,0,0,0,0,0,0,0,0,0,0,0,0
251013-d65f33a8-1d17-4b72-8dfd-682e2f231e7b,ルート12345,71218983,11,1,1,5200,5200,5200,11,11,1,0,0,0,0,0,1,2,15700,7850,0,0,1,6,6,1,1,0,1,0,1,1,1,0,0,0,0,0,0,0,0,0,0,0,1,0,0,0,0,0,0,0,0,0,0,0,0,0,0,0,0,0,0,0,0,0,0,0,0,0,0,0,0,0,0,0,0,0,0,0,0,0,0,0,0,0,0,0,0,0,0,0
251013-d65f33a8-1d17-4b72-8dfd-682e2f231e7b,閄くん,102172268,11,1,2,9700,4850,7700,17,8.5,0,2,0,0,3,1,0,2,19000,9500,0,0,2,17,8.5,0,2,0,7,2,9,0,0,0,0,0,0,0,1,1,0,0,0,0,0,0,0,0,0,0,0,0,0,0,0,0,0,0,0,0,0,0,0,0,0,0,0,0,0,0,0,0,0,0,0,0,0,0,0,0,0,0,0,0,0,0,0,0,0,0,0,0
251013-d65f33a8-1d17-4b72-8dfd-682e2f231e7b,ちたーふ,68331919,11,1,3,18000,6000,8000,37,12.3,2,1,1,0,2,1,0,0,0,,0,0,2,21,10.5,1,1,1,3,1,4,2,1,0,0,0,0,1,0,0,1,0,0,0,0,0,0,1,0,0,0,0,0,0,0,0,0,0,0,0,0,0,0,0,0,0,0,0,0,0,0,0,0,0,0,0,0,0,0,0,0,0,0,0,0,0,0,0,0,0,0,0
251013-49e96874-dab5-44c6-9ac1-8fe016df1979,Kasumisou,69812091,9,1,1,4000,4000,4000,6,6,1,0,0,0,1,0,0,2,15700,7850,0,0,2,15,7.5,1,2,0,0,0,0,1,1,0,0,0,0,0,0,0,0,0,0,0,0,0,0,0,0,0,0,0,0,0,0,0,0,0,0,0,0,0,0,0,0,0,0,0,0,0,0,0,0,0,0,0,0,0,0,0,0,0,0,0,0,0,0,0,0,0,0,0
251013-49e96874-dab5-44c6-9ac1-8fe016df1979,クロミです,105506555,9,2,3,22300,7433,12000,43,14.3,1,2,0,0,3,4,0,0,0,,0,0,2,24,12,2,1,1,2,1,3,0,2,0,0,0,0,0,0,0,0,0,1,0,1,0,0,0,0,0,0,0,0,0,0,0,0,0,0,0,0,0,0,0,0,0,0,0,0,0,0,0,0,0,0,0,0,0,0,0,0,0,0,0,0,0,0,0,0,0,0,0
251013-49e96874-dab5-44c6-9ac1-8fe016df1979,kotetsu0422,68590027,9,1,4,26000,6500,8000,33,8.3,1,3,2,0,2,4,1,0,0,,0,0,2,16,8,2,2,0,0,0,0,1,2,0,0,0,0,1,0,0,0,0,1,0,2,0,0,0,0,0,0,0,0,0,0,1,0,0,0,0,0,0,0,0,0,0,0,0,0,0,0,0,0,0,0,0,0,0,0,0,0,0,0,0,0,0,0,0,0,0,0,0
251013-49e96874-dab5-44c6-9ac1-8fe016df1979,ルート12345,71218983,9,1,0,0,,,0,,0,0,0,0,0,0,0,3,12600,4200,2,0,4,32,8,0,2,2,0,0,0,0,0,0,0,0,0,0,0,0,0,0,0,0,0,0,0,0,0,0,0,0,0,0,0,0,0,0,0,0,0,0,0,0,0,0,0,0,0,0,0,0,0,0,0,0,0,0,0,0,0,0,0,0,0,0,0,0,0,0,0,0
251014-61796969-709f-4a6c-827d-d15ac5ce8231,クロミです,105506555,11,2,1,5800,5800,5800,8,8,0,1,0,0,0,0,0,0,0,,0,0,0,0,,0,0,0,4,1,6,0,0,0,0,0,0,0,0,0,0,0,0,0,0,0,0,1,0,0,0,0,0,0,0,0,1,0,0,0,0,0,0,0,0,0,0,0,0,0,0,0,0,0,0,0,0,0,0,0,0,0,0,0,0,0,0,0,0,0,0,0
251014-61796969-709f-4a6c-827d-d15ac5ce8231,あしだやよ,103448968,11,1,0,0,,,0,,0,0,0,0,0,0,0,3,17700,5900,0,0,3,25,8.3,0,2,1,4,0,6,0,0,0,0,0,0,0,0,0,0,0,0,0,0,0,0,0,0,0,0,0,0,0,0,0,0,0,0,0,0,0,0,0,0,0,0,0,0,0,0,0,0,0,0,0,0,0,0,0,0,0,0,0,0,0,0,0,0,0,0,0
251014-61796969-709f-4a6c-827d-d15ac5ce8231,閄くん,102172268,11,2,2,8400,4200,5800,29,14.5,0,2,0,0,1,2,0,0,0,,0,0,2,17,8.5,1,2,0,4,1,5,0,1,0,0,0,0,0,0,0,0,0,1,0,0,0,0,0,0,0,0,0,0,0,0,0,0,0,0,0,0,0,0,0,0,0,0,0,0,0,0,0,0,0,0,0,0,0,0,0,0,0,0,0,0,0,0,0,0,0,0,0
251014-61796969-709f-4a6c-827d-d15ac5ce8231,ちたーふ,68331919,11,1,3,23900,7967,12000,38,12.7,1,2,0,0,3,5,1,2,8400,4200,0,0,1,11,11,1,1,0,5,2,7,1,1,0,0,0,0,0,0,0,0,0,2,0,1,0,0,0,0,0,0,0,0,0,0,0,0,0,0,0,0,0,0,0,0,0,0,0,0,0,0,0,0,0,0,0,0,0,0,0,0,0,0,0,0,0,0,0,0,0,0,0
251014-448f9e7e-5dc6-475a-9ee9-a5aacf1c0acb,SaRa,72014327,12,1,2,35200,17600,32000,25,12.5,0,2,1,1,0,1,0,3,9700,3233,0,0,1,9,9,0,1,0,6,1,8,0,0,0,0,0,0,0,0,0,0,0,0,0,0,0,0,0,0,0,0,0,0,0,0,1,0,0,0,0,0,0,0,0,0,0,1,0,0,0,0,0,0,0,0,0,0,0,0,0,0,0,0,0,0,0,0,0,0,0,0,0
251014-448f9e7e-5dc6-475a-9ee9-a5aacf1c0acb,閄くん,102172268,12,3,2,5800,2900,2900,18,9,0,2,0,0,0,2,0,2,7100,3550,1,0,2,16,8,0,2,0,5,2,7,0,0,0,0,0,0,0,0,0,0,0,2,0,0,0,0,0,0,0,0,0,0,0,0,0,0,0,0,0,0,0,0,0,0,0,0,0,0,0,0,0,0,0,0,0,0,0,0,0,0,0,0,0,0,0,0,0,0,0,0,0
251014-448f9e7e-5dc6-475a-9ee9-a5aacf1c0acb,クロミです,105506555,12,2,3,17800,5933,7900,50,16.7,2,1,0,0,3,1,1,0,0,,0,0,2,22,11,2,2,0,3,1,5,1,2,0,0,0,0,0,0,0,0,0,1,0,1,0,0,0,0,0,0,0,0,0,0,0,0,0,0,0,0,0,0,0,0,0,0,0,0,0,0,0,0,0,0,0,0,0,0,0,0,0,0,0,0,0,0,0,0,0,0,0
251014-448f9e7e-5dc6-475a-9ee9-a5aacf1c0acb,ねこぜ7272,106334717,12,2,2,7900,3950,4000,28,14,1,1,0,0,2,2,0,1,32000,32000,0,0,1,10,10,0,0,1,5,2,5,0,0,0,0,0,0,0,1,0,0,0,1,0,0,0,0,0,0,0,0,0,0,0,0,0,0,0,0,0,0,0,0,0,0,0,0,0,0,0,0,0,0,0,0,0,0,0,0,0,0,0,0,0,0,0,0,0,0,0,0,0
251014-38029c8e-d2b7-45f9-bccc-59b60ea17559,かんんちゃ,104219450,16,2,3,21000,7000,12000,41,13.7,0,3,1,0,3,1,0,4,29100,7275,2,0,3,31,10.3,0,3,0,3,2,3,0,0,0,0,0,0,0,0,1,0,0,1,1,0,0,0,0,0,0,0,1,0,0,0,0,0,0,0,0,0,0,0,0,0,0,0,0,0,0,0,0,0,0,0,0,0,0,0,0,0,0,0,0,0,0,0,0,0,0,0,0
251014-38029c8e-d2b7-45f9-bccc-59b60ea17559,閄くん,102172268,16,3,4,12100,3025,5200,40,10,1,3,0,0,0,2,1,2,21600,10800,0,0,3,16,5.3,2,2,1,7,2,12,0,2,0,0,0,0,0,1,0,0,0,0,0,0,0,0,0,0,0,0,1,0,0,0,0,0,0,0,0,0,0,0,0,0,0,0,0,0,0,0,0,0,0,0,0,0,0,0,0,0,0,0,0,0,0,0,0,0,0,0,0
251014-38029c8e-d2b7-45f9-bccc-59b60ea17559,SaRa,72014327,16,2,4,33500,8375,12000,51,12.8,0,4,1,0,2,1,3,3,12600,4200,1,0,5,49,9.8,3,4,1,4,0,8,0,3,0,0,0,0,0,0,0,0,0,1,0,2,0,0,0,0,0,0,0,0,0,0,1,0,0,0,0,2,0,0,0,0,0,0,0,0,0,0,0,0,0,0,0,0,0,0,0,0,0,0,0,0,0,0,0,0,0,0,0
251014-38029c8e-d2b7-45f9-bccc-59b60ea17559,こりまる。,108266073,16,3,2,14600,7300,12000,30,15,0,2,0,0,2,2,0,3,15900,5300,0,0,4,55,13.8,1,2,2,4,1,8,0,1,0,0,0,0,0,1,0,0,0,0,0,1,0,0,0,0,0,0,0,0,0,0,0,0,0,0,0,0,0,0,0,0,0,0,0,0,0,0,0,0,0,0,0,0,0,0,0,0,0,0,0,0,0,0,0,0,0,0,0
251015-ccaa8787-0065-42f9-9e3a-2a126559e645,こりまる。,108266073,11,4,7,45500,6500,18000,81,11.6,4,3,0,0,2,7,1,1,3900,3900,1,0,5,35,7,4,5,0,3,3,3,2,4,0,0,0,0,2,1,0,0,0,0,0,1,0,0,0,0,0,0,0,0,0,0,0,0,1,0,0,0,0,0,0,0,0,0,0,0,0,0,0,0,0,0,0,0,0,0,0,0,0,0,0,0,0,0,0,0,0,0,0
251015-ccaa8787-0065-42f9-9e3a-2a126559e645,ひつじ04,69255735,11,1,2,15900,7950,12000,31,15.5,0,2,0,0,1,2,0,0,0,,0,0,0,0,,0,0,0,4,2,7,0,0,0,0,0,1,0,0,0,1,0,0,0,0,0,0,0,0,0,0,0,0,0,0,0,0,0,0,1,0,0,0,0,0,0,0,0,0,0,0,0,0,0,0,0,0,0,0,0,0,0,0,0,0,0,0,0,0,0,0,0
251015-ccaa8787-0065-42f9-9e3a-2a126559e645,SaRa,72014327,11,1,0,0,,,0,,0,0,0,0,0,0,0,2,20000,10000,0,0,0,0,,0,0,0,3,0,4,0,0,0,0,0,0,0,0,0,0,0,0,0,0,0,0,0,0,0,0,0,0,0,0,0,0,0,0,0,0,0,0,0,0,0,0,0,0,0,0,0,0,0,0,0,0,0,0,0,0,0,0,0,0,0,0,0,0,0,0,0
251015-ccaa8787-0065-42f9-9e3a-2a126559e645,ねこぜ7272,106334717,11,1,1,8000,8000,8000,12,12,0,1,0,0,3,1,0,3,8500,2833,1,1,2,23,11.5,0,2,0,4,1,6,0,0,0,0,0,0,0,0,0,1,0,0,0,0,0,0,0,0,0,0,0,0,0,0,0,0,0,0,0,0,0,0,0,0,0,0,0,0,0,0,0,0,0,0,0,0,0,0,0,0,0,0,0,0,0,0,0,0,0,0,0
251015-2a35dd2a-afb0-4930-a3a1-505312fc56c1,琴音04,101333044,9,1,0,0,,,0,,0,0,0,0,0,0,0,1,1000,1000,0,0,2,21,10.5,0,2,0,4,0,5,0,0,0,0,0,0,0,0,0,0,0,0,0,0,0,0,0,0,0,0,0,0,0,0,0,0,0,0,0,0,0,0,0,0,0,0,0,0,0,0,0,0,0,0,0,0,0,0,0,0,0,0,0,0,0,0,0,0,0,0,0
251015-2a35dd2a-afb0-4930-a3a1-505312fc56c1,Kasumisou,69812091,9,1,1,1000,1000,1000,6,6,0,1,0,0,0,0,0,2,5400,2700,0,0,1,9,9,0,1,0,3,1,3,0,0,0,0,0,0,0,0,0,0,0,1,0,0,0,0,0,0,0,0,0,0,0,0,0,0,0,0,0,0,0,0,0,0,0,0,0,0,0,0,0,0,0,0,0,0,0,0,0,0,0,0,0,0,0,0,0,0,0,0,0
251015-2a35dd2a-afb0-4930-a3a1-505312fc56c1,こりまる。,108266073,9,2,2,3500,1750,2000,28,14,1,1,0,0,0,0,0,1,1000,1000,0,0,1,6,6,1,1,0,4,1,5,1,1,0,0,0,0,0,1,0,0,0,0,0,0,0,0,0,0,0,0,0,0,0,0,0,0,0,0,0,0,0,0,0,0,0,0,0,0,0,0,0,0,0,0,0,0,0,0,0,0,0,0,0,0,0,0,0,0,0,0,0
251015-2a35dd2a-afb0-4930-a3a1-505312fc56c1,閄くん,102172268,9,1,4,12900,3225,4000,49,12.3,2,2,0,0,4,2,0,0,0,,0,0,1,8,8,0,1,0,6,4,8,0,0,0,0,0,0,0,1,2,0,0,1,0,0,0,0,0,0,0,0,0,0,0,0,0,0,0,0,0,0,0,0,0,0,0,0,0,0,0,0,0,0,0,0,0,0,0,0,0,0,0,0,0,0,0,0,0,0,0,0,0
251015-49b8d5b0-1481-4adf-b3a6-973ca2a2132d,ちたーふ,68331919,16,7,6,37700,6283,12000,70,11.7,1,5,0,0,2,0,2,2,8400,4200,0,0,4,44,11,3,3,1,6,3,9,1,3,0,0,0,0,2,1,0,1,1,0,0,1,0,0,0,0,0,0,0,0,0,0,0,0,0,0,0,2,0,0,0,0,0,0,0,0,0,0,0,0,0,0,0,0,0,0,0,0,0,0,0,0,0,0,0,0,0,0,0
251015-49b8d5b0-1481-4adf-b3a6-973ca2a2132d,【くぅー】,100883086,16,2,1,4500,4500,4500,6,6,0,1,0,0,0,0,0,6,42800,7133,2,0,5,46,9.2,1,4,1,5,0,7,0,1,0,0,0,0,0,0,0,0,0,0,0,0,0,0,0,0,0,0,0,0,0,0,0,0,0,0,0,1,0,0,0,0,0,0,0,0,0,0,0,0,0,0,0,0,0,0,0,0,0,0,0,0,0,0,0,0,0,0,0
251015-49b8d5b0-1481-4adf-b3a6-973ca2a2132d,ねこぜ7272,106334717,16,1,3,19500,6500,7900,32,10.7,1,2,0,0,4,1,1,2,2500,1250,0,0,4,36,9,2,3,1,4,1,6,1,2,0,0,0,0,0,0,0,1,0,0,0,1,0,0,0,0,0,0,0,0,0,0,0,0,0,0,0,0,0,0,0,0,0,0,0,0,0,0,0,0,0,0,0,0,0,0,0,0,0,0,0,0,0,0,0,0,0,0,0
251015-49b8d5b0-1481-4adf-b3a6-973ca2a2132d,ルート12345,71218983,16,2,3,19700,6567,8000,38,12.7,1,2,1,0,0,3,0,0,0,,0,0,3,25,8.3,2,2,1,1,0,1,1,2,0,0,0,0,0,0,0,0,0,2,1,3,0,0,0,0,0,0,0,0,0,0,0,0,0,0,0,0,0,0,0,0,0,0,0,0,0,0,0,0,0,0,0,0,0,0,0,0,0,0,0,0,0,0,0,0,0,0,0
251015-9ab94a78-9f75-447c-8276-d9138faaf461,suzuken3,74756413,14,4,5,25700,5140,12000,48,9.6,1,4,0,0,0,3,0,4,31300,7825,0,0,3,30,10,2,3,0,7,3,10,0,2,0,0,0,0,0,1,1,1,0,0,0,1,0,0,0,0,0,0,0,0,0,0,0,0,1,0,0,1,0,0,0,0,0,0,0,0,0,0,0,0,0,0,0,0,0,0,0,0,0,0,0,0,0,0,0,0,0,0,0
251015-9ab94a78-9f75-447c-8276-d9138faaf461,ちたーふ,68331919,14,3,3,25500,8500,12000,45,15,0,3,0,0,4,2,4,3,25000,8333,0,0,2,17,8.5,1,2,0,6,2,10,0,1,0,0,0,0,1,0,0,0,1,1,0,0,0,0,0,0,0,0,0,0,0,0,0,0,0,0,0,0,0,0,0,0,0,0,0,0,0,0,0,0,0,0,0,0,0,0,0,0,0,0,0,0,0,0,0,0,0,0,0
251015-9ab94a78-9f75-447c-8276-d9138faaf461,【くぅー】,100883086,14,2,3,21800,7267,8000,41,13.7,1,2,0,0,2,2,0,2,11600,5800,0,1,1,15,15,1,0,1,5,2,10,0,1,0,1,0,0,0,1,0,0,0,1,0,0,0,0,0,0,0,0,0,0,0,0,0,0,2,0,0,1,0,0,0,0,0,0,0,0,0,0,0,0,0,0,0,0,0,0,0,0,0,0,0,0,0,0,0,0,0,0,0
251015-9ab94a78-9f75-447c-8276-d9138faaf461,クロミです,105506555,14,1,2,13100,6550,12000,20,10,1,1,0,0,0,1,2,1,8000,8000,0,0,1,5,5,1,1,0,8,1,12,0,1,0,0,0,0,0,0,0,0,1,0,0,0,0,0,0,0,0,0,0,0,0,0,1,0,0,0,0,0,0,0,0,0,0,0,0,0,0,0,0,0,0,0,0,0,0,0,0,0,0,0,0,0,0,0,0,0,0,0,0
251016-d3cc07b7-b871-4e47-9457-9faaa241d40c,kotetsu0422,68590027,13,2,1,11600,11600,11600,11,11,0,1,0,0,2,0,0,1,1000,1000,0,0,0,0,,0,0,0,3,1,5,0,0,0,0,0,0,0,0,0,1,1,0,0,0,0,0,0,0,0,0,0,0,0,0,0,0,0,0,0,0,0,0,0,0,0,0,0,0,0,0,0,0,0,0,0,0,0,0,0,0,0,0,0,0,0,0,0,0,0,0,0
251016-d3cc07b7-b871-4e47-9457-9faaa241d40c,【くぅー】,100883086,13,1,0,0,,,0,,0,0,0,0,0,0,0,3,18700,6233,1,1,6,48,8,0,6,0,0,0,0,0,0,0,0,0,0,0,0,0,0,0,0,0,0,0,0,0,0,0,0,0,0,0,0,0,0,0,0,0,0,0,0,0,0,0,0,0,0,0,0,0,0,0,0,0,0,0,0,0,0,0,0,0,0,0,0,0,0,0,0,0
251016-d3cc07b7-b871-4e47-9457-9faaa241d40c,ひつじ04,69255735,13,2,4,14700,3675,8000,52,13,3,1,1,0,0,1,1,1,2900,2900,0,0,3,21,7,2,3,0,4,1,6,3,2,0,0,0,0,0,1,1,0,0,0,0,1,0,0,0,0,0,0,0,0,0,0,0,0,0,0,0,0,0,0,0,0,0,0,0,0,0,0,0,0,0,0,0,0,0,0,0,0,0,0,0,0,0,0,0,0,0,0,0
251016-d3cc07b7-b871-4e47-9457-9faaa241d40c,Kasumisou,69812091,13,4,6,26700,4450,8000,86,14.3,3,3,0,0,4,3,0,0,0,,0,0,2,17,8.5,1,0,2,9,5,14,1,1,0,0,0,0,0,1,2,1,0,2,0,0,0,0,0,0,0,0,0,0,0,0,0,0,0,0,0,0,0,0,0,0,0,0,0,0,0,0,0,0,0,0,0,0,0,0,0,0,0,0,0,0,0,0,0,0,0,0,0
251016-5fb631d6-374f-4f25-aafe-430c79a7bad8,クロミです,105506555,14,2,3,19600,6533,12000,35,11.7,1,2,0,0,1,2,1,0,0,,0,0,4,36,9,3,4,0,1,0,2,1,3,0,0,0,0,1,0,0,0,0,0,0,1,0,0,0,0,0,0,0,0,0,0,0,0,0,0,0,0,0,0,0,0,0,0,0,0,0,0,0,0,0,0,0,0,0,0,0,0,0,0,0,0,0,0,0,0,0,0,0
251016-5fb631d6-374f-4f25-aafe-430c79a7bad8,ちたーふ,68331919,14,2,4,27300,6825,9600,32,8,1,3,0,0,1,3,0,3,12600,4200,0,0,3,22,7.3,2,2,1,5,2,9,0,2,0,0,0,0,1,0,0,2,0,0,0,1,0,0,0,0,0,0,1,0,0,0,0,0,0,0,0,1,0,0,0,0,0,0,0,0,0,0,0,0,0,0,0,0,0,0,0,0,0,0,0,0,0,0,0,0,0,0,0
251016-5fb631d6-374f-4f25-aafe-430c79a7bad8,琴音04,101333044,14,4,3,16600,5533,11700,33,11,1,2,0,0,1,1,1,5,26100,5220,1,0,2,11,5.5,1,2,0,7,2,13,1,1,0,0,0,0,1,1,0,0,0,0,0,0,0,0,0,0,0,0,0,0,0,0,0,0,0,0,0,0,0,0,0,0,0,0,0,0,0,0,0,0,0,0,0,0,0,0,0,0,0,0,0,0,0,0,0,0,0,0,0
251016-5fb631d6-374f-4f25-aafe-430c79a7bad8,【くぅー】,100883086,14,1,3,12000,4000,7700,29,9.7,1,2,0,0,3,0,0,1,2400,2400,0,0,1,7,7,1,0,1,4,2,6,0,1,0,0,0,0,0,0,0,1,1,0,0,0,0,0,0,0,0,0,0,0,0,0,1,0,0,0,0,0,0,0,0,0,0,0,0,0,0,0,0,0,0,0,0,0,0,0,0,0,0,0,0,0,0,0,0,0,0,0,0
251016-247c7945-6b29-4cfe-b9c6-439c5e0bd7c1,kotetsu0422,68590027,12,1,1,5200,5200,5200,12,12,1,0,0,0,0,1,0,3,24200,8067,0,0,1,16,16,0,1,0,3,1,5,0,0,0,1,0,0,0,0,0,0,1,0,0,0,0,0,0,0,0,0,0,0,0,0,0,0,0,0,0,0,0,0,0,0,0,0,0,0,0,0,0,0,0,0,0,0,0,0,0,0,0,0,0,0,0,0,0,0,0,0,0
251016-247c7945-6b29-4cfe-b9c6-439c5e0bd7c1,閄くん,102172268,12,2,1,3900,3900,3900,12,12,0,1,0,0,0,1,0,1,1300,1300,0,0,2,13,6.5,1,2,0,8,0,9,0,1,0,0,0,0,0,0,0,0,0,0,0,0,0,0,0,0,0,0,0,0,0,0,0,0,0,0,0,0,0,0,0,0,0,0,0,0,0,0,0,0,0,0,0,0,0,0,0,0,0,0,0,0,0,0,0,0,0,0,0
251016-247c7945-6b29-4cfe-b9c6-439c5e0bd7c1,ちたーふ,68331919,12,3,5,20500,4100,11600,63,12.6,2,3,2,0,0,3,0,2,4900,2450,0,0,2,18,9,2,2,0,3,1,3,2,2,0,0,0,0,0,1,0,0,0,1,0,3,0,0,0,0,0,0,0,0,0,0,0,0,0,0,0,0,0,0,0,0,0,0,0,0,0,0,0,0,0,0,0,0,0,0,0,0,0,0,0,0,0,0,0,0,0,0,0
251016-247c7945-6b29-4cfe-b9c6-439c5e0bd7c1,クロミです,105506555,12,2,2,12600,6300,11600,19,9.5,0,2,0,0,2,1,0,0,0,,0,0,2,20,10,0,2,0,5,2,8,0,0,0,0,0,0,0,0,0,0,0,0,0,0,0,1,1,0,0,0,0,0,0,0,0,0,0,0,0,0,0,0,0,0,0,0,0,0,0,0,0,0,0,0,0,0,0,0,0,0,0,0,0,0,0,0,0,0,0,0,0
251016-868238c6-a898-489b-a2ec-dfc3abed909e,ちたーふ,68331919,8,1,0,0,,,0,,0,0,0,0,0,0,0,2,9300,4650,1,0,1,15,15,0,0,1,0,0,0,0,0,0,0,0,0,0,0,0,0,0,0,0,0,0,0,0,0,0,0,0,0,0,0,0,0,0,0,0,0,0,0,0,0,0,0,0,0,0,0,0,0,0,0,0,0,0,0,0,0,0,0,0,0,0,0,0,0,0,0,0
251016-868238c6-a898-489b-a2ec-dfc3abed909e,閄くん,102172268,8,1,2,6200,3100,5200,22,11,0,2,0,0,2,0,0,0,0,,0,0,2,16,8,0,1,1,3,2,5,0,0,0,0,0,0,0,0,1,0,0,0,0,0,1,0,0,0,0,0,0,0,0,0,0,0,0,0,0,0,0,0,0,0,0,0,0,0,0,0,0,0,0,0,0,0,0,0,0,0,0,0,0,0,0,0,0,0,0,0,0
251016-868238c6-a898-489b-a2ec-dfc3abed909e,kotetsu0422,68590027,8,1,2,10400,5200,7700,26,13,1,1,0,0,0,1,1,2,6200,3100,0,0,2,14,7,2,2,0,2,0,3,1,2,0,0,0,0,0,0,0,0,0,0,0,2,0,0,0,0,0,0,0,0,0,0,0,0,0,0,0,0,0,0,0,0,0,0,0,0,0,0,0,0,0,0,0,0,0,0,0,0,0,0,0,0,0,0,0,0,0,0,0
251016-868238c6-a898-489b-a2ec-dfc3abed909e,クロミです,105506555,8,1,3,10600,3533,8000,27,9,1,2,1,0,0,1,1,1,1000,1000,0,0,1,8,8,1,0,1,1,1,2,1,1,0,0,0,0,0,0,1,0,0,0,0,1,0,0,0,0,0,0,0,0,0,0,1,0,0,0,0,0,0,0,0,0,0,0,0,0,0,0,0,0,0,0,0,0,0,0,0,0,0,0,0,0,0,0,0,0,0,0,0
251017-388320d9-dd91-4a99-9726-3f0095db7e07,琴音04,101333044,11,2,5,29500,5900,18000,46,9.2,1,4,0,0,3,1,2,1,18000,18000,1,0,4,34,8.5,3,3,1,4,2,4,0,3,0,0,0,0,0,0,1,1,1,0,0,0,0,0,0,0,0,0,1,0,0,0,0,0,0,0,0,1,0,0,0,0,0,0,0,0,0,0,0,0,0,0,0,0,0,0,0,0,0,0,0,0,0,0,0,0,0,0,0
251017-388320d9-dd91-4a99-9726-3f0095db7e07,あしだやよ,103448968,11,2,2,20000,10000,18000,26,13,1,1,0,0,1,0,0,5,34900,6980,2,1,5,53,10.6,2,3,2,0,0,0,1,2,0,0,0,0,0,0,0,0,0,0,0,1,0,1,0,0,0,0,0,0,0,0,0,0,0,0,0,1,0,0,0,0,0,0,0,0,0,0,0,0,0,0,0,0,0,0,0,0,0,0,0,0,0,0,0,0,0,0,0
251017-388320d9-dd91-4a99-9726-3f0095db7e07,かんんちゃ,104219450,11,1,2,14000,7000,12000,29,14.5,2,0,0,0,0,3,0,0,0,,0,0,3,31,10.3,1,2,1,4,1,5,1,1,0,0,0,0,0,1,0,0,0,0,0,0,0,0,0,0,0,0,0,1,0,0,0,0,0,0,0,0,0,0,0,0,0,0,0,0,0,0,0,0,0,0,0,0,0,0,0,0,0,0,0,0,0,0,0,0,0,0,0
251017-388320d9-dd91-4a99-9726-3f0095db7e07,suzuken3,74756413,11,1,2,6500,3250,3900,25,12.5,0,2,0,0,1,1,0,0,0,,0,0,3,19,6.3,1,1,2,5,1,5,0,1,0,0,0,0,0,0,0,0,1,0,0,0,0,0,0,0,0,0,0,0,0,0,0,0,0,0,0,1,0,0,0,0,0,0,0,0,0,0,0,0,0,0,0,0,0,0,0,0,0,0,0,0,0,0,0,0,0,0,0
251017-76d10a4e-ea81-426f-8667-0f2b6686ba5f,ルート12345,71218983,15,5,6,35300,5883,11700,67,11.2,3,3,0,0,1,6,0,1,2600,2600,0,0,4,42,10.5,3,2,2,4,3,6,1,3,0,0,0,0,1,0,0,2,1,0,0,0,0,0,0,0,0,0,0,0,0,0,0,0,0,0,0,1,0,0,0,0,0,0,0,0,0,0,0,0,0,0,0,0,0,0,0,0,0,0,0,0,0,0,0,0,0,0,0
251017-76d10a4e-ea81-426f-8667-0f2b6686ba5f,かんんちゃ,104219450,15,2,1,12000,12000,12000,9,9,0,1,0,0,0,0,0,4,24800,6200,1,0,3,35,11.7,1,2,1,3,0,4,0,1,0,0,0,0,0,0,0,0,0,0,0,0,0,1,0,0,0,0,0,0,0,0,0,0,0,0,0,1,0,0,0,0,0,0,0,0,0,0,0,0,0,0,0,0,0,0,0,0,0,0,0,0,0,0,0,0,0,0,0
251017-76d10a4e-ea81-426f-8667-0f2b6686ba5f,こりまる。,108266073,15,2,4,36600,9150,18000,40,10,2,2,1,0,3,4,0,3,17900,5967,1,0,2,9,4.5,1,2,0,5,2,5,1,1,0,0,0,0,0,0,0,1,1,0,1,1,0,1,0,0,0,0,0,0,0,0,0,0,0,0,1,0,0,0,0,0,0,0,0,0,0,0,0,0,0,0,0,0,0,0,0,0,0,0,0,0,0,0,0,0,0,0,0
251017-76d10a4e-ea81-426f-8667-0f2b6686ba5f,ねこぜ7272,106334717,15,1,2,12900,6450,7700,27,13.5,0,2,0,0,0,0,1,0,0,,0,0,2,21,10.5,1,2,0,5,1,8,0,1,0,0,0,0,0,0,0,1,0,1,0,1,0,0,0,0,0,0,1,0,0,0,0,0,0,0,0,0,0,0,0,0,0,0,0,0,0,0,0,0,0,0,0,0,0,0,0,0,0,0,0,0,0,0,0,0,0,0,0
251017-ff5e96ec-6bd9-4828-9b94-6559c980b7b6,閄くん,102172268,11,2,4,17100,4275,12000,56,14,2,2,0,0,1,3,0,0,0,,0,0,2,24,12,1,2,0,8,3,10,1,1,0,0,0,0,0,0,0,0,0,3,0,0,0,0,1,0,0,0,0,0,0,0,0,0,0,0,0,0,0,0,0,0,0,0,0,0,0,0,0,0,0,0,0,0,0,0,0,0,0,0,0,0,0,0,0,0,0,0,0
251017-ff5e96ec-6bd9-4828-9b94-6559c980b7b6,ちたーふ,68331919,11,2,2,11600,5800,7700,19,9.5,0,2,0,0,0,0,1,0,0,,0,0,2,18,9,2,2,0,6,0,9,0,2,0,0,0,0,0,0,0,0,0,0,0,1,0,0,0,0,0,0,0,0,0,0,0,0,0,0,0,2,0,0,0,0,0,0,0,0,0,0,0,0,0,0,0,0,0,0,0,0,0,0,0,0,0,0,0,0,0,0,0
251017-ff5e96ec-6bd9-4828-9b94-6559c980b7b6,kotetsu0422,68590027,11,2,1,7800,7800,7800,19,19,1,0,0,0,2,0,0,3,11700,3900,1,0,2,29,14.5,0,2,0,2,1,5,0,0,0,0,0,0,0,0,1,0,0,0,0,0,0,0,0,0,0,0,0,0,0,0,0,0,0,0,0,0,0,0,0,0,0,0,0,0,0,0,0,0,0,0,0,0,0,0,0,0,0,0,0,0,0,0,0,0,0,0,0
251017-ff5e96ec-6bd9-4828-9b94-6559c980b7b6,かんんちゃ,104219450,11,1,1,2000,2000,2000,12,12,1,0,0,0,0,1,0,1,3900,3900,0,1,0,0,,0,0,0,5,1,10,0,0,0,0,0,0,1,0,0,0,0,0,0,0,0,0,0,0,0,0,0,0,0,0,0,0,0,0,0,0,0,0,0,0,0,0,0,0,0,0,0,0,0,0,0,0,0,0,0,0,0,0,0,0,0,0,0,0,0,0,0
251018-b17d265c-10ea-44e4-9bae-da3f72697a02,kotetsu0422,68590027,9,2,2,11800,5900,7900,27,13.5,1,1,0,0,2,2,0,3,17700,5900,0,0,2,20,10,0,2,0,3,2,6,0,0,0,0,0,0,1,0,1,0,0,1,0,0,0,0,0,0,0,0,0,0,0,0,0,0,0,0,0,0,0,0,0,0,0,0,0,0,0,0,0,0,0,0,0,0,0,0,0,0,0,0,0,0,0,0,0,0,0,0,0
251018-b17d265c-10ea-44e4-9bae-da3f72697a02,ちたーふ,68331919,9,1,3,15000,5000,12000,29,9.7,0,3,0,0,0,0,2,1,3900,3900,0,0,3,37,12.3,1,3,0,4,2,8,0,1,0,0,0,0,1,0,0,0,1,1,0,0,0,0,0,0,0,0,0,0,0,0,1,0,0,0,0,1,0,0,0,0,0,0,0,0,0,0,0,0,0,0,0,0,0,0,0,0,0,0,0,0,0,0,0,0,0,0,0
251018-b17d265c-10ea-44e4-9bae-da3f72697a02,Mash_room,102233013,9,1,3,17700,5900,8000,47,15.7,1,2,0,0,3,1,0,2,13000,6500,0,0,3,41,13.7,2,1,2,1,1,1,1,2,0,0,0,0,0,0,0,0,0,1,0,0,0,0,1,0,0,0,0,0,0,0,0,0,0,0,0,0,0,0,0,0,0,0,0,0,0,0,0,0,0,0,0,0,0,0,0,0,0,0,0,0,0,0,0,0,0,0,0
251018-b17d265c-10ea-44e4-9bae-da3f72697a02,かんんちゃ,104219450,9,1,0,0,,,0,,0,0,0,0,0,0,0,0,0,,0,0,0,0,,0,0,0,3,0,4,0,0,0,0,0,0,0,0,0,0,0,0,0,0,0,0,0,0,0,0,0,0,0,0,0,0,0,0,0,0,0,0,0,0,0,0,0,0,0,0,0,0,0,0,0,0,0,0,0,0,0,0,0,0,0,0,0,0,0,0,0
251019-88ff3853-8c64-49c6-add8-bceda1df66ca,クロミです,105506555,12,1,1,8000,8000,8000,15,15,0,1,0,0,2,1,0,1,48000,48000,0,0,2,25,12.5,1,2,0,6,0,7,0,1,0,0,0,0,0,0,0,0,0,0,1,0,0,0,0,0,0,0,0,0,0,0,0,0,0,0,0,0,0,0,0,0,0,0,0,0,0,0,0,0,0,0,0,0,0,0,0,0,0,0,0,0,0,0,0,0,0,0,0
251019-88ff3853-8c64-49c6-add8-bceda1df66ca,kotetsu0422,68590027,12,2,4,23800,5950,7900,51,12.8,4,0,2,0,1,2,0,0,0,,0,0,2,14,7,1,1,1,3,1,6,3,1,0,0,1,0,0,0,0,0,0,2,1,0,0,0,1,0,0,0,0,0,0,0,0,0,0,0,0,0,0,0,0,0,0,0,0,0,0,0,0,0,0,0,0,0,0,0,0,0,0,0,0,0,0,0,0,0,0,0,0
251019-88ff3853-8c64-49c6-add8-bceda1df66ca,かんんちゃ,104219450,12,3,1,5800,5800,5800,7,7,0,1,0,0,1,0,0,0,0,,0,0,4,31,7.8,1,4,0,1,0,1,0,1,0,0,0,0,0,0,0,0,0,0,0,1,0,0,0,0,0,0,0,0,0,0,0,0,0,0,0,0,0,0,0,0,0,0,0,0,0,0,0,0,0,0,0,0,0,0,0,0,0,0,0,0,0,0,0,0,0,0,0
251019-88ff3853-8c64-49c6-add8-bceda1df66ca,suzuken3,74756413,12,1,2,56000,28000,48000,27,13.5,1,1,1,1,3,0,0,2,13800,6900,0,0,2,23,11.5,0,0,2,5,1,7,0,0,0,0,0,0,0,1,0,0,0,0,0,0,0,0,0,0,0,0,0,0,0,0,0,0,0,0,0,0,0,0,0,0,0,0,0,1,0,0,0,0,0,0,0,0,0,0,0,0,0,0,0,0,0,0,0,0,0,0,0
251019-c46ed52e-6761-46db-ac16-1fc000d9cad0,閄くん,102172268,10,3,3,17800,5933,8000,39,13,1,2,1,0,2,1,0,4,29800,7450,0,1,2,24,12,0,2,0,5,2,9,1,0,0,0,0,0,1,0,0,0,1,0,0,1,0,0,0,0,0,0,0,0,0,0,0,1,1,0,0,0,0,0,0,0,0,0,0,0,0,0,0,0,0,0,0,0,0,0,0,0,0,0,0,0,0,0,0,0,0,0,0
251019-c46ed52e-6761-46db-ac16-1fc000d9cad0,かんんちゃ,104219450,10,1,1,5200,5200,5200,17,17,0,1,0,0,2,0,0,2,9700,4850,0,0,3,28,9.3,1,2,1,1,0,2,0,1,0,0,0,0,0,0,0,0,0,0,0,0,0,0,0,0,0,0,0,0,0,0,0,0,0,0,0,0,0,0,0,0,0,0,0,0,0,0,0,0,0,0,0,0,0,0,0,0,0,0,0,0,0,0,0,0,0,0,0
251019-c46ed52e-6761-46db-ac16-1fc000d9cad0,クロミです,105506555,10,1,2,15400,7700,7700,25,12.5,0,2,0,0,3,0,1,1,7200,7200,0,0,1,12,12,1,0,1,4,1,4,0,1,0,0,0,0,0,0,0,0,0,2,0,1,0,0,0,0,0,0,0,0,0,0,0,0,0,0,0,0,0,0,0,0,0,0,0,0,0,0,0,0,0,0,0,0,0,0,0,0,0,0,0,0,0,0,0,0,0,0,0
251019-c46ed52e-6761-46db-ac16-1fc000d9cad0,suzuken3,74756413,10,1,4,24100,6025,8000,44,11,0,4,0,0,2,3,1,1,8000,8000,0,0,4,41,10.3,3,2,2,1,1,2,0,3,0,0,0,0,0,0,1,0,1,0,0,1,0,0,0,0,0,0,0,0,0,0,1,0,0,0,0,0,0,0,0,0,0,0,0,0,0,0,0,0,0,0,0,0,0,0,0,0,0,0,0,0,0,0,0,0,0,0,0
251019-5c2d5d89-6296-46e3-9aa8-496414b409de,クロミです,105506555,21,3,6,32900,5483,12000,68,11.3,3,3,0,0,2,3,0,4,13600,3400,1,0,2,23,11.5,0,1,1,12,6,20,0,0,0,1,0,0,1,1,0,2,1,1,0,0,1,0,1,0,0,0,1,0,0,0,0,0,1,0,0,0,0,0,0,0,0,0,0,0,0,0,0,0,0,0,0,0,0,0,0,0,0,0,0,0,0,0,0,0,0,0,0
251019-5c2d5d89-6296-46e3-9aa8-496414b409de,閄くん,102172268,21,6,7,37200,5314,12000,79,11.3,2,5,0,0,3,4,2,2,10600,5300,0,0,7,58,8.3,2,6,1,9,5,14,1,2,0,0,0,0,1,0,2,2,0,1,0,0,0,0,0,0,0,0,0,0,0,0,0,0,0,0,0,2,0,0,0,0,0,0,0,0,0,0,0,0,0,0,0,0,0,0,0,0,0,0,0,0,0,0,0,0,0,0,0
251019-5c2d5d89-6296-46e3-9aa8-496414b409de,きょーか8,69157106,21,1,1,2000,2000,2000,16,16,1,0,1,0,0,0,0,4,11800,2950,1,0,3,31,10.3,0,3,0,5,0,6,1,0,0,0,0,0,0,0,0,0,0,1,0,0,0,0,0,0,0,0,0,0,0,0,0,0,0,0,0,0,0,0,0,0,0,0,0,0,0,0,0,0,0,0,0,0,0,0,0,0,0,0,0,0,0,0,0,0,0,0,0
251019-5c2d5d89-6296-46e3-9aa8-496414b409de,kotetsu0422,68590027,21,6,6,25300,4217,7800,69,11.5,2,4,1,0,0,1,0,2,4400,2200,0,0,4,52,13,2,2,2,9,3,12,1,2,0,0,0,0,2,2,0,0,0,2,0,2,0,0,0,0,0,0,0,0,0,0,0,0,1,0,0,0,0,0,0,0,0,0,0,0,0,0,0,0,0,0,0,0,0,0,0,0,0,0,0,0,0,0,0,0,0,0,0
251020-cf888a62-948c-407a-b4d6-435636304566,閄くん,102172268,13,1,2,18000,9000,16000,27,13.5,1,1,0,0,4,3,1,4,28600,7150,0,0,2,19,9.5,1,2,0,5,1,7,1,1,0,0,0,0,0,0,0,0,0,1,0,0,0,1,0,0,0,0,0,0,0,0,0,0,0,0,0,0,0,0,0,0,0,0,0,0,0,0,0,0,0,0,0,0,0,0,0,0,0,0,0,0,0,0,0,0,0,0,0
251020-cf888a62-948c-407a-b4d6-435636304566,devil1892,101569447,13,1,2,14600,7300,12000,26,13,1,1,0,0,0,1,3,0,0,,0,0,3,36,12,2,2,1,1,0,1,1,2,0,0,0,0,0,0,0,0,0,0,0,0,0,0,0,0,0,0,0,1,0,0,0,0,0,0,0,0,0,0,0,0,0,0,0,0,0,0,0,0,0,0,0,0,0,0,0,0,0,0,0,0,0,0,0,0,0,0,0
251020-cf888a62-948c-407a-b4d6-435636304566,Set4fi1,102454965,13,3,4,17200,4300,12000,39,9.8,2,2,0,0,0,2,2,2,4900,2450,1,0,3,20,6.7,2,3,0,6,2,10,0,2,0,0,0,0,1,1,0,0,0,0,0,1,0,0,0,0,0,0,0,0,0,0,0,0,0,0,0,0,0,0,0,0,0,0,0,0,0,0,0,0,0,0,0,0,0,0,0,0,0,0,0,0,0,0,0,0,0,0,0
251020-cf888a62-948c-407a-b4d6-435636304566,SaRa,72014327,13,3,3,16900,5633,12000,34,11.3,0,3,0,0,1,1,0,1,2600,2600,1,0,2,22,11,0,1,1,6,3,9,0,0,0,0,0,0,0,0,0,0,1,1,0,0,0,0,0,0,0,0,0,0,0,0,0,0,0,0,1,0,0,0,0,0,0,0,0,0,0,0,0,0,0,0,0,0,0,0,0,0,0,0,0,0,0,0,0,0,0,0,0
251020-a12d08bc-38f0-4630-8b7c-17aebd955732,SaRa,72014327,13,2,3,22900,7633,12000,48,16,0,3,1,0,1,0,1,3,22300,7433,0,0,2,23,11.5,1,1,1,7,1,10,0,1,0,0,0,0,1,0,0,0,0,0,0,2,0,1,0,0,0,0,1,0,0,0,0,0,1,0,0,0,0,0,0,0,0,0,0,0,0,0,0,0,0,0,0,0,0,0,0,0,0,0,0,0,0,0,0,0,0,0,0
251020-a12d08bc-38f0-4630-8b7c-17aebd955732,Set4fi1,102454965,13,3,3,18800,6267,12000,40,13.3,0,3,0,0,1,2,1,2,14900,7450,2,0,3,35,11.7,1,2,1,5,2,7,0,1,0,0,0,0,0,0,0,1,1,1,0,0,0,0,0,0,0,0,0,0,0,0,0,0,0,0,0,0,0,0,0,0,0,0,0,0,0,0,0,0,0,0,0,0,0,0,0,0,0,0,0,0,0,0,0,0,0,0,0
251020-a12d08bc-38f0-4630-8b7c-17aebd955732,devil1892,101569447,13,1,1,1300,1300,1300,15,15,0,1,0,0,0,0,0,2,17800,8900,1,0,5,68,13.6,1,4,1,1,0,1,0,1,0,0,0,0,0,0,0,0,0,0,0,0,0,0,0,0,0,0,0,0,0,0,0,0,0,0,0,0,0,0,0,0,0,0,0,0,0,0,0,0,0,0,0,0,0,0,0,0,0,0,0,0,0,0,0,0,0,0,0
251020-a12d08bc-38f0-4630-8b7c-17aebd955732,閄くん,102172268,13,2,5,46000,9200,12000,66,13.2,2,3,0,0,3,3,0,3,10300,3433,1,2,4,36,9,3,3,1,4,2,8,1,3,0,0,0,0,1,1,1,1,1,1,1,1,0,0,0,0,0,0,1,0,0,0,0,0,1,0,0,0,0,0,0,0,0,0,0,0,0,0,0,0,0,0,0,0,0,0,0,0,0,0,0,0,0,0,0,0,0,0,0
251020-545428b4-5d43-4664-adba-d748da265623,kotetsu0422,68590027,11,2,2,3000,1500,2000,32,16,0,2,0,0,0,0,0,1,3900,3900,0,0,4,47,11.8,1,2,2,4,1,4,0,1,0,0,0,0,0,0,0,0,0,0,0,1,0,0,1,0,0,0,0,0,0,0,0,0,0,0,0,0,0,0,0,0,0,0,0,0,0,0,0,0,0,0,0,0,0,0,0,0,0,0,0,0,0,0,0,0,0,0,0
251020-545428b4-5d43-4664-adba-d748da265623,かんんちゃ,104219450,11,1,0,0,,,0,,0,0,0,0,0,0,0,0,0,,0,0,1,15,15,0,1,0,3,0,5,0,0,0,0,0,0,0,0,0,0,0,0,0,0,0,0,0,0,0,0,0,0,0,0,0,0,0,0,0,0,0,0,0,0,0,0,0,0,0,0,0,0,0,0,0,0,0,0,0,0,0,0,0,0,0,0,0,0,0,0,0
251020-545428b4-5d43-4664-adba-d748da265623,きょーか8,69157106,11,2,3,19800,6600,12000,33,11,1,2,0,0,1,3,0,2,14000,7000,1,0,4,33,8.3,3,4,0,2,0,2,1,3,0,0,0,0,0,0,0,0,0,0,0,3,0,0,0,0,0,0,0,0,0,0,0,0,0,0,0,0,0,0,0,0,0,0,0,0,0,0,0,0,0,0,0,0,0,0,0,0,0,0,0,0,0,0,0,0,0,0,0
251020-545428b4-5d43-4664-adba-d748da265623,ちたーふ,68331919,11,2,3,21800,7267,12000,42,14,2,1,0,0,3,1,0,2,4900,2450,0,0,2,15,7.5,1,2,0,4,2,6,1,1,0,0,0,0,0,2,0,1,0,0,0,1,0,0,0,0,0,0,0,0,0,0,0,0,1,0,0,0,0,0,0,0,0,0,0,0,0,0,0,0,0,0,0,0,0,0,0,0,0,0,0,0,0,0,0,0,0,0,0
251020-3c8aec9e-1d21-4032-aba2-d9b7f2d9f851,きょーか8,69157106,9,2,4,10200,2550,5200,41,10.3,1,3,0,0,1,1,0,1,2600,2600,0,0,2,21,10.5,1,1,1,4,3,7,0,1,0,0,0,0,0,0,1,0,1,2,0,0,1,0,0,0,0,0,0,0,0,0,0,0,0,0,0,0,0,0,0,0,0,0,0,0,0,0,0,0,0,0,0,0,0,0,0,0,0,0,0,0,0,0,0,0,0,0,0
251020-3c8aec9e-1d21-4032-aba2-d9b7f2d9f851,kotetsu0422,68590027,9,1,0,0,,,0,,0,0,0,0,0,0,0,2,6200,3100,0,0,1,13,13,0,0,1,2,0,3,0,0,0,0,0,0,0,0,0,0,0,0,0,0,0,0,0,0,0,0,0,0,0,0,0,0,0,0,0,0,0,0,0,0,0,0,0,0,0,0,0,0,0,0,0,0,0,0,0,0,0,0,0,0,0,0,0,0,0,0,0
251020-3c8aec9e-1d21-4032-aba2-d9b7f2d9f851,かんんちゃ,104219450,9,1,4,19300,4825,12000,60,15,3,1,0,0,2,1,0,0,0,,0,0,3,28,9.3,2,3,0,3,2,3,2,2,0,0,1,0,0,0,2,1,0,0,0,1,0,0,0,0,0,0,0,0,0,0,0,0,0,0,0,0,0,0,0,0,0,0,0,0,0,0,0,0,0,0,0,0,0,0,0,0,0,0,0,0,0,0,0,0,0,0,0
251020-3c8aec9e-1d21-4032-aba2-d9b7f2d9f851,クロミです,105506555,9,1,0,0,,,0,,0,0,0,0,0,0,0,1,2000,2000,0,0,1,12,12,0,0,1,1,0,1,0,0,0,0,0,0,0,0,0,0,0,0,0,0,0,0,0,0,0,0,0,0,0,0,0,0,0,0,0,0,0,0,0,0,0,0,0,0,0,0,0,0,0,0,0,0,0,0,0,0,0,0,0,0,0,0,0,0,0,0,0
251020-5635f08b-94ec-49cb-9c49-fd05115abf32,Kasumisou,69812091,10,2,2,7200,3600,5200,29,14.5,0,2,0,0,2,0,0,1,3900,3900,0,0,2,13,6.5,2,2,0,2,0,3,0,2,0,0,0,0,0,0,0,0,0,0,0,0,0,0,0,0,0,0,0,0,0,0,0,0,0,0,0,0,0,0,0,0,0,0,0,0,0,0,0,0,0,0,0,0,0,0,0,0,0,0,0,0,0,0,0,0,0,0,0
251020-5635f08b-94ec-49cb-9c49-fd05115abf32,クロミです,105506555,10,1,2,6200,3100,5200,17,8.5,0,2,0,0,0,0,0,2,14000,7000,0,1,2,27,13.5,0,1,1,4,2,10,0,0,0,0,0,0,1,1,0,0,0,0,0,0,0,0,0,0,0,0,0,0,0,0,0,0,1,0,0,0,0,0,0,0,0,0,0,0,0,0,0,0,0,0,0,0,0,0,0,0,0,0,0,0,0,0,0,0,0,0,0
251020-5635f08b-94ec-49cb-9c49-fd05115abf32,kotetsu0422,68590027,10,2,3,23800,7933,12000,42,14,1,2,0,0,4,2,1,1,1000,1000,0,0,3,37,12.3,2,2,1,2,1,4,0,2,0,0,0,0,0,0,1,0,0,1,0,1,0,0,0,0,0,0,0,0,0,0,0,0,0,0,0,0,0,0,0,0,0,0,0,0,0,0,0,0,0,0,0,0,0,0,0,0,0,0,0,0,0,0,0,0,0,0,0
251020-5635f08b-94ec-49cb-9c49-fd05115abf32,きょーか8,69157106,10,1,1,6400,6400,6400,11,11,1,0,1,0,0,0,0,2,10400,5200,0,0,1,8,8,0,1,0,1,0,2,1,0,0,0,0,0,0,0,0,0,0,1,0,0,0,0,0,0,0,0,0,0,0,0,1,0,0,0,0,0,0,0,0,0,0,0,0,0,0,0,0,0,0,0,0,0,0,0,0,0,0,0,0,0,0,0,0,0,0,0,0
251022-82cbe8eb-13e2-4d30-853b-5366c1a91cac,Kasumisou,69812091,9,2,4,33200,8300,18000,47,11.8,4,0,0,0,3,4,1,1,5200,5200,0,0,2,17,8.5,2,0,2,4,2,5,2,2,0,0,0,0,2,0,0,0,0,1,0,0,0,0,0,0,0,0,0,0,0,0,0,0,0,0,0,1,0,0,0,0,0,0,0,0,0,0,0,0,0,0,0,0,0,0,0,0,0,0,0,0,0,0,0,0,0,0,0
251022-82cbe8eb-13e2-4d30-853b-5366c1a91cac,かんんちゃ,104219450,9,1,0,0,,,0,,0,0,0,0,0,0,0,3,17900,5967,0,0,1,11,11,0,1,0,3,0,3,0,0,0,0,0,0,0,0,0,0,0,0,0,0,0,0,0,0,0,0,0,0,0,0,0,0,0,0,0,0,0,0,0,0,0,0,0,0,0,0,0,0,0,0,0,0,0,0,0,0,0,0,0,0,0,0,0,0,0,0,0
251022-82cbe8eb-13e2-4d30-853b-5366c1a91cac,琴音04,101333044,9,1,2,4700,2350,2700,26,13,1,1,0,0,0,2,0,0,0,,0,0,2,13,6.5,0,2,0,3,2,6,0,0,0,0,0,0,0,0,0,1,1,0,0,0,0,0,0,0,0,0,0,0,0,0,0,0,0,0,0,0,0,0,0,0,0,0,0,0,0,0,0,0,0,0,0,0,0,0,0,0,0,0,0,0,0,0,0,0,0,0,0
251022-82cbe8eb-13e2-4d30-853b-5366c1a91cac,こりまる。,108266073,9,1,3,21100,7033,12000,30,10,0,3,0,0,1,1,2,0,0,,0,0,2,17,8.5,1,2,0,2,2,4,0,1,0,0,0,0,0,2,0,1,1,0,0,0,0,0,0,0,0,0,0,0,0,0,0,0,1,0,0,1,0,0,0,0,0,0,0,0,0,0,0,0,0,0,0,0,0,0,0,0,0,0,0,0,0,0,0,0,0,0,0
251022-cd76bf5b-1772-4241-8550-60dd48864b12,ちたーふ,68331919,14,3,3,25800,8600,11700,26,8.7,1,2,0,0,2,0,1,1,3900,3900,0,0,3,21,7,3,3,0,5,0,8,1,3,0,0,0,0,0,0,0,0,0,0,1,0,0,0,0,0,0,0,0,0,0,0,1,0,0,0,0,1,0,0,0,0,0,0,0,0,0,0,0,0,0,0,0,0,0,0,0,0,0,0,0,0,0,0,0,0,0,0,0
251022-cd76bf5b-1772-4241-8550-60dd48864b12,こりまる。,108266073,14,3,4,29900,7475,12000,52,13,1,3,1,0,2,2,0,3,18000,6000,0,0,3,28,9.3,2,3,0,4,1,6,1,2,0,0,0,1,0,1,0,1,0,0,1,0,0,0,0,0,0,0,0,0,0,0,1,0,0,0,0,0,0,0,0,0,0,0,0,0,0,0,0,0,0,0,0,0,0,0,0,0,0,0,0,0,0,0,0,0,0,0,0
251022-cd76bf5b-1772-4241-8550-60dd48864b12,かんんちゃ,104219450,14,1,2,7900,3950,4000,20,10,1,1,1,0,1,3,0,2,6200,3100,0,0,0,0,,0,0,0,5,1,7,1,0,0,0,0,0,0,0,1,0,0,0,0,0,0,0,0,0,0,0,0,0,0,0,0,0,0,0,0,0,0,0,0,0,0,0,0,0,0,0,0,0,0,0,0,0,0,0,0,0,0,0,0,0,0,0,0,0,0,0,0
251022-cd76bf5b-1772-4241-8550-60dd48864b12,ねこぜ7272,106334717,14,2,2,7900,3950,4000,25,12.5,1,1,0,0,1,1,0,1,12000,12000,1,0,6,56,9.3,2,4,2,4,0,6,1,2,0,0,0,0,0,0,0,0,0,0,0,0,0,0,0,0,0,0,0,0,0,0,0,0,0,0,0,0,0,0,0,0,0,0,0,0,0,0,0,0,0,0,0,0,0,0,0,0,0,0,0,0,0,0,0,0,0,0,0
251023-3beebfe6-0bae-4ba6-ab9d-c6e850cfeb45,こりまる。,108266073,11,3,3,21700,7233,12000,30,10,2,1,1,0,0,4,0,0,0,,0,0,1,8,8,1,1,0,5,1,9,2,1,0,0,0,0,0,1,0,1,1,0,0,1,0,0,1,0,0,0,0,0,0,0,0,0,0,0,0,0,0,0,0,0,0,0,0,0,0,0,0,0,0,0,0,0,0,0,0,0,0,0,0,0,0,0,0,0,0,0,0
251023-3beebfe6-0bae-4ba6-ab9d-c6e850cfeb45,ルート12345,71218983,11,2,3,17500,5833,8000,31,10.3,2,1,0,0,0,2,1,1,7700,7700,0,0,1,10,10,1,1,0,2,2,2,1,1,0,0,0,0,1,0,1,0,1,0,0,0,0,0,0,0,0,0,0,0,0,0,0,0,1,0,0,0,0,0,0,0,0,0,0,0,0,0,0,0,0,0,0,0,0,0,0,0,0,0,0,0,0,0,0,0,0,0,0
251023-3beebfe6-0bae-4ba6-ab9d-c6e850cfeb45,nyontaro,69847195,11,1,2,11700,5850,7700,20,10,1,1,0,0,3,0,0,2,7300,3650,0,0,3,26,8.7,1,3,0,2,1,3,1,1,0,0,0,0,0,0,1,0,0,0,0,0,0,0,0,0,0,0,0,0,0,0,0,0,0,0,0,1,0,0,0,0,0,0,0,0,0,0,0,0,0,0,0,0,0,0,0,0,0,0,0,0,0,0,0,0,0,0,0
251023-3beebfe6-0bae-4ba6-ab9d-c6e850cfeb45,かんんちゃ,104219450,11,1,3,25700,8567,12000,40,13.3,3,0,0,0,2,2,1,0,0,,0,0,2,18,9,1,1,1,3,2,4,1,1,0,0,0,0,0,0,0,1,1,1,0,1,0,0,0,0,0,0,0,0,0,0,0,0,0,0,0,1,0,0,0,0,0,0,0,0,0,0,0,0,0,0,0,0,0,0,0,0,0,0,0,0,0,0,0,0,0,0,0
251024-be1124b5-27df-4ea7-b52d-e1d8e4f57454,kotetsu0422,68590027,14,2,3,10600,3533,5200,42,14,0,3,1,0,2,1,0,0,0,,0,0,0,0,,0,0,0,5,2,5,0,0,0,0,0,0,0,1,0,0,0,1,0,0,0,1,0,0,0,0,0,0,0,0,0,0,0,0,0,0,0,0,0,0,0,0,0,0,0,0,0,0,0,0,0,0,0,0,0,0,0,0,0,0,0,0,0,0,0,0,0
251024-be1124b5-27df-4ea7-b52d-e1d8e4f57454,Kasumisou,69812091,14,3,1,1500,1500,1500,9,9,1,0,0,0,0,0,0,3,10800,3600,1,0,3,38,12.7,0,2,1,5,1,5,0,0,0,0,0,0,1,0,0,0,0,0,0,0,0,0,0,0,0,0,0,0,0,0,0,0,0,0,0,0,0,0,0,0,0,0,0,0,0,0,0,0,0,0,0,0,0,0,0,0,0,0,0,0,0,0,0,0,0,0,0
251024-be1124b5-27df-4ea7-b52d-e1d8e4f57454,ルート12345,71218983,14,2,5,23500,4700,8000,65,13,2,3,0,0,0,4,1,0,0,,0,0,4,32,8,3,4,0,5,2,6,1,3,0,0,0,0,2,0,0,1,0,0,0,1,0,0,0,0,0,0,0,0,0,0,1,0,0,0,0,0,0,0,0,0,0,0,0,0,0,0,0,0,0,0,0,0,0,0,0,0,0,0,0,0,0,0,0,0,0,0,0
251024-be1124b5-27df-4ea7-b52d-e1d8e4f57454,nyontaro,69847195,14,3,2,13000,6500,11700,21,10.5,1,1,0,0,0,0,1,4,12700,3175,0,1,2,19,9.5,1,2,0,4,1,5,1,1,0,0,0,0,0,0,1,0,0,0,0,0,0,0,0,0,0,0,0,0,0,0,0,0,0,0,0,1,0,0,0,0,0,0,0,0,0,0,0,0,0,0,0,0,0,0,0,0,0,0,0,0,0,0,0,0,0,0,0
251024-b29e8a0d-285b-48f9-a3d5-9f078c2d1952,nyontaro,69847195,14,2,3,22200,7400,11600,28,9.3,0,3,0,0,2,1,0,4,20600,5150,2,1,5,53,10.6,2,4,1,3,1,4,0,2,0,0,0,0,1,0,1,0,0,1,0,1,0,0,0,0,0,0,0,0,0,0,0,0,0,0,0,1,0,0,0,0,0,0,0,0,0,0,0,0,0,0,0,0,0,0,0,0,0,0,0,0,0,0,0,0,0,0,0
251024-b29e8a0d-285b-48f9-a3d5-9f078c2d1952,ルート12345,71218983,14,3,5,24200,4840,9600,56,11.2,1,4,2,0,1,2,0,0,0,,0,0,3,29,9.7,2,1,2,2,1,4,1,2,0,0,0,0,1,0,1,0,0,0,0,1,0,0,1,0,0,0,0,0,0,0,1,0,0,0,0,0,0,0,0,0,0,0,0,0,0,0,0,0,0,0,0,0,0,0,0,0,0,0,0,0,0,0,0,0,0,0,0
251024-b29e8a0d-285b-48f9-a3d5-9f078c2d1952,閄くん,102172268,14,1,1,8000,8000,8000,15,15,0,1,0,0,1,0,2,7,43400,6200,2,0,3,25,8.3,1,2,1,5,0,7,0,1,0,0,0,0,0,0,0,0,0,1,0,0,0,0,0,0,0,0,0,0,0,0,0,0,0,0,0,0,0,0,0,0,0,0,0,0,0,0,0,0,0,0,0,0,0,0,0,0,0,0,0,0,0,0,0,0,0,0,0
251024-b29e8a0d-285b-48f9-a3d5-9f078c2d1952,あしだやよ,103448968,14,3,4,22200,5550,12000,49,12.3,1,3,0,0,2,1,2,0,0,,0,0,6,49,8.2,4,6,0,1,0,1,1,4,0,0,0,0,0,0,0,0,0,0,1,0,0,0,0,0,0,0,0,0,0,0,0,0,0,0,0,0,0,0,0,0,0,0,0,0,0,0,0,0,0,0,0,0,0,0,0,0,0,0,0,0,0,0,0,0,0,0,0
251024-be57d019-62a3-47b3-87f6-9c62ff85d2d4,クロミです,105506555,12,1,3,18000,6000,8000,45,15,0,3,1,0,3,1,2,1,2600,2600,0,0,1,6,6,1,1,0,2,1,4,0,1,0,0,0,0,0,1,1,0,0,1,0,1,0,0,0,0,0,0,0,0,0,0,0,0,0,0,0,0,0,0,0,0,0,0,0,0,0,0,0,0,0,0,0,0,0,0,0,0,0,0,0,0,0,0,0,0,0,0,0
251024-be57d019-62a3-47b3-87f6-9c62ff85d2d4,kotetsu0422,68590027,12,4,3,7900,2633,3900,30,10,1,2,0,0,1,0,1,2,5900,2950,1,0,3,30,10,2,1,2,4,1,6,0,2,0,0,0,0,0,0,0,0,0,1,0,0,0,0,0,0,0,0,0,0,0,0,0,0,0,0,0,0,0,0,0,0,0,0,0,0,0,0,0,0,0,0,0,0,0,0,0,0,0,0,0,0,0,0,0,0,0,0,0
251024-be57d019-62a3-47b3-87f6-9c62ff85d2d4,nyontaro,69847195,12,1,3,13000,4333,8000,28,9.3,2,1,1,0,1,1,0,1,3900,3900,0,0,3,27,9,1,2,1,3,1,3,2,1,0,0,0,0,0,0,1,0,0,0,0,1,0,0,0,0,0,0,0,0,0,0,0,0,1,0,0,0,0,0,0,0,0,0,0,0,0,0,0,0,0,0,0,0,0,0,0,0,0,0,0,0,0,0,0,0,0,0,0
251024-be57d019-62a3-47b3-87f6-9c62ff85d2d4,閄くん,102172268,12,2,2,8600,4300,6000,25,12.5,1,1,0,0,0,2,0,3,18000,6000,1,0,2,14,7,1,2,0,5,1,8,1,1,0,0,0,0,0,0,1,0,0,0,0,0,0,0,0,0,0,0,0,0,0,0,0,0,0,0,0,0,0,0,0,0,0,0,0,0,0,0,0,0,0,0,0,0,0,0,0,0,0,0,0,0,0,0,0,0,0,0,0
251025-fa3258d5-930b-4066-a72e-693b8d0b328f,ルート12345,71218983,15,5,7,44800,6400,18000,72,10.3,4,3,1,0,2,3,3,0,0,,0,0,5,38,7.6,4,3,2,5,2,5,4,4,0,0,0,0,1,0,0,0,0,2,0,4,0,0,0,0,0,0,0,0,0,0,0,0,0,0,0,0,0,0,0,0,0,0,0,0,0,0,0,0,0,0,0,0,0,0,0,0,0,0,0,0,0,0,0,0,0,0,0
251025-fa3258d5-930b-4066-a72e-693b8d0b328f,ローレメット,101983652,15,2,2,3500,1750,2000,21,10.5,0,2,0,0,1,0,0,5,35600,7120,1,0,3,24,8,0,3,0,7,2,13,0,0,0,0,0,0,1,0,0,1,0,0,0,0,0,0,0,0,0,0,0,0,0,0,0,0,0,0,0,0,0,0,0,0,0,0,0,0,0,0,0,0,0,0,0,0,0,0,0,0,0,0,0,0,0,0,0,0,0,0,0
251025-fa3258d5-930b-4066-a72e-693b8d0b328f,クロミです,105506555,15,1,1,2700,2700,2700,12,12,1,0,0,0,0,0,0,1,1500,1500,0,0,1,9,9,1,1,0,5,0,10,1,1,0,0,0,0,0,0,0,0,0,0,0,1,0,0,0,0,0,0,0,0,0,0,0,0,0,0,0,0,0,0,0,0,0,0,0,0,0,0,0,0,0,0,0,0,0,0,0,0,0,0,0,0,0,0,0,0,0,0,0
251025-fa3258d5-930b-4066-a72e-693b8d0b328f,ちたーふ,68331919,15,3,4,33200,8300,12000,48,12,2,2,0,0,2,2,1,1,2000,2000,0,1,4,30,7.5,3,3,1,6,1,11,2,3,0,0,0,0,0,1,0,0,1,0,0,1,1,0,1,0,0,0,0,0,0,0,0,0,1,0,0,0,0,0,0,0,0,0,0,0,0,0,0,0,0,0,0,0,0,0,0,0,0,0,0,0,0,0,0,0,0,0,0
251025-60e8a522-c83a-4eca-8859-9e30f6fa6a2e,ローレメット,101983652,14,3,1,1500,1500,1500,14,14,0,1,0,0,0,0,0,3,15900,5300,0,0,4,36,9,0,4,0,6,1,7,0,0,0,0,0,0,0,1,0,0,0,0,0,0,0,0,0,0,0,0,0,0,0,0,0,0,0,0,0,0,0,0,0,0,0,0,0,0,0,0,0,0,0,0,0,0,0,0,0,0,0,0,0,0,0,0,0,0,0,0,0
251025-60e8a522-c83a-4eca-8859-9e30f6fa6a2e,ルート12345,71218983,14,4,6,21400,3567,12000,73,12.2,3,3,0,0,2,1,1,0,0,,0,0,2,14,7,1,2,0,8,5,15,1,1,0,0,0,0,0,0,1,1,1,2,0,0,0,0,0,0,0,0,0,0,0,0,0,1,0,0,0,0,0,0,0,0,0,0,0,0,0,0,0,0,0,0,0,0,0,0,0,0,0,0,0,0,0,0,0,0,0,0,0
251025-60e8a522-c83a-4eca-8859-9e30f6fa6a2e,ちたーふ,68331919,14,1,0,0,,,0,,0,0,0,0,0,0,0,2,9500,4750,2,0,3,31,10.3,0,2,1,2,0,4,0,0,0,0,0,0,0,0,0,0,0,0,0,0,0,0,0,0,0,0,0,0,0,0,0,0,0,0,0,0,0,0,0,0,0,0,0,0,0,0,0,0,0,0,0,0,0,0,0,0,0,0,0,0,0,0,0,0,0,0,0
251025-60e8a522-c83a-4eca-8859-9e30f6fa6a2e,クロミです,105506555,14,1,4,32000,8000,12000,55,13.8,2,2,0,0,8,2,0,1,1500,1500,1,0,4,38,9.5,3,3,1,3,1,6,1,3,0,0,0,0,0,1,0,0,0,0,0,1,0,0,0,0,0,0,0,0,0,0,0,0,0,0,0,1,0,0,0,0,0,0,0,0,0,0,0,0,0,0,0,0,0,0,0,0,0,0,0,0,0,0,0,0,0,0,0
251025-9f4fdcb8-f06f-4140-b415-e8c262f7790d,梦咲楓,106587057,11,2,2,14300,7150,11700,12,6,1,1,0,0,2,0,0,2,3000,1500,0,0,3,19,6.3,2,3,0,0,0,0,1,2,0,0,0,0,0,0,0,0,0,0,0,0,0,0,0,0,0,0,0,0,0,0,0,0,0,0,0,1,0,0,0,0,0,0,0,0,0,0,0,0,0,0,0,0,0,0,0,0,0,0,0,0,0,0,0,0,0,0,0
251025-9f4fdcb8-f06f-4140-b415-e8c262f7790d,閄くん,102172268,11,2,4,8600,2150,3900,59,14.8,2,2,0,0,1,0,0,3,11600,3867,0,0,1,8,8,0,0,1,6,4,10,0,0,0,0,0,0,0,1,2,1,0,1,0,0,0,0,0,0,0,0,0,0,0,0,0,0,0,0,0,0,0,0,0,0,0,0,0,0,0,0,0,0,0,0,0,0,0,0,0,0,0,0,0,0,0,0,0,0,0,0,0
251025-9f4fdcb8-f06f-4140-b415-e8c262f7790d,ちたーふ,68331919,11,2,2,9800,4900,7800,22,11,1,1,0,0,0,1,0,0,0,,0,0,2,18,9,1,2,0,3,1,5,1,1,0,0,0,0,0,1,0,0,0,0,0,1,0,0,0,0,0,0,0,0,0,0,0,0,0,0,0,1,0,0,0,0,0,0,0,0,0,0,0,0,0,0,0,0,0,0,0,0,0,0,0,0,0,0,0,0,0,0,0
251025-9f4fdcb8-f06f-4140-b415-e8c262f7790d,クロミです,105506555,11,1,2,9000,4500,8000,24,12,0,2,0,0,0,1,2,1,1000,1000,0,0,4,35,8.8,1,3,1,4,1,6,0,1,0,0,0,0,0,0,0,1,0,0,0,1,0,0,0,0,0,0,0,0,0,0,0,0,0,0,0,0,0,0,0,0,0,0,0,0,0,0,0,0,0,0,0,0,0,0,0,0,0,0,0,0,0,0,0,0,0,0,0
251025-f62be497-3100-40f4-b26c-e91ae8cff197,梦咲楓,106587057,16,6,4,37600,9400,12000,47,11.8,0,4,0,0,3,5,1,0,0,,0,0,2,23,11.5,2,1,1,4,2,7,0,2,0,0,0,0,0,1,0,0,1,2,0,1,0,0,0,0,0,0,0,0,0,0,0,0,0,0,0,0,0,0,0,0,0,0,0,0,0,0,0,0,0,0,0,0,0,0,0,0,0,0,0,0,0,0,0,0,0,0,0
251025-f62be497-3100-40f4-b26c-e91ae8cff197,閄くん,102172268,16,1,2,14000,7000,12000,19,9.5,1,1,0,0,0,1,0,4,28900,7225,0,0,1,11,11,0,0,1,9,2,15,0,0,0,0,0,0,1,1,0,0,0,1,0,0,0,0,0,0,0,0,0,0,1,0,0,0,1,0,0,0,0,0,0,0,0,0,0,0,0,0,0,0,0,0,0,0,0,0,0,0,0,0,0,0,0,0,0,0,0,0,0
251025-f62be497-3100-40f4-b26c-e91ae8cff197,ちたーふ,68331919,16,1,0,0,,,0,,0,0,0,0,0,0,0,1,2600,2600,1,0,3,23,7.7,0,2,1,3,0,6,0,0,0,0,0,0,0,0,0,0,0,0,0,0,0,0,0,0,0,0,0,0,0,0,0,0,0,0,0,0,0,0,0,0,0,0,0,0,0,0,0,0,0,0,0,0,0,0,0,0,0,0,0,0,0,0,0,0,0,0,0
251025-f62be497-3100-40f4-b26c-e91ae8cff197,クロミです,105506555,16,4,7,41200,5886,16000,97,13.9,5,2,1,0,3,3,2,2,13600,6800,0,0,6,64,10.7,4,5,1,3,2,5,4,4,0,0,0,0,1,0,1,2,0,1,1,1,0,0,0,0,0,0,0,0,0,0,0,0,0,0,0,1,0,0,0,0,0,0,0,0,0,0,0,0,0,0,0,0,0,0,0,0,0,0,0,0,0,0,0,0,0,0,0
251026-48b11a5d-ed27-4399-b67b-a93c011cac56,ちたーふ,68331919,11,1,3,18100,6033,7700,34,11.3,1,2,0,0,1,4,0,0,0,,0,0,2,15,7.5,2,2,0,3,1,3,1,2,0,0,0,0,0,0,0,1,0,0,0,1,0,0,0,0,0,0,0,0,0,0,0,0,0,0,0,0,0,0,0,0,0,0,0,0,0,0,0,0,0,0,0,0,0,0,0,0,0,0,0,0,0,0,0,0,0,0,0
251026-48b11a5d-ed27-4399-b67b-a93c011cac56,Kasumisou,69812091,11,4,5,39700,7940,16000,56,11.2,2,3,1,0,2,2,3,1,3900,3900,0,0,4,36,9,3,3,1,3,1,5,2,3,0,0,0,0,0,0,0,0,0,1,0,1,0,1,0,0,0,0,0,0,0,0,1,0,1,0,0,1,0,0,0,0,0,0,0,0,0,0,0,0,0,0,0,0,0,0,0,0,0,0,0,0,0,0,0,0,0,0,0
251026-48b11a5d-ed27-4399-b67b-a93c011cac56,ひつじ04,69255735,11,1,1,3900,3900,3900,8,8,0,1,0,0,0,2,0,4,22400,5600,1,0,3,28,9.3,0,1,2,5,1,8,0,0,0,0,0,0,1,0,0,0,0,0,0,0,0,0,0,0,0,0,0,0,0,0,0,0,0,0,0,0,0,0,0,0,0,0,0,0,0,0,0,0,0,0,0,0,0,0,0,0,0,0,0,0,0,0,0,0,0,0,0
251026-48b11a5d-ed27-4399-b67b-a93c011cac56,クロミです,105506555,11,1,0,0,,,0,,0,0,0,0,0,0,0,1,6400,6400,0,0,2,18,9,0,1,1,0,0,0,0,0,0,0,0,0,0,0,0,0,0,0,0,0,0,0,0,0,0,0,0,0,0,0,0,0,0,0,0,0,0,0,0,0,0,0,0,0,0,0,0,0,0,0,0,0,0,0,0,0,0,0,0,0,0,0,0,0,0,0,0
251026-5c1ed93d-75db-4d32-ad28-952dbe0899a7,nyontaro,69847195,10,1,2,10600,5300,8000,26,13,1,1,0,0,0,2,0,0,0,,0,0,3,22,7.3,1,2,1,2,1,5,1,1,0,0,0,0,1,0,0,0,1,0,0,1,0,0,0,0,0,0,0,0,0,0,0,0,0,0,0,0,0,0,0,0,0,0,0,0,0,0,0,0,0,0,0,0,0,0,0,0,0,0,0,0,0,0,0,0,0,0,0
251026-5c1ed93d-75db-4d32-ad28-952dbe0899a7,ちたーふ,68331919,10,1,3,32600,10867,18000,40,13.3,1,2,0,0,6,4,1,0,0,,0,0,5,52,10.4,2,5,0,3,1,6,1,2,0,0,0,0,0,0,0,0,0,1,0,0,0,0,0,0,0,0,0,0,0,0,0,0,0,0,0,0,0,0,0,0,0,0,0,0,0,0,0,0,0,0,0,0,0,0,0,0,0,0,0,0,0,0,0,0,0,0,0
251026-5c1ed93d-75db-4d32-ad28-952dbe0899a7,閄くん,102172268,10,1,3,25900,8633,16000,46,15.3,2,1,0,0,2,3,2,3,35200,11733,0,0,2,16,8,2,1,1,6,1,7,2,2,0,0,0,0,0,0,0,0,0,1,0,0,0,0,1,0,0,0,0,0,0,0,0,0,0,0,0,0,0,0,0,0,0,0,0,0,0,0,0,0,0,0,0,0,0,0,0,0,0,0,0,0,0,0,0,0,0,0,0
251026-5c1ed93d-75db-4d32-ad28-952dbe0899a7,梦咲楓,106587057,10,1,2,20000,10000,12000,28,14,1,1,1,0,1,1,1,1,2000,2000,0,0,2,16,8,1,1,1,0,0,0,1,1,0,0,0,1,0,0,0,0,0,1,0,2,0,0,1,0,0,0,0,0,0,0,0,0,0,0,0,0,0,0,0,0,0,0,0,0,0,0,0,0,0,0,0,0,0,0,0,0,0,0,0,0,0,0,0,0,0,0,0
251027-12d9c579-ca3d-4c4b-8ca8-ffdca6e5c278,琴音04,101333044,16,2,2,4900,2450,3900,27,13.5,0,2,0,0,0,1,0,1,1000,1000,0,0,2,17,8.5,1,2,0,4,1,4,0,1,0,0,0,0,0,0,0,0,0,1,0,0,0,0,0,0,0,0,0,0,0,0,0,0,0,0,0,0,0,0,0,0,0,0,0,0,0,0,0,0,0,0,0,0,0,0,0,0,0,0,0,0,0,0,0,0,0,0,0
251027-12d9c579-ca3d-4c4b-8ca8-ffdca6e5c278,梦咲楓,106587057,16,5,2,29600,14800,18000,26,13,1,1,0,0,2,2,0,1,2900,2900,0,0,3,33,11,2,2,1,0,0,0,1,2,0,0,0,0,0,0,0,0,0,0,0,2,0,0,1,0,0,0,0,0,0,0,0,0,0,0,0,0,0,0,0,0,0,0,0,0,0,0,0,0,0,0,0,0,0,0,0,0,0,0,0,0,0,0,0,0,0,0,0
251027-12d9c579-ca3d-4c4b-8ca8-ffdca6e5c278,閄くん,102172268,16,4,5,13000,2600,3900,61,12.2,0,5,0,0,2,1,0,2,11900,5950,1,0,4,36,9,0,2,2,9,5,15,0,0,0,0,0,0,2,0,0,0,0,1,0,0,1,0,1,0,0,0,1,0,0,0,0,0,0,0,0,0,0,0,0,0,0,0,0,0,0,0,0,0,0,0,0,0,0,0,0,0,0,0,0,0,0,0,0,0,0,0,0
251027-12d9c579-ca3d-4c4b-8ca8-ffdca6e5c278,ちたーふ,68331919,16,1,2,12000,6000,8000,29,14.5,1,1,0,0,1,1,0,5,21700,4340,2,0,7,73,10.4,2,6,1,4,0,7,1,2,0,0,0,0,0,0,0,0,0,1,0,0,0,0,0,0,0,0,0,0,0,0,0,0,0,0,0,1,0,0,0,0,0,0,0,0,0,0,0,0,0,0,0,0,0,0,0,0,0,0,0,0,0,0,0,0,0,0,0
251027-8d246328-9f50-437d-b49c-96ea0c7f9726,あしだやよ,103448968,11,1,1,12000,12000,12000,9,9,1,0,0,0,0,2,0,4,22500,5625,1,0,3,29,9.7,1,2,1,0,0,0,1,1,0,0,0,0,0,0,0,0,0,0,0,1,0,0,0,0,0,0,0,0,0,0,0,0,0,0,0,1,0,0,0,0,0,0,0,0,0,0,0,0,0,0,0,0,0,0,0,0,0,0,0,0,0,0,0,0,0,0,0
251027-8d246328-9f50-437d-b49c-96ea0c7f9726,kotetsu0422,68590027,11,1,2,10300,5150,7700,25,12.5,0,2,0,0,3,1,0,0,0,,0,0,2,19,9.5,0,0,2,3,2,5,0,0,0,0,0,0,0,0,0,1,0,1,0,0,0,0,0,0,0,0,0,0,0,0,0,0,0,0,0,0,0,0,0,0,0,0,0,0,0,0,0,0,0,0,0,0,0,0,0,0,0,0,0,0,0,0,0,0,0,0,0
251027-8d246328-9f50-437d-b49c-96ea0c7f9726,ほかほか亭白米,107968426,11,3,4,22500,5625,8000,46,11.5,0,4,0,0,0,1,3,3,18000,6000,0,0,3,32,10.7,3,1,2,6,1,9,0,3,0,0,0,0,0,0,1,0,0,0,0,2,0,0,0,0,0,0,0,0,0,0,0,0,0,0,0,2,0,0,0,0,0,0,0,0,0,0,0,0,0,0,0,0,0,0,0,0,0,0,0,0,0,0,0,0,0,0,0
251027-8d246328-9f50-437d-b49c-96ea0c7f9726,ルート12345,71218983,11,2,2,15400,7700,7700,27,13.5,0,2,0,0,3,1,0,1,7700,7700,1,0,5,48,9.6,1,5,0,1,1,1,0,1,0,0,0,0,0,0,0,0,0,1,0,1,0,0,1,0,0,0,0,0,0,0,0,0,0,0,0,0,0,0,0,0,0,0,0,0,0,0,0,0,0,0,0,0,0,0,0,0,0,0,0,0,0,0,0,0,0,0,0
251027-2249f544-57c6-4e34-8045-4a841af752d5,梦咲楓,106587057,9,1,1,12000,12000,12000,9,9,0,1,0,0,3,2,0,1,2900,2900,1,0,2,20,10,0,2,0,2,1,3,0,0,0,0,0,0,0,0,0,0,0,1,0,0,0,0,0,0,0,0,0,0,0,0,0,0,0,0,0,0,0,0,0,0,0,0,0,0,0,0,0,0,0,0,0,0,0,0,0,0,0,0,0,0,0,0,0,0,0,0,0
251027-2249f544-57c6-4e34-8045-4a841af752d5,ルート12345,71218983,9,1,3,22000,7333,16000,39,13,2,1,0,0,2,1,3,0,0,,0,0,5,37,7.4,2,4,1,2,1,3,2,2,0,0,0,0,0,0,0,1,1,0,0,1,0,0,0,0,0,0,0,0,0,0,0,0,0,0,0,0,0,0,0,0,0,0,0,0,0,0,0,0,0,0,0,0,0,0,0,0,0,0,0,0,0,0,0,0,0,0,0
251027-2249f544-57c6-4e34-8045-4a841af752d5,ほかほか亭白米,107968426,9,1,2,9000,4500,8000,17,8.5,1,1,0,0,0,1,1,1,2600,2600,0,0,1,4,4,1,1,0,1,1,2,1,1,0,0,0,0,1,1,0,0,0,0,0,0,0,0,0,0,0,0,0,0,0,0,0,0,0,0,0,0,0,0,0,0,0,0,0,0,0,0,0,0,0,0,0,0,0,0,0,0,0,0,0,0,0,0,0,0,0,0,0
251027-2249f544-57c6-4e34-8045-4a841af752d5,閄くん,102172268,9,2,3,10700,3567,5200,37,12.3,1,2,0,0,1,2,0,3,15000,5000,2,0,4,35,8.8,2,2,2,3,1,4,1,2,0,0,0,0,0,0,0,0,0,1,0,1,0,0,0,0,0,0,0,0,0,0,0,0,0,0,0,0,0,0,0,0,0,0,0,0,0,0,0,0,0,0,0,0,0,0,0,0,0,0,0,0,0,0,0,0,0,0,0
251028-f0b4c425-c7fc-42ea-9ecd-b422b3201705,きょーか8,69157106,11,2,2,10100,5050,8000,23,11.5,1,1,0,0,1,1,1,2,7200,3600,1,0,2,17,8.5,1,2,0,1,1,1,0,1,0,0,0,0,0,0,0,1,0,0,0,0,0,0,0,0,0,0,0,0,0,0,0,0,0,0,0,0,0,0,0,0,0,0,0,0,0,0,0,0,0,0,0,0,0,0,0,0,0,0,0,0,0,0,0,0,0,0,0
251028-f0b4c425-c7fc-42ea-9ecd-b422b3201705,かんんちゃ,104219450,11,1,3,20900,6967,8000,29,9.7,1,2,0,0,4,2,1,1,2600,2600,0,0,2,9,4.5,2,2,0,2,1,2,1,2,0,0,0,0,0,1,0,0,0,0,0,0,0,0,0,0,0,0,0,0,0,0,0,0,0,0,0,1,0,0,0,0,0,0,0,0,0,0,0,0,0,0,0,0,0,0,0,0,0,0,0,0,0,0,0,0,0,0,0
251028-f0b4c425-c7fc-42ea-9ecd-b422b3201705,ルート12345,71218983,11,2,3,16700,5567,11700,39,13,2,1,0,0,0,3,0,1,7700,7700,0,0,1,7,7,1,1,0,6,2,8,1,1,0,0,0,0,0,0,0,1,1,0,1,0,0,0,0,0,0,0,0,0,0,0,0,0,0,0,0,0,0,0,0,0,0,0,0,0,0,0,0,0,0,0,0,0,0,0,0,0,0,0,0,0,0,0,0,0,0,0,0
251028-f0b4c425-c7fc-42ea-9ecd-b422b3201705,閄くん,102172268,11,1,2,4600,2300,2600,22,11,1,1,0,0,0,1,0,1,8000,8000,0,0,4,29,7.3,1,2,2,2,1,2,0,1,0,0,0,0,0,1,0,0,0,1,0,0,0,0,0,0,0,0,0,0,0,0,0,0,0,0,0,0,0,0,0,0,0,0,0,0,0,0,0,0,0,0,0,0,0,0,0,0,0,0,0,0,0,0,0,0,0,0,0
251028-56c61be5-821f-4c82-9421-a661a4c9bf59,ちたーふ,68331919,9,1,3,11700,3900,5200,37,12.3,0,3,0,0,3,1,0,1,8000,8000,0,0,3,22,7.3,3,2,1,1,0,1,0,3,0,0,0,0,0,0,0,0,0,0,0,1,0,0,0,0,0,0,0,0,0,0,0,0,0,0,0,0,0,0,0,0,0,0,0,0,0,0,0,0,0,0,0,0,0,0,0,0,0,0,0,0,0,0,0,0,0,0,0
251028-56c61be5-821f-4c82-9421-a661a4c9bf59,nyontaro,69847195,9,1,1,8000,8000,8000,14,14,0,1,1,0,2,1,0,2,7800,3900,1,0,1,11,11,0,0,1,1,0,1,0,0,0,0,0,0,0,0,0,0,0,0,1,1,0,0,0,0,0,0,0,0,0,0,0,0,0,0,0,0,0,0,0,0,0,0,0,0,0,0,0,0,0,0,0,0,0,0,0,0,0,0,0,0,0,0,0,0,0,0,0
251028-56c61be5-821f-4c82-9421-a661a4c9bf59,【くぅー】,100883086,9,1,1,12000,12000,12000,12,12,1,0,0,0,1,1,0,3,7800,2600,0,1,1,10,10,1,1,0,2,0,3,1,1,0,0,0,0,0,0,0,0,0,0,1,1,0,0,0,0,0,0,0,0,0,0,0,0,0,0,0,0,0,0,0,0,0,0,0,0,0,0,0,0,0,0,0,0,0,0,0,0,0,0,0,0,0,0,0,0,0,0,0
251028-56c61be5-821f-4c82-9421-a661a4c9bf59,エンズヴィル,104021625,9,2,4,13200,3300,7800,44,11,2,2,0,0,0,1,0,0,0,,0,0,2,14,7,1,2,0,4,3,7,1,1,0,0,0,0,0,0,1,0,1,1,1,1,0,0,0,0,0,0,0,0,0,0,0,0,0,0,0,0,0,0,0,0,0,0,0,0,0,0,0,0,0,0,0,0,0,0,0,0,0,0,0,0,0,0,0,0,0,0,0
251028-7ea13350-21ae-4877-8b54-ea2e11f942de,かんんちゃ,104219450,9,2,3,32000,10667,12000,43,14.3,0,3,0,0,3,1,2,1,2600,2600,1,0,4,37,9.3,3,3,1,2,0,2,0,3,0,0,0,0,0,0,0,0,1,0,0,0,0,1,0,0,0,0,0,0,0,0,0,0,1,0,0,0,0,0,0,0,0,0,0,0,0,0,0,0,0,0,0,0,0,0,0,0,0,0,0,0,0,0,0,0,0,0,0
251028-7ea13350-21ae-4877-8b54-ea2e11f942de,閄くん,102172268,9,1,1,5200,5200,5200,18,18,0,1,0,0,0,0,0,4,33300,8325,0,1,0,0,,0,0,0,5,1,6,0,0,0,0,0,0,0,0,0,1,0,0,0,0,0,0,0,0,0,0,1,0,0,0,0,0,0,0,0,0,0,0,0,0,0,0,0,0,0,0,0,0,0,0,0,0,0,0,0,0,0,0,0,0,0,0,0,0,0,0,0
251028-7ea13350-21ae-4877-8b54-ea2e11f942de,kotetsu0422,68590027,9,1,3,5000,1667,2600,26,8.7,1,2,1,0,0,0,1,2,12900,6450,1,0,3,24,8,2,3,0,1,0,2,1,2,0,0,0,0,0,0,0,0,0,0,0,0,0,0,0,0,0,0,0,0,0,0,0,0,0,0,0,0,0,0,0,0,0,0,0,0,0,0,0,0,0,0,0,0,0,0,0,0,0,0,0,0,0,0,0,0,0,0,0
251028-7ea13350-21ae-4877-8b54-ea2e11f942de,ルート12345,71218983,9,1,1,7700,7700,7700,13,13,0,1,0,0,3,0,0,0,0,,0,0,0,0,,0,0,0,1,1,2,0,0,0,0,0,0,1,0,0,0,0,0,0,0,0,0,0,0,0,0,0,0,0,0,0,0,0,0,0,0,0,0,0,0,0,0,0,0,0,0,0,0,0,0,0,0,0,0,0,0,0,0,0,0,0,0,0,0,0,0,0
251028-30104361-e098-4ac9-a1d1-c995ccca56bd,きょーか8,69157106,9,1,1,7900,7900,7900,16,16,1,0,0,0,0,1,1,0,0,,0,0,2,17,8.5,1,2,0,2,0,3,1,1,0,0,0,0,0,0,0,0,0,0,0,0,0,0,0,0,0,0,0,0,0,0,0,0,0,0,0,0,0,0,0,0,0,0,0,0,0,0,0,0,0,0,0,0,0,0,0,0,0,0,0,0,0,0,0,0,0,0,0
251028-30104361-e098-4ac9-a1d1-c995ccca56bd,閄くん,102172268,9,2,2,10000,5000,8000,21,10.5,1,1,0,0,0,2,0,0,0,,0,0,1,10,10,0,1,0,5,2,8,0,0,0,0,0,0,0,1,1,0,0,0,0,0,0,0,0,0,0,0,1,0,0,0,0,0,0,0,0,0,0,0,0,0,0,0,0,0,0,0,0,0,0,0,0,0,0,0,0,0,0,0,0,0,0,0,0,0,0,0,0
251028-30104361-e098-4ac9-a1d1-c995ccca56bd,ルート12345,71218983,9,1,0,0,,,0,,0,0,0,0,0,0,0,1,2000,2000,0,0,0,0,,0,0,0,3,0,4,0,0,0,0,0,0,0,0,0,0,0,0,0,0,0,0,0,0,0,0,0,0,0,0,0,0,0,0,0,0,0,0,0,0,0,0,0,0,0,0,0,0,0,0,0,0,0,0,0,0,0,0,0,0,0,0,0,0,0,0,0
251028-30104361-e098-4ac9-a1d1-c995ccca56bd,kotetsu0422,68590027,9,1,2,5200,2600,3200,20,10,1,1,1,0,0,0,0,1,8000,8000,0,0,1,11,11,0,1,0,2,1,3,1,0,0,0,0,0,0,0,0,0,0,0,0,0,0,0,0,0,0,0,0,0,0,0,1,0,1,0,0,0,0,0,0,0,0,0,0,0,0,0,0,0,0,0,0,0,0,0,0,0,0,0,0,0,0,0,0,0,0,0,0
251028-1dd46d71-cd48-471d-af4b-ef2f50185533,kotetsu0422,68590027,11,1,1,12000,12000,12000,11,11,1,0,0,0,0,1,1,2,6500,3250,1,0,2,20,10,1,0,2,1,0,1,1,1,0,0,0,0,0,0,0,0,0,1,0,1,0,0,0,0,0,0,0,0,0,0,0,0,0,0,0,1,0,0,0,0,0,0,0,0,0,0,0,0,0,0,0,0,0,0,0,0,0,0,0,0,0,0,0,0,0,0,0
251028-1dd46d71-cd48-471d-af4b-ef2f50185533,閄くん,102172268,11,2,2,23200,11600,18000,14,7,0,2,0,0,3,0,2,1,3900,3900,0,0,3,15,5,2,2,1,7,0,9,0,2,0,0,0,0,0,0,0,0,0,0,0,0,0,0,0,0,0,0,0,0,0,0,1,0,0,0,0,1,0,0,0,0,0,0,0,0,0,0,0,0,0,0,0,0,0,0,0,0,0,0,0,0,0,0,0,0,0,0,0
251028-1dd46d71-cd48-471d-af4b-ef2f50185533,ルート12345,71218983,11,2,0,0,,,0,,0,0,0,0,0,0,0,2,20600,10300,0,0,1,6,6,0,1,0,3,0,6,0,0,0,0,0,0,0,0,0,0,0,0,0,0,0,0,0,0,0,0,0,0,0,0,0,0,0,0,0,0,0,0,0,0,0,0,0,0,0,0,0,0,0,0,0,0,0,0,0,0,0,0,0,0,0,0,0,0,0,0,0
251028-1dd46d71-cd48-471d-af4b-ef2f50185533,きょーか8,69157106,11,2,6,22100,3683,5200,70,11.7,2,4,0,0,3,0,0,1,5200,5200,0,0,6,47,7.8,5,6,0,1,1,2,2,5,0,0,0,0,0,0,0,1,1,1,1,3,0,0,0,0,0,0,0,0,0,0,0,0,0,0,0,0,0,0,0,0,0,0,0,0,0,0,0,0,0,0,0,0,0,0,0,0,0,0,0,0,0,0,0,0,0,0,0
251029-8b4162af-1d9e-49c5-af07-3c26e5881cae,かんんちゃ,104219450,9,1,1,16000,16000,16000,18,18,0,1,0,0,4,1,0,0,0,,0,0,0,0,,0,0,0,3,1,4,0,0,0,0,0,0,0,0,1,0,0,0,0,0,0,0,0,0,0,0,0,0,0,0,0,0,1,0,0,0,0,0,0,0,0,0,0,0,0,0,0,0,0,0,0,0,0,0,0,0,0,0,0,0,0,0,0,0,0,0,0
251029-8b4162af-1d9e-49c5-af07-3c26e5881cae,閄くん,102172268,9,2,4,14000,3500,8000,57,14.3,2,2,0,0,1,1,1,2,9000,4500,0,0,1,8,8,1,1,0,6,3,8,1,1,0,0,0,0,0,0,1,0,0,2,0,0,0,1,0,0,0,0,0,0,0,0,0,0,0,0,0,0,0,0,0,0,0,0,0,0,0,0,0,0,0,0,0,0,0,0,0,0,0,0,0,0,0,0,0,0,0,0,0
251029-8b4162af-1d9e-49c5-af07-3c26e5881cae,クロミです,105506555,9,1,0,0,,,0,,0,0,0,0,0,0,0,3,30900,10300,1,0,1,14,14,0,1,0,3,0,6,0,0,0,0,0,0,0,0,0,0,0,0,0,0,0,0,0,0,0,0,0,0,0,0,0,0,0,0,0,0,0,0,0,0,0,0,0,0,0,0,0,0,0,0,0,0,0,0,0,0,0,0,0,0,0,0,0,0,0,0,0
251029-8b4162af-1d9e-49c5-af07-3c26e5881cae,ちたーふ,68331919,9,1,4,23000,5750,12000,42,10.5,1,3,1,0,0,3,0,1,2000,2000,1,0,3,28,9.3,2,3,0,1,1,2,1,2,0,0,0,0,0,0,1,0,1,1,0,0,0,0,0,0,0,0,1,0,0,0,0,0,0,0,0,0,0,0,0,0,0,0,0,0,0,0,0,0,0,0,0,0,0,0,0,0,0,0,0,0,0,0,0,0,0,0,0
251029-1b1899e5-6fe2-438e-b599-df52997c1189,クロミです,105506555,11,1,1,12000,12000,12000,16,16,0,1,0,0,3,1,0,4,13300,3325,1,1,1,12,12,0,0,1,1,1,3,0,0,1,0,0,0,0,0,0,0,0,1,0,0,0,0,0,0,0,0,0,0,0,0,0,0,0,0,0,0,0,0,0,0,0,0,0,0,0,0,0,0,0,0,0,0,0,0,0,0,0,0,0,0,0,0,0,0,0,0,0
251029-1b1899e5-6fe2-438e-b599-df52997c1189,かんんちゃ,104219450,11,1,2,9000,4500,8000,15,7.5,1,1,0,0,0,1,0,0,0,,0,0,0,0,,0,0,0,3,2,4,0,0,0,0,0,0,0,1,0,1,2,0,0,0,0,0,0,0,0,0,0,0,0,0,0,0,0,0,0,0,0,0,0,0,0,0,0,0,0,0,0,0,0,0,0,0,0,0,0,0,0,0,0,0,0,0,0,0,0,0,0
251029-1b1899e5-6fe2-438e-b599-df52997c1189,ちたーふ,68331919,11,4,4,16500,4125,7700,53,13.3,1,3,0,0,4,1,0,2,13000,6500,0,0,3,35,11.7,1,2,1,6,3,10,0,1,0,0,0,0,0,0,1,1,0,1,0,0,0,0,0,0,0,0,0,0,0,0,0,0,0,0,0,0,0,0,0,0,0,0,0,0,0,0,0,0,0,0,0,0,0,0,0,0,0,0,0,0,0,0,0,0,0,0,0
251029-1b1899e5-6fe2-438e-b599-df52997c1189,閄くん,102172268,11,1,3,18500,6167,12000,35,11.7,1,2,0,0,1,1,2,1,7700,7700,0,0,4,34,8.5,3,3,1,2,0,3,1,3,0,0,0,0,0,0,0,0,0,0,1,0,0,0,0,0,0,0,0,0,0,0,0,0,0,0,0,1,0,0,0,0,0,0,0,0,0,0,0,0,0,0,0,0,0,0,0,0,0,0,0,0,0,0,0,0,0,0,0
251029-92ca5b07-8177-4dfa-bb5f-675357f6ccfb,kotetsu0422,68590027,9,1,1,3900,3900,3900,11,11,0,1,0,0,0,0,1,1,5200,5200,0,0,1,5,5,1,1,0,0,0,0,0,1,0,0,0,0,0,0,0,0,0,0,0,1,0,0,0,0,0,0,0,0,0,0,0,0,0,0,0,0,0,0,0,0,0,0,0,0,0,0,0,0,0,0,0,0,0,0,0,0,0,0,0,0,0,0,0,0,0,0,0
251029-92ca5b07-8177-4dfa-bb5f-675357f6ccfb,かんんちゃ,104219450,9,1,1,4000,4000,4000,13,13,1,0,0,0,1,0,0,1,3900,3900,0,0,2,18,9,1,2,0,1,0,1,1,1,0,0,0,0,0,0,0,0,0,0,0,0,0,0,0,0,0,0,0,0,0,0,0,0,0,0,0,0,0,0,0,0,0,0,0,0,0,0,0,0,0,0,0,0,0,0,0,0,0,0,0,0,0,0,0,0,0,0,0
251029-92ca5b07-8177-4dfa-bb5f-675357f6ccfb,閄くん,102172268,9,2,3,18700,6233,12000,26,8.7,2,1,0,0,0,1,0,0,0,,0,0,4,34,8.5,2,2,2,2,1,3,1,2,0,0,0,0,1,0,0,1,1,1,0,0,0,0,0,0,0,0,0,0,0,0,0,0,0,0,0,1,0,0,0,0,0,0,0,0,0,0,0,0,0,0,0,0,0,0,0,0,0,0,0,0,0,0,0,0,0,0,0
251029-92ca5b07-8177-4dfa-bb5f-675357f6ccfb,クロミです,105506555,9,1,3,30300,10100,24000,43,14.3,3,0,0,0,2,0,0,0,0,,0,0,2,19,9.5,1,2,0,3,2,5,1,1,0,0,0,0,0,2,1,0,0,1,0,1,0,0,0,0,0,0,1,1,0,0,0,0,0,0,0,0,0,0,0,0,0,0,0,0,0,0,0,0,0,0,0,0,0,0,0,0,0,0,0,0,0,0,0,0,0,0,0
251030-b8f61e31-8887-4bf9-a80c-6f3d6187133f,閄くん,102172268,10,3,4,18800,4700,8000,41,10.3,1,3,0,0,1,2,1,1,2000,2000,1,0,5,35,7,3,4,1,3,1,4,1,2,0,0,0,0,0,0,1,0,0,0,1,0,0,0,0,1,0,0,0,0,0,0,0,0,0,0,0,0,0,0,0,0,0,0,0,0,0,0,0,0,0,0,0,0,0,0,0,0,0,0,0,0,0,0,0,0,0,0,0
251030-b8f61e31-8887-4bf9-a80c-6f3d6187133f,ちたーふ,68331919,10,1,2,7200,3600,5200,26,13,1,1,0,0,1,0,0,2,4900,2450,0,1,1,10,10,1,1,0,2,1,4,0,1,0,0,0,0,1,0,0,1,0,0,1,0,0,0,0,0,0,0,0,0,0,0,0,0,0,0,0,0,0,0,0,0,0,0,0,0,0,0,0,0,0,0,0,0,0,0,0,0,0,0,0,0,0,0,0,0,0,0,0
251030-b8f61e31-8887-4bf9-a80c-6f3d6187133f,ルート12345,71218983,10,1,1,3900,3900,3900,9,9,0,1,0,0,1,0,0,2,11900,5950,0,1,2,22,11,0,0,2,1,1,2,0,0,0,0,0,0,0,0,1,1,0,0,0,0,0,0,0,0,0,0,0,0,0,0,0,0,0,0,0,0,0,0,0,0,0,0,0,0,0,0,0,0,0,0,0,0,0,0,0,0,0,0,0,0,0,0,0,0,0,0,0
251030-b8f61e31-8887-4bf9-a80c-6f3d6187133f,Kasumisou,69812091,10,1,2,4000,2000,2000,21,10.5,0,2,0,0,0,1,0,2,9100,4550,1,0,2,21,10.5,0,1,1,4,2,5,0,0,0,0,0,0,1,1,0,0,0,1,0,0,0,0,0,0,0,0,0,0,0,0,0,0,0,0,0,0,0,0,0,0,0,0,0,0,0,0,0,0,0,0,0,0,0,0,0,0,0,0,0,0,0,0,0,0,0,0,0
251006-cd1c2df0-a241-4b8c-8692-762cccb9b3f3,kotetsu0422,68590027,12,1,3,17000,5667,12000,37,12.3,1,2,0,0,2,1,2,0,0,,0,0,3,35,11.7,1,2,1,3,2,6,0,1,0,0,0,0,0,0,0,1,0,0,0,1,0,0,1,0,0,0,0,0,0,0,0,0,1,0,0,0,0,0,0,0,0,0,0,0,0,0,0,0,0,0,0,0,0,0,0,0,0,0,0,0,0,0,0,0,0,0,0
251006-cd1c2df0-a241-4b8c-8692-762cccb9b3f3,ひつじ04,69255735,12,2,3,25900,8633,18000,31,10.3,2,1,0,0,0,2,2,2,19000,9500,0,0,3,24,8,3,1,2,2,0,4,2,3,0,0,0,0,0,0,0,0,0,0,0,2,0,0,0,0,0,0,0,0,0,0,0,0,0,0,0,1,0,0,0,0,0,0,0,0,0,0,0,0,0,0,0,0,0,0,0,0,0,0,0,0,0,0,0,0,0,0,0
251006-cd1c2df0-a241-4b8c-8692-762cccb9b3f3,ほかほか亭白米,107968426,12,2,1,18000,18000,18000,10,10,0,1,0,0,0,1,1,3,8500,2833,1,0,2,13,6.5,1,1,1,2,0,2,0,1,0,0,0,0,0,0,0,0,0,1,0,1,0,0,1,0,0,0,0,0,0,0,0,0,0,0,0,0,0,0,0,0,0,0,0,0,0,0,0,0,0,0,0,0,0,0,0,0,0,0,0,0,0,0,0,0,0,0,0
251006-cd1c2df0-a241-4b8c-8692-762cccb9b3f3,かんんちゃ,104219450,12,2,3,7300,2433,4000,46,15.3,1,2,0,0,0,1,0,1,12000,12000,0,1,3,21,7,2,3,0,3,1,3,1,2,0,0,0,0,1,0,0,0,0,0,0,0,0,0,0,0,0,0,0,0,0,0,0,0,0,0,0,0,0,0,0,0,0,0,0,0,0,0,0,0,0,0,0,0,0,0,0,0,0,0,0,0,0,0,0,0,0,0,0
251006-70ae43d0-2d90-4855-8d85-c49103ff1eea,kotetsu0422,68590027,14,1,1,2600,2600,2600,10,10,0,1,0,0,1,0,0,4,23200,5800,1,0,2,19,9.5,1,1,1,5,0,7,0,1,0,0,0,0,0,0,0,0,0,0,0,0,0,0,0,0,0,0,0,0,0,0,0,0,0,0,0,0,0,0,0,0,0,0,0,0,0,0,0,0,0,0,0,0,0,0,0,0,0,0,0,0,0,0,0,0,0,0,0
251006-70ae43d0-2d90-4855-8d85-c49103ff1eea,ルート12345,71218983,14,4,3,24500,8167,18000,39,13,1,2,0,0,1,1,0,1,1000,1000,0,0,2,26,13,2,2,0,2,1,4,1,2,0,0,0,0,0,0,0,0,1,0,2,1,0,0,0,0,0,0,0,0,0,0,0,0,0,0,0,1,0,0,0,0,0,0,0,0,0,0,0,0,0,0,0,0,0,0,0,0,0,0,0,0,0,0,0,0,0,0,0
251006-70ae43d0-2d90-4855-8d85-c49103ff1eea,Kasumisou,69812091,14,2,5,21900,4380,12000,70,14,2,3,0,0,2,1,1,1,12000,12000,0,0,2,22,11,2,2,0,6,3,7,2,2,0,0,0,0,1,1,0,1,0,2,0,1,0,0,0,0,0,0,0,0,0,0,0,0,0,0,0,0,0,0,0,0,0,0,0,0,0,0,0,0,0,0,0,0,0,0,0,0,0,0,0,0,0,0,0,0,0,0,0
251006-70ae43d0-2d90-4855-8d85-c49103ff1eea,かんんちゃ,104219450,14,2,3,29300,9767,12000,33,11,0,3,1,0,4,2,0,3,9100,3033,0,0,3,36,12,2,3,0,3,0,3,0,2,0,0,0,0,0,0,0,0,0,1,0,1,0,0,0,0,0,0,0,0,0,0,1,0,0,0,0,1,0,0,0,0,0,0,0,0,0,0,0,0,0,0,0,0,0,0,0,0,0,0,0,0,0,0,0,0,0,0,0
251006-2d6f3571-1ff5-4b66-a3d9-106e80c082ee,Kasumisou,69812091,9,2,1,3900,3900,3900,13,13,0,1,1,0,0,1,0,3,18300,6100,0,0,1,11,11,0,1,0,0,0,0,0,0,0,0,0,0,0,0,0,0,0,0,1,0,0,0,0,0,0,0,0,0,0,0,0,0,0,0,0,0,0,0,0,0,0,0,0,0,0,0,0,0,0,0,0,0,0,0,0,0,0,0,0,0,0,0,0,0,0,0,0
251006-2d6f3571-1ff5-4b66-a3d9-106e80c082ee,ほかほか亭白米,107968426,9,1,2,12000,6000,8000,27,13.5,1,1,0,0,0,2,2,1,5200,5200,0,0,2,15,7.5,2,2,0,2,0,3,1,2,0,0,0,0,0,0,0,0,0,0,0,1,0,0,0,0,0,0,0,0,0,0,0,0,0,0,0,0,0,0,0,0,0,0,0,0,0,0,0,0,0,0,0,0,0,0,0,0,0,0,0,0,0,0,0,0,0,0,0
251006-2d6f3571-1ff5-4b66-a3d9-106e80c082ee,ルート12345,71218983,9,1,2,10300,5150,7700,27,13.5,0,2,0,0,0,1,1,2,7800,3900,0,1,2,21,10.5,2,2,0,0,0,0,0,2,0,0,0,0,0,0,0,0,0,0,0,1,0,0,0,0,0,0,0,0,0,0,0,0,0,0,0,1,0,0,0,0,0,0,0,0,0,0,0,0,0,0,0,0,0,0,0,0,0,0,0,0,0,0,0,0,0,0,0
251006-2d6f3571-1ff5-4b66-a3d9-106e80c082ee,ちたーふ,68331919,9,1,3,21100,7033,12000,30,10,1,2,0,0,1,3,0,0,0,,0,0,4,30,7.5,2,4,0,3,1,5,1,2,0,0,0,0,0,0,1,0,0,0,0,1,0,0,0,0,0,0,0,0,0,0,0,0,0,0,0,2,0,0,0,0,0,0,0,0,0,0,0,0,0,0,0,0,0,0,0,0,0,0,0,0,0,0,0,0,0,0,0
251006-36fcdf78-c9be-4dfc-9590-d622102f3a4b,ルート12345,71218983,13,3,3,22600,7533,12000,37,12.3,0,3,0,0,0,1,2,1,2600,2600,0,0,4,45,11.3,3,4,0,2,0,3,0,3,0,0,0,1,0,0,0,0,0,2,0,0,0,0,0,0,0,0,0,0,0,0,0,0,0,0,0,1,0,0,0,0,0,0,0,0,0,0,0,0,0,0,0,0,0,0,0,0,0,0,0,0,0,0,0,0,0,0,0
251006-36fcdf78-c9be-4dfc-9590-d622102f3a4b,ちたーふ,68331919,13,2,2,12000,6000,8000,19,9.5,1,1,0,0,0,1,0,2,10600,5300,1,0,2,14,7,1,2,0,3,1,4,1,1,0,0,0,0,0,0,0,0,0,0,0,0,0,0,0,0,0,0,0,0,0,0,0,0,0,0,1,0,0,0,0,0,0,0,0,0,0,0,0,0,0,0,0,0,0,0,0,0,0,0,0,0,0,0,0,0,0,0,0
251006-36fcdf78-c9be-4dfc-9590-d622102f3a4b,琴音04,101333044,13,2,5,42200,8440,12000,62,12.4,2,3,0,0,4,4,3,1,12000,12000,0,0,4,33,8.3,4,3,1,4,1,6,2,4,0,0,0,0,0,0,0,0,1,0,1,1,0,0,0,0,0,0,0,0,0,0,0,0,0,0,0,1,0,0,0,0,0,0,0,0,0,0,0,0,0,0,0,0,0,0,0,0,0,0,0,0,0,0,0,0,0,0,0
251006-36fcdf78-c9be-4dfc-9590-d622102f3a4b,閄くん,102172268,13,2,0,0,,,0,,0,0,0,0,0,0,0,3,27600,9200,0,0,1,13,13,0,1,0,9,0,12,0,0,0,0,0,0,0,0,0,0,0,0,0,0,0,0,0,0,0,0,0,0,0,0,0,0,0,0,0,0,0,0,0,0,0,0,0,0,0,0,0,0,0,0,0,0,0,0,0,0,0,0,0,0,0,0,0,0,0,0,0
251006-6b022e69-0bdf-4394-9d6b-6ae2b5d7a0b7,suzuken3,74756413,10,1,0,0,,,0,,0,0,0,0,0,0,0,2,13800,6900,1,0,1,7,7,0,1,0,4,0,4,0,0,0,0,0,0,0,0,0,0,0,0,0,0,0,0,0,0,0,0,0,0,0,0,0,0,0,0,0,0,0,0,0,0,0,0,0,0,0,0,0,0,0,0,0,0,0,0,0,0,0,0,0,0,0,0,0,0,0,0,0
251006-6b022e69-0bdf-4394-9d6b-6ae2b5d7a0b7,閄くん,102172268,10,1,1,3900,3900,3900,6,6,0,1,0,0,1,1,0,2,10600,5300,0,0,0,0,,0,0,0,7,1,11,0,0,0,0,0,0,0,0,0,0,0,1,0,0,0,0,0,0,0,0,0,0,0,0,0,0,0,0,0,0,0,0,0,0,0,0,0,0,0,0,0,0,0,0,0,0,0,0,0,0,0,0,0,0,0,0,0,0,0,0,0
251006-6b022e69-0bdf-4394-9d6b-6ae2b5d7a0b7,ほかほか亭白米,107968426,10,2,4,22800,5700,8000,46,11.5,0,4,0,0,2,2,2,1,1000,1000,0,0,2,21,10.5,2,1,1,3,2,3,0,2,0,0,0,0,0,1,0,0,0,1,0,0,0,0,0,0,0,0,0,0,0,0,0,0,0,0,0,2,0,0,0,0,0,0,0,0,0,0,0,0,0,0,0,0,0,0,0,0,0,0,0,0,0,0,0,0,0,0,0
251006-6b022e69-0bdf-4394-9d6b-6ae2b5d7a0b7,ちたーふ,68331919,10,2,4,13600,3400,8000,52,13,2,2,1,0,0,1,0,2,4900,2450,0,0,3,36,12,2,3,0,3,1,4,2,2,0,0,0,0,0,0,0,1,0,1,0,1,0,1,0,0,0,0,0,0,0,0,0,0,0,0,0,0,0,0,0,0,0,0,0,0,0,0,0,0,0,0,0,0,0,0,0,0,0,0,0,0,0,0,0,0,0,0,0
251007-b75196af-2bd3-491f-94c3-cf3fdd9203ca,Kasumisou,69812091,11,1,2,20000,10000,12000,21,10.5,2,0,0,0,2,2,1,1,2000,2000,1,0,3,25,8.3,2,2,1,1,0,1,2,2,0,0,0,0,0,0,0,1,0,0,0,0,0,0,0,0,0,0,0,0,0,0,0,0,0,0,0,1,0,0,0,0,0,0,0,0,0,0,0,0,0,0,0,0,0,0,0,0,0,0,0,0,0,0,0,0,0,0,0
251007-b75196af-2bd3-491f-94c3-cf3fdd9203ca,kotetsu0422,68590027,11,1,2,13200,6600,8000,15,7.5,1,1,1,0,1,1,0,0,0,,0,0,0,0,,0,0,0,6,1,8,1,0,0,0,0,0,0,0,0,0,0,0,0,1,0,0,0,0,0,0,0,0,0,0,0,0,0,0,1,0,0,0,0,0,0,0,0,0,0,0,0,0,0,0,0,0,0,0,0,0,0,0,0,0,0,0,0,0,0,0,0
251007-b75196af-2bd3-491f-94c3-cf3fdd9203ca,ひつじ04,69255735,11,4,3,7000,2333,3900,32,10.7,1,2,0,0,1,1,0,1,8000,8000,1,0,4,25,6.3,1,3,1,5,2,5,0,1,0,0,0,0,1,1,0,0,0,0,0,0,0,0,0,0,0,0,0,0,0,0,0,0,0,0,0,0,0,0,0,0,0,0,0,0,0,0,0,0,0,0,0,0,0,0,0,0,0,0,0,0,0,0,0,0,0,0,0
251007-b75196af-2bd3-491f-94c3-cf3fdd9203ca,きょーか8,69157106,11,1,1,5200,5200,5200,14,14,1,0,0,0,1,0,0,1,3900,3900,0,0,4,48,12,1,2,2,1,0,2,1,1,0,0,0,0,0,0,0,0,0,0,0,1,0,0,0,0,0,0,0,0,0,0,0,0,0,0,0,0,0,0,0,0,0,0,0,0,0,0,0,0,0,0,0,0,0,0,0,0,0,0,0,0,0,0,0,0,0,0,0
251007-e7e57ac6-0d5a-4c2a-adaa-823ad3ff40d3,kotetsu0422,68590027,11,1,1,12000,12000,12000,19,19,0,1,0,0,4,0,0,1,2000,2000,0,0,1,7,7,0,1,0,6,1,9,0,0,0,0,0,0,1,0,0,0,0,0,0,0,0,0,0,0,0,0,1,0,0,0,0,0,0,0,0,0,0,0,0,0,0,0,0,0,0,0,0,0,0,0,0,0,0,0,0,0,0,0,0,0,0,0,0,0,0,0,0
251007-e7e57ac6-0d5a-4c2a-adaa-823ad3ff40d3,ねこぜ7272,106334717,11,2,5,24400,4880,12000,54,10.8,1,4,0,0,2,1,2,1,12000,12000,0,0,2,17,8.5,1,1,1,7,4,11,1,1,0,0,0,0,1,0,1,1,1,1,0,0,0,0,0,0,0,0,0,0,0,0,0,0,1,0,0,0,0,0,0,0,0,0,0,0,0,0,0,0,0,0,0,0,0,0,0,0,0,0,0,0,0,0,0,0,0,0,0
251007-e7e57ac6-0d5a-4c2a-adaa-823ad3ff40d3,ひつじ04,69255735,11,2,2,19900,9950,12000,34,17,2,0,0,0,2,1,1,2,2500,1250,0,0,2,27,13.5,1,2,0,3,1,5,1,1,0,0,0,0,0,0,2,0,0,0,0,0,0,0,0,0,0,0,0,0,0,0,0,0,0,0,0,0,0,0,0,0,0,0,0,0,0,0,0,0,0,0,0,0,0,0,0,0,0,0,0,0,0,0,0,0,0,0,0
251007-e7e57ac6-0d5a-4c2a-adaa-823ad3ff40d3,きょーか8,69157106,11,1,0,0,,,0,,0,0,0,0,0,0,0,1,12000,12000,0,0,0,0,,0,0,0,1,0,1,0,0,0,0,0,0,0,0,0,0,0,0,0,0,0,0,0,0,0,0,0,0,0,0,0,0,0,0,0,0,0,0,0,0,0,0,0,0,0,0,0,0,0,0,0,0,0,0,0,0,0,0,0,0,0,0,0,0,0,0,0
251007-ea5c4926-ce23-4882-a6bd-b0849b9ae263,SaRa,72014327,9,1,1,1100,1100,1100,11,11,1,0,0,0,0,0,0,1,7700,7700,0,0,2,15,7.5,0,2,0,4,1,6,0,0,0,0,0,0,0,0,1,0,0,0,0,0,0,0,0,0,0,0,0,0,0,0,0,0,0,0,0,0,0,0,0,0,0,0,0,0,0,0,0,0,0,0,0,0,0,0,0,0,0,0,0,0,0,0,0,0,0,0,0
251007-ea5c4926-ce23-4882-a6bd-b0849b9ae263,ほかほか亭白米,107968426,9,1,1,8000,8000,8000,14,14,0,1,0,0,1,1,1,1,5200,5200,0,0,2,24,12,1,2,0,1,0,1,0,1,0,0,0,0,0,0,0,0,0,0,0,1,0,0,0,0,0,0,0,0,0,0,0,0,0,0,0,0,0,0,0,0,0,0,0,0,0,0,0,0,0,0,0,0,0,0,0,0,0,0,0,0,0,0,0,0,0,0,0
251007-ea5c4926-ce23-4882-a6bd-b0849b9ae263,suzuken3,74756413,9,2,3,13700,4567,7700,34,11.3,1,2,0,0,1,1,0,2,5900,2950,0,0,2,12,6,1,2,0,5,2,7,0,1,0,0,0,0,0,1,0,1,0,0,0,1,0,1,0,0,0,0,0,0,0,0,0,0,0,0,0,0,0,0,0,0,0,0,0,0,0,0,0,0,0,0,0,0,0,0,0,0,0,0,0,0,0,0,0,0,0,0,0
251007-ea5c4926-ce23-4882-a6bd-b0849b9ae263,閄くん,102172268,9,1,4,23100,5775,12000,57,14.3,1,3,0,0,6,2,0,2,10000,5000,0,0,1,8,8,1,0,1,4,3,6,0,1,0,0,0,0,1,0,0,0,0,2,0,0,0,0,0,0,0,0,0,0,0,0,0,0,0,0,0,0,0,0,0,0,0,0,0,0,0,0,0,0,0,0,0,0,0,0,0,0,0,0,0,0,0,0,0,0,0,0,0
251007-a0d62fbf-8912-4932-810d-4e8e5cddb2be,閄くん,102172268,15,3,6,38800,6467,12000,70,11.7,0,6,0,0,4,5,1,2,5400,2700,0,0,3,37,12.3,2,3,0,10,4,17,0,2,0,0,0,0,0,1,0,1,0,3,0,0,0,2,0,0,0,0,0,0,0,0,0,0,0,0,0,0,0,0,0,0,0,0,0,0,0,0,0,0,0,0,0,0,0,0,0,0,0,0,0,0,0,0,0,0,0,0,0
251007-a0d62fbf-8912-4932-810d-4e8e5cddb2be,ひつじ04,69255735,15,1,3,17100,5700,8000,41,13.7,0,3,0,0,3,2,0,2,19700,9850,0,0,4,45,11.3,3,3,1,7,0,13,0,3,0,0,0,0,0,0,0,0,0,0,0,1,0,0,0,0,0,0,0,0,0,0,0,0,0,0,0,1,0,0,0,0,0,0,0,0,0,0,0,0,0,0,0,0,0,0,0,0,0,0,0,0,0,0,0,0,0,0,0
251007-a0d62fbf-8912-4932-810d-4e8e5cddb2be,にへぴ,102677127,15,4,4,26300,6575,18000,48,12,1,3,0,0,2,1,3,4,21000,5250,0,0,1,6,6,1,1,0,10,3,16,1,1,0,0,0,0,0,1,1,0,0,2,0,0,0,0,0,0,0,0,0,0,0,0,0,0,0,0,0,0,0,0,0,0,0,0,0,0,0,0,0,0,0,0,0,0,0,0,0,0,0,0,0,0,0,0,0,0,0,0,0
251007-a0d62fbf-8912-4932-810d-4e8e5cddb2be,ゆい412,106286144,15,2,1,11700,11700,11700,7,7,1,0,0,0,1,1,0,4,18100,4525,0,0,1,5,5,1,1,0,9,0,16,1,1,0,0,0,0,0,0,0,0,0,0,0,0,0,0,0,0,0,0,0,0,0,0,0,0,0,0,0,0,0,0,0,0,0,0,0,0,0,0,0,0,0,0,0,0,0,0,0,0,0,0,0,0,0,0,0,0,0,0,0
251007-4b863b3b-88b1-476c-a9b6-900835f8c874,あしだやよ,103448968,9,1,1,7900,7900,7900,15,15,1,0,0,0,0,1,1,4,23900,5975,2,0,4,52,13,1,2,2,1,0,2,1,1,0,0,0,0,0,0,0,0,0,0,0,0,0,0,0,0,0,0,0,0,0,0,0,0,0,0,0,0,0,0,0,0,0,0,0,0,0,0,0,0,0,0,0,0,0,0,0,0,0,0,0,0,0,0,0,0,0,0,0
251007-4b863b3b-88b1-476c-a9b6-900835f8c874,閄くん,102172268,9,2,4,14500,3625,5200,49,12.3,0,4,0,0,0,0,0,1,5200,5200,0,0,2,19,9.5,1,2,0,6,3,10,0,1,0,0,0,1,1,1,1,0,0,0,0,0,1,1,0,0,0,0,1,0,0,0,0,0,0,0,0,0,0,0,0,0,0,0,0,0,0,0,0,0,0,0,0,0,0,0,0,0,0,0,0,0,0,0,0,0,0,0,0
251007-4b863b3b-88b1-476c-a9b6-900835f8c874,ねこぜ7272,106334717,9,1,3,19900,6633,12000,41,13.7,1,2,0,0,2,1,2,1,2600,2600,0,0,3,29,9.7,3,3,0,2,0,2,1,3,0,0,0,0,0,0,1,0,0,1,0,1,0,0,0,0,0,0,0,0,0,0,0,0,0,0,0,0,0,0,0,0,0,0,0,0,0,0,0,0,0,0,0,0,0,0,0,0,0,0,0,0,0,0,0,0,0,0,0
251007-4b863b3b-88b1-476c-a9b6-900835f8c874,ゆい412,106286144,9,1,0,0,,,0,,0,0,0,0,0,0,0,0,0,,0,0,0,0,,0,0,0,6,0,10,0,0,0,0,0,0,0,0,0,0,0,0,0,0,0,0,0,0,0,0,0,0,0,0,0,0,0,0,0,0,0,0,0,0,0,0,0,0,0,0,0,0,0,0,0,0,0,0,0,0,0,0,0,0,0,0,0,0,0,0,0
251008-08e09903-a006-47c5-ae3b-9463f143962b,suzuken3,74756413,10,2,1,9600,9600,9600,15,15,0,1,0,0,0,0,0,4,11100,2775,1,1,4,36,9,1,1,3,2,0,2,0,1,0,0,0,0,0,0,0,0,0,1,0,0,0,0,0,0,0,0,0,0,0,0,0,0,0,0,0,1,0,0,0,0,0,0,0,0,0,0,0,0,0,0,0,0,0,0,0,0,0,0,0,0,0,0,0,0,0,0,0
251008-08e09903-a006-47c5-ae3b-9463f143962b,ルート12345,71218983,10,1,3,5900,1967,2600,45,15,0,3,0,0,0,0,0,1,17600,17600,1,0,3,31,10.3,2,2,1,3,1,4,0,2,0,0,0,1,0,0,0,0,0,1,0,0,0,0,0,0,0,0,0,0,0,0,0,0,0,0,0,1,0,0,0,0,0,0,0,0,0,0,0,0,0,0,0,0,0,0,0,0,0,0,0,0,0,0,0,0,0,0,0
251008-08e09903-a006-47c5-ae3b-9463f143962b,biss,69498125,10,1,3,16400,5467,8000,31,10.3,0,3,1,0,3,2,0,1,2600,2600,1,0,3,16,5.3,1,3,0,3,1,4,0,1,0,0,0,0,1,0,0,0,0,1,0,0,0,0,0,0,0,0,0,1,0,0,0,0,0,0,0,0,0,0,0,0,0,0,0,0,0,0,0,0,0,0,0,0,0,0,0,0,0,0,0,0,0,0,0,0,0,0,0
251008-08e09903-a006-47c5-ae3b-9463f143962b,SaRa,72014327,10,2,2,20600,10300,18000,17,8.5,1,1,1,0,2,1,0,1,3200,3200,0,0,3,27,9,1,1,2,1,0,1,1,1,0,0,0,0,0,0,0,0,0,1,0,0,0,1,0,0,0,0,0,0,0,0,0,0,0,0,0,0,0,0,0,0,0,0,0,0,0,0,0,0,0,0,0,0,0,0,0,0,0,0,0,0,0,0,0,0,0,0,0
251008-55b3cfcf-32a6-4977-8712-65318ec2dbb9,ルート12345,71218983,10,1,1,5200,5200,5200,13,13,1,0,0,0,0,0,0,1,4800,4800,0,0,3,26,8.7,1,3,0,3,0,3,1,1,0,0,0,0,0,0,0,0,0,0,0,1,0,0,0,0,0,0,0,0,0,0,0,0,0,0,0,1,0,0,0,0,0,0,0,0,0,0,0,0,0,0,0,0,0,0,0,0,0,0,0,0,0,0,0,0,0,0,0
251008-55b3cfcf-32a6-4977-8712-65318ec2dbb9,SaRa,72014327,10,1,0,0,,,0,,0,0,0,0,0,0,0,0,0,,0,0,0,0,,0,0,0,3,0,5,0,0,0,0,0,0,0,0,0,0,0,0,0,0,0,0,0,0,0,0,0,0,0,0,0,0,0,0,0,0,0,0,0,0,0,0,0,0,0,0,0,0,0,0,0,0,0,0,0,0,0,0,0,0,0,0,0,0,0,0,0
251008-55b3cfcf-32a6-4977-8712-65318ec2dbb9,suzuken3,74756413,10,3,6,19400,3233,4800,88,14.7,3,3,3,0,3,2,0,0,0,,0,0,0,0,,0,0,0,3,3,4,2,0,0,0,0,0,0,0,0,1,0,3,1,1,0,0,0,0,0,0,0,0,0,0,1,0,0,0,0,0,0,0,0,0,0,0,0,0,0,0,0,0,0,0,0,0,0,0,0,0,0,0,0,0,0,0,0,0,0,0,0
251008-55b3cfcf-32a6-4977-8712-65318ec2dbb9,biss,69498125,10,1,1,12000,12000,12000,7,7,1,0,0,0,1,2,0,2,3900,1950,1,0,2,4,2,1,2,0,2,0,2,1,0,0,0,0,0,0,0,0,0,0,0,0,0,0,0,0,1,0,0,0,0,0,0,0,0,0,0,0,0,0,0,0,0,0,0,0,0,0,0,0,0,0,0,0,0,0,0,0,0,0,0,0,0,0,0,0,0,0,0,0
251008-d293b432-07f7-4ca7-a4d1-d11dea1f1f11,ひつじ04,69255735,20,5,7,45700,6529,18000,78,11.1,3,4,0,0,5,4,2,1,5800,5800,1,0,6,55,9.2,4,4,2,3,3,6,1,4,0,0,0,0,1,0,1,0,0,0,0,3,0,0,1,0,0,0,0,0,0,0,0,0,0,0,0,2,0,0,0,0,0,0,0,0,0,0,0,0,0,0,0,0,0,0,0,0,0,0,0,0,0,0,0,0,0,0,0
251008-d293b432-07f7-4ca7-a4d1-d11dea1f1f11,kotetsu0422,68590027,20,4,4,21400,5350,7700,54,13.5,1,3,1,0,4,2,1,4,9900,2475,1,0,4,29,7.3,2,4,0,4,1,6,0,2,0,0,0,0,0,0,1,0,0,0,0,2,0,0,0,0,0,0,0,0,0,0,0,0,0,0,0,0,0,0,0,0,0,0,0,0,0,0,0,0,0,0,0,0,0,0,0,0,0,0,0,0,0,0,0,0,0,0,0
251008-d293b432-07f7-4ca7-a4d1-d11dea1f1f11,きょーか8,69157106,20,5,5,27400,5480,18000,59,11.8,0,5,0,0,0,2,0,2,8400,4200,1,0,3,28,9.3,2,2,1,8,3,15,0,2,0,0,0,0,0,1,1,2,1,0,0,0,0,0,0,0,0,0,1,0,0,0,0,0,1,0,0,0,0,0,0,0,0,0,0,0,0,0,0,0,0,0,0,0,0,0,0,0,0,0,0,0,0,0,0,0,0,0,0
251008-d293b432-07f7-4ca7-a4d1-d11dea1f1f11,Kasumisou,69812091,20,1,1,2600,2600,2600,8,8,0,1,1,0,0,1,0,6,43000,7167,1,0,3,33,11,0,2,1,6,0,9,0,0,0,0,0,0,0,0,0,0,0,0,1,0,0,0,0,0,0,0,0,0,0,0,0,0,0,0,0,0,0,0,0,0,0,0,0,0,0,0,0,0,0,0,0,0,0,0,0,0,0,0,0,0,0,0,0,0,0,0,0
251008-51e9815f-8602-497c-b8cc-1daa0a045b91,biss,69498125,10,1,1,8000,8000,8000,10,10,1,0,0,0,0,2,0,3,10600,3533,0,0,2,21,10.5,1,1,1,3,0,3,1,1,0,0,0,0,0,0,0,0,0,0,0,0,0,0,0,0,0,0,0,0,0,0,0,0,0,0,0,1,0,0,0,0,0,0,0,0,0,0,0,0,0,0,0,0,0,0,0,0,0,0,0,0,0,0,0,0,0,0,0
251008-51e9815f-8602-497c-b8cc-1daa0a045b91,ほかほか亭白米,107968426,10,2,1,2900,2900,2900,11,11,0,1,0,0,0,0,0,1,7700,7700,1,0,2,17,8.5,1,1,1,2,0,2,0,1,0,0,0,0,0,0,0,0,0,0,0,1,0,0,0,0,0,0,0,0,0,0,0,0,0,0,0,0,0,0,0,0,0,0,0,0,0,0,0,0,0,0,0,0,0,0,0,0,0,0,0,0,0,0,0,0,0,0,0
251008-51e9815f-8602-497c-b8cc-1daa0a045b91,琴音04,101333044,10,1,4,18100,4525,8000,41,10.3,1,3,0,0,1,2,0,2,14500,7250,2,0,6,37,6.2,3,5,1,1,1,2,0,3,0,0,0,0,0,0,0,0,1,2,0,2,0,0,0,0,0,0,0,0,0,0,0,0,0,0,0,0,0,0,0,0,0,0,0,0,0,0,0,0,0,0,0,0,0,0,0,0,0,0,0,0,0,0,0,0,0,0,0
251008-51e9815f-8602-497c-b8cc-1daa0a045b91,ちたーふ,68331919,10,2,2,12900,6450,11600,20,10,0,2,0,0,1,1,0,0,0,,0,0,2,15,7.5,2,1,1,4,0,5,0,2,0,0,0,0,0,0,0,0,0,0,0,1,0,0,0,0,0,0,0,0,0,0,0,0,0,0,0,0,0,0,0,0,0,0,0,0,0,0,0,0,0,0,0,0,0,0,0,0,0,0,0,0,0,0,0,0,0,0,0
251008-a0e7a1dc-c85d-44cd-b8a9-f94400a4181c,kotetsu0422,68590027,12,3,1,2900,2900,2900,16,16,0,1,0,0,0,0,0,1,2000,2000,0,0,4,37,9.3,0,2,2,4,1,7,0,0,0,0,0,0,0,0,0,1,1,0,0,0,0,0,0,0,0,0,0,0,0,0,0,0,0,0,0,0,0,0,0,0,0,0,0,0,0,0,0,0,0,0,0,0,0,0,0,0,0,0,0,0,0,0,0,0,0,0,0
251008-a0e7a1dc-c85d-44cd-b8a9-f94400a4181c,biss,69498125,12,3,4,33000,8250,12000,50,12.5,3,1,0,0,1,2,2,3,21300,7100,1,0,5,53,10.6,3,3,2,2,1,3,3,3,0,0,0,0,1,0,1,0,0,0,1,1,0,0,0,0,0,0,0,0,0,0,0,0,0,0,0,1,0,0,0,0,0,0,0,0,0,0,0,0,0,0,0,0,0,0,0,0,0,0,0,0,0,0,0,0,0,0,0
251008-a0e7a1dc-c85d-44cd-b8a9-f94400a4181c,ちたーふ,68331919,12,1,3,13200,4400,8000,30,10,0,3,1,0,2,2,1,0,0,,0,0,2,16,8,1,2,0,5,1,8,0,1,0,0,0,0,0,1,0,0,0,2,0,0,0,0,0,0,0,0,0,0,0,0,0,0,0,0,0,0,0,0,0,0,0,0,0,0,0,0,0,0,0,0,0,0,0,0,0,0,0,0,0,0,0,0,0,0,0,0,0
251008-a0e7a1dc-c85d-44cd-b8a9-f94400a4181c,クロミです,105506555,12,1,2,14000,7000,12000,23,11.5,0,2,0,0,1,2,0,3,12000,4000,0,0,1,11,11,1,1,0,3,1,4,0,1,0,0,0,0,0,0,1,0,0,0,0,1,0,0,1,0,0,0,0,0,0,0,0,0,0,0,0,0,0,0,0,0,0,0,0,0,0,0,0,0,0,0,0,0,0,0,0,0,0,0,0,0,0,0,0,0,0,0,0
251008-4ba25dc4-b647-4006-9491-61bc38545e95,biss,69498125,12,2,2,20000,10000,18000,32,16,1,1,2,0,0,2,0,2,7200,3600,0,0,2,18,9,0,1,1,2,0,2,1,0,0,0,0,0,0,0,0,1,1,0,0,0,0,0,0,0,0,0,1,1,0,0,0,0,0,0,0,0,0,0,0,0,0,0,0,0,0,0,0,0,0,0,0,0,0,0,0,0,0,0,0,0,0,0,0,0,0,0,0
251008-4ba25dc4-b647-4006-9491-61bc38545e95,ルート12345,71218983,12,2,1,12000,12000,12000,14,14,1,0,0,0,1,0,0,0,0,,0,0,2,20,10,1,2,0,4,0,4,1,1,0,0,0,0,0,0,0,0,0,1,0,1,0,0,0,0,0,0,0,0,0,0,0,0,0,0,0,0,0,0,0,0,0,0,0,0,0,0,0,0,0,0,0,0,0,0,0,0,0,0,0,0,0,0,0,0,0,0,0
251008-4ba25dc4-b647-4006-9491-61bc38545e95,クロミです,105506555,12,1,0,0,,,0,,0,0,0,0,0,0,0,3,22200,7400,0,0,1,13,13,0,1,0,3,0,6,0,0,0,0,0,0,0,0,0,0,0,0,0,0,0,0,0,0,0,0,0,0,0,0,0,0,0,0,0,0,0,0,0,0,0,0,0,0,0,0,0,0,0,0,0,0,0,0,0,0,0,0,0,0,0,0,0,0,0,0,0
251008-4ba25dc4-b647-4006-9491-61bc38545e95,ちたーふ,68331919,12,3,6,28600,4767,12000,71,11.8,2,4,0,0,2,3,1,0,0,,0,0,4,38,9.5,4,4,0,8,2,11,2,4,0,0,0,0,1,0,0,0,0,1,0,1,0,0,0,0,0,0,0,0,0,0,0,0,0,0,0,1,0,0,0,0,0,0,0,0,0,0,0,0,0,0,0,0,0,0,0,0,0,0,0,0,0,0,0,0,0,0,0
251009-79e0d0cc-8888-4b16-9304-9b4783288243,suzuken3,74756413,12,2,2,11000,5500,8000,26,13,2,0,1,0,2,1,0,1,1300,1300,0,0,1,9,9,1,1,0,3,0,4,2,1,0,0,0,0,0,0,0,0,0,0,0,1,0,0,0,0,0,0,0,0,0,0,0,0,0,0,0,0,0,0,0,0,0,0,0,0,0,0,0,0,0,0,0,0,0,0,0,0,0,0,0,0,0,0,0,0,0,0,0
251009-79e0d0cc-8888-4b16-9304-9b4783288243,ほかほか亭白米,107968426,12,3,2,18000,9000,12000,27,13.5,2,0,0,0,1,1,0,2,3500,1750,0,0,2,26,13,1,1,1,3,1,5,1,1,0,0,0,0,0,0,0,0,0,2,0,1,0,0,0,0,0,0,0,0,0,0,0,0,0,0,0,1,0,0,0,0,0,0,0,0,0,0,0,0,0,0,0,0,0,0,0,0,0,0,0,0,0,0,0,0,0,0,0
251009-79e0d0cc-8888-4b16-9304-9b4783288243,クロミです,105506555,12,2,3,4800,1600,2000,34,11.3,0,3,0,0,0,1,0,1,7700,7700,0,0,1,8,8,1,1,0,2,2,3,0,1,0,0,0,0,0,0,0,1,0,1,0,0,0,0,0,0,0,0,0,0,0,0,0,0,0,0,0,0,0,0,0,0,0,0,0,0,0,0,0,0,0,0,0,0,0,0,0,0,0,0,0,0,0,0,0,0,0,0,0
251009-79e0d0cc-8888-4b16-9304-9b4783288243,ひつじ04,69255735,12,1,3,31700,10567,12000,41,13.7,2,1,0,0,3,2,4,0,0,,0,0,4,41,10.3,2,4,0,2,1,3,2,2,0,0,0,0,0,1,0,0,0,0,0,1,0,0,0,0,0,0,0,0,0,0,0,0,1,0,0,0,0,0,0,0,0,0,0,0,0,0,0,0,0,0,0,0,0,0,0,0,0,0,0,0,0,0,0,0,0,0,0
251009-3b8faf66-e0ea-4ff6-9d72-3685f9d42c98,kotetsu0422,68590027,10,2,3,21700,7233,18000,23,7.7,1,2,1,0,3,2,0,0,0,,0,0,2,19,9.5,1,2,0,3,1,4,1,1,0,0,0,0,0,0,0,1,0,1,0,0,0,0,0,0,0,0,0,0,0,0,0,0,0,0,0,0,0,0,0,0,0,0,0,0,0,0,0,0,0,0,0,0,0,0,0,0,0,0,0,0,0,0,0,0,0,0,0
251009-3b8faf66-e0ea-4ff6-9d72-3685f9d42c98,ルート12345,71218983,10,1,2,14000,7000,12000,23,11.5,1,1,0,0,1,1,1,0,0,,0,0,2,17,8.5,1,2,0,3,1,4,1,1,0,0,0,0,0,0,0,0,0,2,0,1,0,0,0,0,0,0,0,0,0,0,0,0,0,0,0,0,0,0,0,0,0,0,0,0,0,0,0,0,0,0,0,0,0,0,0,0,0,0,0,0,0,0,0,0,0,0,0
251009-3b8faf66-e0ea-4ff6-9d72-3685f9d42c98,Kasumisou,69812091,10,2,1,1300,1300,1300,9,9,0,1,0,0,0,0,0,3,21600,7200,0,0,3,23,7.7,1,2,1,0,0,0,0,1,0,0,0,0,0,0,0,0,0,0,0,0,0,0,0,0,0,0,0,0,0,0,0,0,0,0,0,0,0,0,0,0,0,0,0,0,0,0,0,0,0,0,0,0,0,0,0,0,0,0,0,0,0,0,0,0,0,0,0
251009-3b8faf66-e0ea-4ff6-9d72-3685f9d42c98,クロミです,105506555,10,1,2,6600,3300,4000,25,12.5,1,1,0,0,2,1,0,2,3300,1650,0,0,2,14,7,1,1,1,4,1,5,0,1,0,0,0,0,1,0,0,0,0,0,0,0,0,0,0,0,0,0,0,0,0,0,0,0,0,0,0,0,0,0,0,0,0,0,0,0,0,0,0,0,0,0,0,0,0,0,0,0,0,0,0,0,0,0,0,0,0,0,0
251009-4f808556-a9a1-4895-ba27-252e17b2f080,クロミです,105506555,11,1,3,12000,4000,5200,42,14,1,2,0,0,0,3,0,0,0,,0,0,2,12,6,2,2,0,3,1,3,0,2,0,0,0,0,1,1,0,0,0,0,0,0,0,0,0,0,0,0,0,0,0,0,0,0,0,0,0,0,0,0,0,0,0,0,0,0,0,0,0,0,0,0,0,0,0,0,0,0,0,0,0,0,0,0,0,0,0,0,0
251009-4f808556-a9a1-4895-ba27-252e17b2f080,きょーか8,69157106,11,2,2,15600,7800,11600,20,10,1,1,0,0,3,0,0,0,0,,0,0,2,25,12.5,1,2,0,5,1,7,1,1,0,0,0,0,1,0,1,0,0,0,0,0,0,0,0,0,0,0,0,0,0,0,0,0,0,0,0,0,0,0,0,0,0,0,0,0,0,0,0,0,0,0,0,0,0,0,0,0,0,0,0,0,0,0,0,0,0,0,0
251009-4f808556-a9a1-4895-ba27-252e17b2f080,さいとーなな,103948027,11,2,1,12000,12000,12000,16,16,1,0,0,0,1,1,1,1,5200,5200,0,0,1,11,11,1,1,0,6,0,10,1,1,0,0,0,0,0,0,0,0,0,0,0,1,0,0,0,0,0,0,0,0,0,0,0,0,0,0,0,0,0,0,0,0,0,0,0,0,0,0,0,0,0,0,0,0,0,0,0,0,0,0,0,0,0,0,0,0,0,0,0
251009-4f808556-a9a1-4895-ba27-252e17b2f080,kotetsu0422,68590027,11,2,2,16900,8450,11700,26,13,2,0,0,0,2,1,0,2,13200,6600,1,0,2,19,9.5,1,2,0,3,1,4,1,1,0,0,0,0,0,0,0,0,0,1,0,1,0,0,0,0,0,0,0,0,0,0,0,0,0,0,0,1,0,0,0,0,0,0,0,0,0,0,0,0,0,0,0,0,0,0,0,0,0,0,0,0,0,0,0,0,0,0,0
251001-c8c9829d-1eb1-4095-b83c-1f66ceb08833,SaRa,72014327,9,1,0,0,,,0,,0,0,0,0,0,0,0,2,4600,2300,0,0,3,33,11,0,1,2,3,0,4,0,0,0,0,0,0,0,0,0,0,0,0,0,0,0,0,0,0,0,0,0,0,0,0,0,0,0,0,0,0,0,0,0,0,0,0,0,0,0,0,0,0,0,0,0,0,0,0,0,0,0,0,0,0,0,0,0,0,0,0,0
251001-c8c9829d-1eb1-4095-b83c-1f66ceb08833,こりまる。,108266073,9,1,1,6400,6400,6400,13,13,0,1,1,0,0,1,0,0,0,,0,0,2,20,10,0,2,0,0,0,0,0,0,0,0,0,0,1,0,0,0,0,0,1,0,0,0,0,0,0,0,0,0,0,0,0,0,0,0,0,0,0,0,0,0,0,0,0,0,0,0,0,0,0,0,0,0,0,0,0,0,0,0,0,0,0,0,0,0,0,0,0
251001-c8c9829d-1eb1-4095-b83c-1f66ceb08833,ひつじ04,69255735,9,1,4,17700,4425,7900,32,8,1,3,1,0,2,2,0,1,12000,12000,0,0,3,21,7,2,2,1,3,1,5,1,2,0,0,0,0,0,0,0,0,0,2,0,0,0,0,0,0,0,0,0,0,0,0,0,0,0,0,0,2,0,0,0,0,0,0,0,0,0,0,0,0,0,0,0,0,0,0,0,0,0,0,0,0,0,0,0,0,0,0,0
251001-c8c9829d-1eb1-4095-b83c-1f66ceb08833,suzuken3,74756413,9,2,3,30000,10000,12000,37,12.3,2,1,0,0,3,3,1,2,11600,5800,0,0,4,39,9.8,3,3,1,3,0,3,2,3,0,0,0,0,0,0,0,0,0,0,0,1,0,0,0,0,0,0,0,0,0,0,0,0,0,0,0,2,0,0,0,0,0,0,0,0,0,0,0,0,0,0,0,0,0,0,0,0,0,0,0,0,0,0,0,0,0,0,0
251001-5f499760-5673-4478-8b3b-08ed0503553b,SaRa,72014327,16,2,5,35800,7160,16000,59,11.8,3,2,0,0,5,2,1,4,18300,4575,0,0,3,29,9.7,3,3,0,6,2,9,1,3,0,0,0,0,0,1,1,0,1,1,0,0,1,0,0,0,0,0,0,0,0,0,0,0,0,0,0,0,0,0,0,0,0,0,0,0,0,0,0,0,0,0,0,0,0,0,0,0,0,0,0,0,0,0,0,0,0,0,0
251001-5f499760-5673-4478-8b3b-08ed0503553b,suzuken3,74756413,16,2,5,21900,4380,7900,67,13.4,2,3,0,0,1,3,1,0,0,,0,0,4,33,8.3,3,3,1,4,2,7,2,3,0,0,0,0,0,1,0,0,0,1,0,0,0,0,0,0,0,0,0,0,0,0,0,0,0,0,0,0,0,0,0,0,0,0,0,0,0,0,0,0,0,0,0,0,0,0,0,0,0,0,0,0,0,0,0,0,0,0,0
251001-5f499760-5673-4478-8b3b-08ed0503553b,こりまる。,108266073,16,2,0,0,,,0,,0,0,0,0,0,0,0,3,15900,5300,2,0,5,48,9.6,0,5,0,2,0,4,0,0,0,0,0,0,0,0,0,0,0,0,0,0,0,0,0,0,0,0,0,0,0,0,0,0,0,0,0,0,0,0,0,0,0,0,0,0,0,0,0,0,0,0,0,0,0,0,0,0,0,0,0,0,0,0,0,0,0,0,0
251001-5f499760-5673-4478-8b3b-08ed0503553b,ひつじ04,69255735,16,4,5,26000,5200,11600,49,9.8,1,4,0,0,3,0,0,1,12000,12000,0,0,2,21,10.5,2,1,1,10,3,16,0,2,0,0,0,0,0,1,0,2,1,0,0,1,0,0,1,0,0,0,0,0,0,0,0,0,0,0,0,0,0,0,0,0,0,0,0,0,0,0,0,0,0,0,0,0,0,0,0,0,0,0,0,0,0,0,0,0,0,0,0
251001-12a85fef-14c8-45f4-84c3-b57b56219d9c,クロミです,105506555,9,2,3,27200,9067,11600,36,12,1,2,0,0,2,2,0,0,0,,0,0,4,40,10,3,3,1,2,0,4,1,3,0,0,0,0,0,0,0,0,0,1,0,2,0,0,0,0,0,0,0,0,0,0,0,0,0,0,0,1,0,0,0,0,0,0,0,0,0,0,0,0,0,0,0,0,0,0,0,0,0,0,0,0,0,0,0,0,0,0,0
251001-12a85fef-14c8-45f4-84c3-b57b56219d9c,ひつじ04,69255735,9,1,0,0,,,0,,0,0,0,0,0,0,0,2,15700,7850,0,0,2,26,13,0,0,2,5,0,7,0,0,0,0,0,0,0,0,0,0,0,0,0,0,0,0,0,0,0,0,0,0,0,0,0,0,0,0,0,0,0,0,0,0,0,0,0,0,0,0,0,0,0,0,0,0,0,0,0,0,0,0,0,0,0,0,0,0,0,0,0
251001-12a85fef-14c8-45f4-84c3-b57b56219d9c,ほかほか亭白米,107968426,9,1,2,11600,5800,6400,34,17,1,1,0,0,1,1,0,2,14800,7400,0,0,3,34,11.3,2,2,1,2,0,3,1,2,0,0,0,0,0,0,0,0,0,0,0,1,0,0,0,0,0,0,0,0,0,0,1,0,0,0,0,0,0,0,0,0,0,0,0,0,0,0,0,0,0,0,0,0,0,0,0,0,0,0,0,0,0,0,0,0,0,0,0
251001-12a85fef-14c8-45f4-84c3-b57b56219d9c,Kasumisou,69812091,9,1,2,11200,5600,8000,26,13,0,2,1,0,1,1,0,1,6400,6400,0,0,1,12,12,0,1,0,3,1,3,0,0,0,0,0,0,1,0,0,0,0,1,0,0,0,0,0,0,0,0,0,0,0,0,1,0,1,0,0,0,0,0,0,0,0,0,0,0,0,0,0,0,0,0,0,0,0,0,0,0,0,0,0,0,0,0,0,0,0,0,0
251001-97e5ea0c-78f3-4e89-b145-0e42915e3a5a,ちたーふ,68331919,12,2,4,17000,4250,7700,44,11,0,4,2,0,3,2,0,2,4000,2000,0,0,1,10,10,0,0,1,4,2,6,0,0,0,0,0,0,0,1,1,1,0,2,0,0,0,0,0,0,0,0,0,0,0,0,0,0,0,0,0,0,0,0,0,0,0,0,0,0,0,0,0,0,0,0,0,0,0,0,0,0,0,0,0,0,0,0,0,0,0,0,0
251001-97e5ea0c-78f3-4e89-b145-0e42915e3a5a,かんんちゃ,104219450,12,2,2,14000,7000,12000,20,10,0,2,0,0,2,1,0,2,3900,1950,0,0,2,9,4.5,2,2,0,4,0,5,0,2,0,0,0,0,0,0,0,0,0,0,0,0,0,0,0,0,0,0,0,0,0,0,1,0,0,0,0,0,0,0,0,0,0,0,0,0,0,0,0,0,0,0,0,0,0,0,0,0,0,0,0,0,0,0,0,0,0,0,0
251001-97e5ea0c-78f3-4e89-b145-0e42915e3a5a,さめ1205,105447339,12,2,3,5900,1967,2900,39,13,0,3,0,0,1,0,0,5,24200,4840,0,0,2,25,12.5,1,1,1,8,2,12,0,1,0,0,0,0,0,0,0,0,0,1,0,1,1,0,0,0,0,0,0,0,0,0,0,0,0,0,0,0,0,0,0,0,0,0,0,0,0,0,0,0,0,0,0,0,0,0,0,0,0,0,0,0,0,0,0,0,0,0,0
251001-97e5ea0c-78f3-4e89-b145-0e42915e3a5a,ルート12345,71218983,12,2,2,8100,4050,5200,31,15.5,1,1,0,0,1,1,0,1,7700,7700,0,0,2,17,8.5,1,2,0,3,1,4,1,1,0,0,0,0,1,0,0,0,0,0,0,0,0,0,0,0,0,0,0,0,0,0,0,0,0,0,0,0,0,0,0,0,0,0,0,0,0,0,0,0,0,0,0,0,0,0,0,0,0,0,0,0,0,0,0,0,0,0,0
251001-91527e39-b434-453c-8976-02e1d071695b,閄くん,102172268,12,3,5,42800,8560,18000,59,11.8,2,3,2,0,2,3,0,1,1000,1000,0,0,2,18,9,2,2,0,4,1,6,2,2,0,0,0,0,0,0,0,1,0,1,0,0,0,2,0,0,0,0,1,0,0,0,0,0,1,0,0,0,0,0,0,0,0,0,0,0,0,0,0,0,0,0,0,0,0,0,0,0,0,0,0,0,0,0,0,0,0,0,0
251001-91527e39-b434-453c-8976-02e1d071695b,ルート12345,71218983,12,2,3,11000,3667,8000,40,13.3,0,3,0,0,2,1,0,0,0,,0,0,5,44,8.8,1,4,1,4,2,8,0,1,0,0,0,0,0,1,0,0,0,1,0,0,0,0,0,0,0,0,0,0,0,0,0,0,0,0,0,1,0,0,0,0,0,0,0,0,0,0,0,0,0,0,0,0,0,0,0,0,0,0,0,0,0,0,0,0,0,0,0
251001-91527e39-b434-453c-8976-02e1d071695b,さめ1205,105447339,12,1,0,0,,,0,,0,0,0,0,0,0,0,5,46900,9380,0,1,1,15,15,0,1,0,9,0,16,0,0,0,0,0,0,0,0,0,0,0,0,0,0,0,0,0,0,0,0,0,0,0,0,0,0,0,0,0,0,0,0,0,0,0,0,0,0,0,0,0,0,0,0,0,0,0,0,0,0,0,0,0,0,0,0,0,0,0,0,0
251001-91527e39-b434-453c-8976-02e1d071695b,ちたーふ,68331919,12,2,3,20900,6967,8000,40,13.3,1,2,0,0,0,1,0,2,9700,4850,0,0,1,9,9,1,1,0,4,2,10,1,1,0,0,0,0,0,0,1,1,0,1,0,1,0,0,0,0,0,0,2,0,0,0,0,0,0,0,0,0,0,0,0,0,0,0,0,0,0,0,0,0,0,0,0,0,0,0,0,0,0,0,0,0,0,0,0,0,0,0,0
251001-24bf0562-b0f0-496e-9cf5-12f31a1a275e,クロミです,105506555,14,1,2,4600,2300,2600,24,12,0,2,0,0,2,0,0,0,0,,0,0,2,18,9,1,2,0,4,1,5,0,1,0,0,0,0,1,0,0,0,0,0,0,0,0,0,0,0,0,0,0,0,0,0,0,0,0,0,0,0,0,0,0,0,0,0,0,0,0,0,0,0,0,0,0,0,0,0,0,0,0,0,0,0,0,0,0,0,0,0,0
251001-24bf0562-b0f0-496e-9cf5-12f31a1a275e,かんんちゃ,104219450,14,4,4,17600,4400,12000,52,13,2,2,0,0,0,2,2,1,1000,1000,1,0,3,27,9,2,3,0,5,2,8,1,2,0,0,0,0,0,0,1,0,0,1,0,0,0,0,0,0,0,0,0,0,0,0,0,0,0,0,0,0,0,0,0,0,0,0,0,0,0,0,0,0,0,0,0,0,0,0,0,0,0,0,0,0,0,0,0,0,0,0,0
251001-24bf0562-b0f0-496e-9cf5-12f31a1a275e,ほかほか亭白米,107968426,14,3,0,0,,,0,,0,0,0,0,0,0,0,2,4600,2300,0,0,1,6,6,0,1,0,5,0,10,0,0,0,0,0,0,0,0,0,0,0,0,0,0,0,0,0,0,0,0,0,0,0,0,0,0,0,0,0,0,0,0,0,0,0,0,0,0,0,0,0,0,0,0,0,0,0,0,0,0,0,0,0,0,0,0,0,0,0,0,0
251001-24bf0562-b0f0-496e-9cf5-12f31a1a275e,琴音04,101333044,14,2,4,22500,5625,12000,61,15.3,3,1,0,0,2,1,3,2,4100,2050,1,1,4,37,9.3,2,4,0,5,2,9,2,2,0,0,0,0,1,1,0,0,0,2,0,0,0,0,0,0,0,0,0,0,0,0,0,0,0,0,0,0,0,0,0,0,0,0,0,0,0,0,0,0,0,0,0,0,0,0,0,0,0,0,0,0,0,0,0,0,0,0,0
251001-00b441a2-23b3-45a3-91a3-0fbff09260d4,Kasumisou,69812091,12,2,3,15900,5300,11700,34,11.3,1,2,0,0,0,0,0,1,2000,2000,0,0,3,31,10.3,2,2,1,2,1,3,1,2,0,0,0,0,0,0,0,0,1,0,0,1,0,1,0,0,0,0,0,0,0,0,0,0,0,0,0,0,0,0,0,0,0,0,0,0,0,0,0,0,0,0,0,0,0,0,0,0,0,0,0,0,0,0,0,0,0,0,0
251001-00b441a2-23b3-45a3-91a3-0fbff09260d4,kotetsu0422,68590027,12,1,0,0,,,0,,0,0,0,0,0,0,0,0,0,,0,0,1,4,4,0,1,0,3,0,5,0,0,0,0,0,0,0,0,0,0,0,0,0,0,0,0,0,0,0,0,0,0,0,0,0,0,0,0,0,0,0,0,0,0,0,0,0,0,0,0,0,0,0,0,0,0,0,0,0,0,0,0,0,0,0,0,0,0,0,0,0
251001-00b441a2-23b3-45a3-91a3-0fbff09260d4,ちたーふ,68331919,12,1,2,6000,3000,4000,21,10.5,1,1,0,0,3,0,0,3,8100,2700,0,0,0,0,,0,0,0,5,2,6,0,0,0,0,0,0,0,0,0,0,0,1,0,0,0,0,1,0,0,0,0,0,0,0,0,0,0,0,0,0,0,0,0,0,0,0,0,0,0,0,0,0,0,0,0,0,0,0,0,0,0,0,0,0,0,0,0,0,0,0,0
251001-00b441a2-23b3-45a3-91a3-0fbff09260d4,閄くん,102172268,12,3,5,68800,13760,48000,52,10.4,3,2,1,1,1,3,1,1,2900,2900,0,0,3,18,6,2,3,0,5,2,8,2,2,0,0,0,0,0,0,1,0,0,2,0,0,0,0,0,0,0,0,0,0,0,0,0,0,0,0,0,1,0,0,0,1,0,0,0,0,0,0,0,0,0,0,0,0,0,0,0,0,0,0,0,0,0,0,0,0,0,0,0
251002-e7a76ad3-c532-42d0-83d1-e2e788ceeb91,みそ汁だけ定食,70508460,9,1,2,3100,1550,2000,21,10.5,1,1,0,0,0,1,0,3,15200,5067,1,0,1,7,7,0,0,1,4,2,4,0,0,0,0,0,0,0,0,0,0,0,2,0,0,0,0,0,0,0,0,0,0,0,0,0,0,0,0,0,0,0,0,0,0,0,0,0,0,0,0,0,0,0,0,0,0,0,0,0,0,0,0,0,0,0,0,0,0,0,0,0
251002-e7a76ad3-c532-42d0-83d1-e2e788ceeb91,ひつじ04,69255735,9,1,1,2000,2000,2000,11,11,0,1,0,0,1,0,0,1,2600,2600,0,0,1,7,7,0,1,0,2,1,3,0,0,0,0,0,0,0,0,0,0,0,0,0,0,0,1,0,0,0,0,0,0,0,0,0,0,0,0,0,0,0,0,0,0,0,0,0,0,0,0,0,0,0,0,0,0,0,0,0,0,0,0,0,0,0,0,0,0,0,0,0
251002-e7a76ad3-c532-42d0-83d1-e2e788ceeb91,suzuken3,74756413,9,2,5,24100,4820,8000,44,8.8,2,3,0,0,1,1,4,1,2000,2000,0,0,4,23,5.8,4,4,0,1,1,1,1,4,0,0,0,0,0,0,1,0,0,1,0,0,0,0,0,0,0,0,0,0,0,0,0,1,0,0,0,0,0,0,0,0,0,0,0,0,0,0,0,0,0,0,0,0,0,0,0,0,0,0,0,0,0,0,0,0,0,0,0
251002-e7a76ad3-c532-42d0-83d1-e2e788ceeb91,ほかほか亭白米,107968426,9,1,1,5200,5200,5200,10,10,0,1,0,0,0,1,0,1,2600,2600,0,0,1,8,8,1,0,1,4,0,7,0,1,0,0,0,0,0,0,0,0,1,0,0,0,0,0,0,0,0,0,0,0,0,0,0,0,0,0,0,0,0,0,0,0,0,0,0,0,0,0,0,0,0,0,0,0,0,0,0,0,0,0,0,0,0,0,0,0,0,0,0
251002-ee73bedd-ebf9-42d0-9ff8-e5760b549ce7,琴音04,101333044,12,3,6,32400,5400,11700,71,11.8,3,3,0,0,1,4,0,2,15700,7850,0,1,2,16,8,2,2,0,5,4,7,2,2,0,0,0,0,1,0,2,0,0,1,1,0,0,0,0,0,0,0,0,0,0,0,1,0,0,0,0,1,0,0,0,0,0,0,0,0,0,0,0,0,0,0,0,0,0,0,0,0,0,0,0,0,0,0,0,0,0,0,0
251002-ee73bedd-ebf9-42d0-9ff8-e5760b549ce7,かんんちゃ,104219450,12,1,2,6600,3300,4000,22,11,1,1,0,0,1,1,0,2,3000,1500,1,0,5,40,8,2,3,2,2,0,2,1,2,0,0,0,0,0,0,0,0,0,0,0,0,0,0,0,0,0,0,0,0,0,0,0,0,0,0,0,0,0,0,0,0,0,0,0,0,0,0,0,0,0,0,0,0,0,0,0,0,0,0,0,0,0,0,0,0,0,0,0
251002-ee73bedd-ebf9-42d0-9ff8-e5760b549ce7,閄くん,102172268,12,1,2,2300,1150,1300,24,12,0,2,0,0,0,0,0,1,2900,2900,0,0,0,0,,0,0,0,7,2,14,0,0,0,0,0,0,0,1,0,0,0,1,0,0,0,0,0,0,0,0,0,0,0,0,0,0,0,0,0,0,0,0,0,0,0,0,0,0,0,0,0,0,0,0,0,0,0,0,0,0,0,0,0,0,0,0,0,0,0,0,0
251002-ee73bedd-ebf9-42d0-9ff8-e5760b549ce7,Kasumisou,69812091,12,2,2,15700,7850,8000,24,12,0,2,0,0,3,1,0,3,5400,1800,1,0,3,29,9.7,1,3,0,3,1,4,0,1,0,0,0,0,0,0,0,1,0,0,0,0,0,0,0,0,0,0,0,0,0,0,0,0,0,0,0,1,0,0,0,0,0,0,0,0,0,0,0,0,0,0,0,0,0,0,0,0,0,0,0,0,0,0,0,0,0,0,0
251002-95f88dfd-2226-4194-8c5b-0f856728d9cd,かんんちゃ,104219450,8,1,2,3600,1800,2600,26,13,0,2,0,0,0,0,1,1,12000,12000,0,0,1,12,12,1,0,1,5,1,6,0,1,0,0,0,0,0,0,1,0,0,0,0,0,0,0,0,0,0,0,0,0,0,0,0,0,0,0,0,0,0,0,0,0,0,0,0,0,0,0,0,0,0,0,0,0,0,0,0,0,0,0,0,0,0,0,0,0,0,0,0
251002-95f88dfd-2226-4194-8c5b-0f856728d9cd,ルート12345,71218983,8,1,0,0,,,0,,0,0,0,0,0,0,0,4,8100,2025,1,0,1,9,9,0,1,0,3,0,4,0,0,0,0,0,0,0,0,0,0,0,0,0,0,0,0,0,0,0,0,0,0,0,0,0,0,0,0,0,0,0,0,0,0,0,0,0,0,0,0,0,0,0,0,0,0,0,0,0,0,0,0,0,0,0,0,0,0,0,0,0
251002-95f88dfd-2226-4194-8c5b-0f856728d9cd,閄くん,102172268,8,1,3,6200,2067,2600,39,13,0,3,0,0,1,0,0,0,0,,0,0,3,35,11.7,1,2,1,3,2,4,0,1,0,0,0,0,0,0,1,0,0,1,0,0,0,0,1,0,0,0,0,0,0,0,0,0,0,0,0,0,0,0,0,0,0,0,0,0,0,0,0,0,0,0,0,0,0,0,0,0,0,0,0,0,0,0,0,0,0,0,0
251002-95f88dfd-2226-4194-8c5b-0f856728d9cd,クロミです,105506555,8,1,3,14800,4933,12000,43,14.3,1,2,0,0,0,2,1,2,3000,1500,0,0,2,21,10.5,2,2,0,2,1,3,0,2,0,0,0,0,0,1,0,0,0,0,0,0,0,0,1,0,0,0,0,0,0,0,0,0,0,0,0,0,0,0,0,0,0,0,0,0,0,0,0,0,0,0,0,0,0,0,0,0,0,0,0,0,0,0,0,0,0,0,0
251002-fcf2d0d8-6c45-45df-a6a7-21a555189c5f,ねこぜ7272,106334717,11,1,2,7900,3950,4000,17,8.5,1,1,1,0,2,0,0,2,19700,9850,0,0,0,0,,0,0,0,2,1,3,1,0,0,0,0,0,0,0,1,0,0,1,1,0,0,0,0,0,0,0,0,0,0,0,0,0,0,0,0,0,0,0,0,0,0,0,0,0,0,0,0,0,0,0,0,0,0,0,0,0,0,0,0,0,0,0,0,0,0,0,0
251002-fcf2d0d8-6c45-45df-a6a7-21a555189c5f,こりまる。,108266073,11,3,3,20700,6900,12000,34,11.3,0,3,0,0,1,2,1,1,3900,3900,0,0,3,33,11,2,2,1,1,1,1,0,2,0,0,0,0,0,1,0,0,0,0,0,0,0,0,0,0,0,0,0,0,0,0,0,0,0,0,0,1,0,0,0,0,0,0,0,0,0,0,0,0,0,0,0,0,0,0,0,0,0,0,0,0,0,0,0,0,0,0,0
251002-fcf2d0d8-6c45-45df-a6a7-21a555189c5f,ちたーふ,68331919,11,2,2,8000,4000,6000,15,7.5,2,0,1,0,0,0,0,1,1000,1000,0,0,2,15,7.5,1,1,1,3,0,5,2,1,0,0,0,0,0,0,0,0,0,1,1,0,0,0,0,0,0,0,0,0,0,0,0,0,0,0,0,0,0,0,0,0,0,0,0,0,0,0,0,0,0,0,0,0,0,0,0,0,0,0,0,0,0,0,0,0,0,0,0
251002-fcf2d0d8-6c45-45df-a6a7-21a555189c5f,Kasumisou,69812091,11,1,0,0,,,0,,0,0,0,0,0,0,0,0,0,,0,0,2,12,6,0,2,0,2,0,3,0,0,0,0,0,0,0,0,0,0,0,0,0,0,0,0,0,0,0,0,0,0,0,0,0,0,0,0,0,0,0,0,0,0,0,0,0,0,0,0,0,0,0,0,0,0,0,0,0,0,0,0,0,0,0,0,0,0,0,0,0
251002-1f98fcbb-edff-43dd-907a-72549090e822,クロミです,105506555,17,1,2,16000,8000,8000,30,15,1,1,1,0,3,2,0,4,18000,4500,0,0,0,0,,0,0,0,4,1,7,1,0,0,1,0,0,0,0,0,0,0,2,0,0,0,0,0,0,0,0,0,0,0,0,0,0,0,0,0,0,0,0,0,0,0,0,0,0,0,0,0,0,0,0,0,0,0,0,0,0,0,0,0,0,0,0,0,0,0,0,0
251002-1f98fcbb-edff-43dd-907a-72549090e822,閄くん,102172268,17,2,3,9500,3167,3900,28,9.3,1,2,0,0,1,3,0,3,25400,8467,0,0,1,10,10,0,1,0,5,3,9,0,0,0,0,0,0,0,2,0,1,0,0,0,0,0,0,0,0,0,0,0,0,0,0,0,0,0,0,0,0,0,0,0,0,0,0,0,0,0,0,0,0,0,0,0,0,0,0,0,0,0,0,0,0,0,0,0,0,0,0,0
251002-1f98fcbb-edff-43dd-907a-72549090e822,kotetsu0422,68590027,17,3,5,45100,9020,12000,59,11.8,0,5,2,0,4,2,0,0,0,,0,0,0,0,,0,0,0,7,3,9,0,0,0,0,0,0,2,0,0,0,0,1,0,1,0,0,1,0,0,0,0,0,0,0,0,0,2,1,0,0,0,0,0,0,0,0,0,0,0,0,0,0,0,0,0,0,0,0,0,0,0,0,0,0,0,0,0,0,0,0,0
251002-1f98fcbb-edff-43dd-907a-72549090e822,かんんちゃ,104219450,17,5,5,37900,7580,12000,53,10.6,2,3,2,0,3,1,0,4,30400,7600,1,0,5,38,7.6,2,5,0,3,1,4,2,2,0,0,0,0,0,0,1,0,0,1,0,3,0,0,1,0,0,0,0,0,0,0,0,0,0,0,0,1,0,0,0,0,0,0,0,0,0,0,0,0,0,0,0,0,0,0,0,0,0,0,0,0,0,0,0,0,0,0,0
251002-cb3d1377-b9e9-4ed5-bd2e-a99bce611512,ゆい412,106286144,14,3,1,32000,32000,32000,17,17,1,0,0,0,0,1,3,4,8200,2050,0,1,5,64,12.8,1,4,1,5,0,7,1,1,0,0,0,0,0,0,0,0,0,0,0,0,0,1,0,0,0,0,0,0,0,0,0,0,0,0,1,1,0,0,0,0,0,0,0,0,0,0,0,0,0,0,0,0,0,0,0,0,0,0,0,0,0,0,0,0,0,0,0
251002-cb3d1377-b9e9-4ed5-bd2e-a99bce611512,ちたーふ,68331919,14,1,2,4900,2450,3900,18,9,0,2,0,0,1,1,0,0,0,,0,0,1,14,14,0,1,0,3,2,6,0,0,0,0,0,0,1,0,0,0,0,0,0,0,0,1,0,0,0,0,0,0,0,0,0,0,0,0,0,0,0,0,0,0,0,0,0,0,0,0,0,0,0,0,0,0,0,0,0,0,0,0,0,0,0,0,0,0,0,0,0
251002-cb3d1377-b9e9-4ed5-bd2e-a99bce611512,クロミです,105506555,14,3,2,4600,2300,2600,18,9,0,2,0,0,1,0,0,0,0,,0,0,3,32,10.7,1,2,1,5,1,7,0,1,0,0,0,0,1,0,0,0,0,0,0,0,0,0,0,0,0,0,0,0,0,0,0,0,0,0,0,0,0,0,0,0,0,0,0,0,0,0,0,0,0,0,0,0,0,0,0,0,0,0,0,0,0,0,0,0,0,0,0
251002-cb3d1377-b9e9-4ed5-bd2e-a99bce611512,閄くん,102172268,14,2,4,14000,3500,7900,52,13,3,1,0,0,0,1,0,1,3900,3900,0,0,2,15,7.5,1,1,1,10,3,17,1,1,0,0,0,0,0,1,0,0,1,1,0,0,0,0,0,0,0,0,1,0,0,0,0,0,0,0,0,1,0,0,0,0,0,0,0,0,0,0,0,0,0,0,0,0,0,0,0,0,0,0,0,0,0,0,0,0,0,0,0
251003-92dd972c-2a8f-4c81-9084-4323ee459cdf,suzuken3,74756413,8,1,0,0,,,0,,0,0,0,0,0,0,0,1,3900,3900,0,1,1,7,7,0,1,0,3,0,6,0,0,0,0,0,0,0,0,0,0,0,0,0,0,0,0,0,0,0,0,0,0,0,0,0,0,0,0,0,0,0,0,0,0,0,0,0,0,0,0,0,0,0,0,0,0,0,0,0,0,0,0,0,0,0,0,0,0,0,0,0
251003-92dd972c-2a8f-4c81-9084-4323ee459cdf,かんんちゃ,104219450,8,1,1,2000,2000,2000,16,16,1,0,0,0,1,0,0,1,7700,7700,0,0,3,37,12.3,0,3,0,4,1,4,0,0,0,0,0,0,0,0,0,0,0,0,0,0,0,0,1,0,0,0,0,0,0,0,0,0,0,0,0,0,0,0,0,0,0,0,0,0,0,0,0,0,0,0,0,0,0,0,0,0,0,0,0,0,0,0,0,0,0,0,0
251003-92dd972c-2a8f-4c81-9084-4323ee459cdf,HARUBOKKURl,69199453,8,1,3,9900,3300,4000,43,14.3,2,1,0,0,0,0,0,0,0,,0,0,3,31,10.3,3,2,1,3,0,4,2,3,0,0,0,0,0,0,0,0,0,1,0,1,0,0,0,0,0,0,0,0,0,0,0,0,0,0,0,1,0,0,0,0,0,0,0,0,0,0,0,0,0,0,0,0,0,0,0,0,0,0,0,0,0,0,0,0,0,0,0
251003-92dd972c-2a8f-4c81-9084-4323ee459cdf,ひつじ04,69255735,8,1,3,23700,7900,8000,47,15.7,2,1,0,0,6,0,0,0,0,,0,0,0,0,,0,0,0,4,3,9,0,0,0,0,0,0,0,1,1,0,0,0,0,0,0,1,0,0,0,0,0,0,0,0,0,0,2,0,0,0,0,0,0,0,0,0,0,0,0,0,0,0,0,0,0,0,0,0,0,0,0,0,0,0,0,0,0,0,0,0,0
251003-623c0dfd-73da-4c24-a2ad-68b22412906c,HARUBOKKURl,69199453,11,1,2,19900,9950,12000,33,16.5,2,0,0,0,2,3,0,2,2300,1150,0,0,1,14,14,1,0,1,3,1,3,1,1,0,0,0,0,1,0,0,0,0,1,1,0,0,0,0,0,0,0,0,0,0,0,0,0,0,0,0,0,0,0,0,0,0,0,0,0,0,0,0,0,0,0,0,0,0,0,0,0,0,0,0,0,0,0,0,0,0,0,0
251003-623c0dfd-73da-4c24-a2ad-68b22412906c,ひつじ04,69255735,11,3,2,2300,1150,1300,21,10.5,0,2,1,0,0,0,0,0,0,,0,0,0,0,,0,0,0,8,1,14,0,0,0,0,0,0,0,0,1,0,0,0,1,0,0,0,0,0,0,0,0,0,0,0,0,0,0,0,0,0,0,0,0,0,0,0,0,0,0,0,0,0,0,0,0,0,0,0,0,0,0,0,0,0,0,0,0,0,0,0,0
251003-623c0dfd-73da-4c24-a2ad-68b22412906c,suzuken3,74756413,11,2,2,6600,3300,3900,18,9,2,0,0,0,0,1,0,1,2600,2600,1,0,3,21,7,1,3,0,3,1,4,1,1,0,0,0,0,1,0,0,0,0,0,0,0,0,0,0,0,0,0,0,0,0,0,0,0,0,0,0,0,0,0,0,0,0,0,0,0,0,0,0,0,0,0,0,0,0,0,0,0,0,0,0,0,0,0,0,0,0,0,0
251003-623c0dfd-73da-4c24-a2ad-68b22412906c,かんんちゃ,104219450,11,1,3,15600,5200,12000,36,12,1,2,1,0,2,2,0,1,1000,1000,0,0,2,23,11.5,1,1,1,2,1,4,1,1,0,0,0,0,0,0,1,1,0,0,0,0,0,0,0,0,0,0,0,1,0,0,0,0,0,0,0,0,0,0,0,0,0,0,0,0,0,0,0,0,0,0,0,0,0,0,0,0,0,0,0,0,0,0,0,0,0,0,0
251003-1bef1eeb-d92d-4298-8e59-bb39b57e6c1c,岡崎犬,73609886,12,1,1,2000,2000,2000,15,15,0,1,0,0,1,0,0,0,0,,0,0,1,11,11,0,0,1,6,1,8,0,0,0,0,0,0,0,0,0,0,0,0,0,0,0,1,0,0,0,0,0,0,0,0,0,0,0,0,0,0,0,0,0,0,0,0,0,0,0,0,0,0,0,0,0,0,0,0,0,0,0,0,0,0,0,0,0,0,0,0,0
251003-1bef1eeb-d92d-4298-8e59-bb39b57e6c1c,ルート12345,71218983,12,3,3,16200,5400,8000,38,12.7,2,1,1,0,2,1,0,1,1500,1500,0,0,4,31,7.8,2,4,0,1,0,1,2,2,0,0,0,0,0,0,0,0,0,1,0,0,0,0,0,0,0,0,0,0,0,0,0,0,0,0,0,1,0,0,0,0,0,0,0,0,0,0,0,0,0,0,0,0,0,0,0,0,0,0,0,0,0,0,0,0,0,0,0
251003-1bef1eeb-d92d-4298-8e59-bb39b57e6c1c,クロミです,105506555,12,3,4,21400,5350,12000,50,12.5,2,2,0,0,1,2,1,2,10000,5000,0,0,5,59,11.8,3,4,1,2,1,2,2,3,0,0,0,0,0,0,0,0,0,2,0,1,0,0,0,0,0,0,0,0,0,0,0,0,0,0,0,0,0,0,0,0,0,0,0,0,0,0,0,0,0,0,0,0,0,0,0,0,0,0,0,0,0,0,0,0,0,0,0
251003-1bef1eeb-d92d-4298-8e59-bb39b57e6c1c,HARUBOKKURl,69199453,12,1,1,8000,8000,8000,9,9,0,1,0,0,0,1,0,2,9100,4550,0,0,1,11,11,0,1,0,4,1,7,0,0,0,0,0,0,0,1,1,0,0,0,0,0,0,0,0,0,0,0,0,0,0,0,0,0,1,0,0,0,0,0,0,0,0,0,0,0,0,0,0,0,0,0,0,0,0,0,0,0,0,0,0,0,0,0,0,0,0,0,0
251004-350e6855-a54b-406f-8430-e9b314538ef2,kotetsu0422,68590027,9,1,4,33000,8250,12000,51,12.8,0,4,0,0,1,1,3,2,27900,13950,0,0,2,9,4.5,2,2,0,3,2,5,0,2,0,0,0,0,0,1,1,1,0,1,1,1,0,0,0,0,0,0,1,0,0,0,0,0,1,0,0,0,0,0,0,0,0,0,0,0,0,0,0,0,0,0,0,0,0,0,0,0,0,0,0,0,0,0,0,0,0,0,0
251004-350e6855-a54b-406f-8430-e9b314538ef2,suzuken3,74756413,9,2,3,13000,4333,5200,42,14,0,3,0,0,2,2,0,0,0,,0,0,3,33,11,1,3,0,4,2,6,0,1,0,0,0,0,0,0,1,0,0,1,0,0,0,0,0,0,0,0,0,0,0,0,0,0,1,0,0,0,0,0,0,0,0,0,0,0,0,0,0,0,0,0,0,0,0,0,0,0,0,0,0,0,0,0,0,0,0,0,0
251004-350e6855-a54b-406f-8430-e9b314538ef2,れもんじゅるる,104892338,9,1,1,2000,2000,2000,9,9,0,1,0,0,0,1,0,3,25200,8400,1,0,3,41,13.7,0,2,1,4,1,8,0,0,0,0,0,0,0,1,0,0,0,0,0,0,0,0,0,0,0,0,0,0,0,0,0,0,0,0,0,0,0,0,0,0,0,0,0,0,0,0,0,0,0,0,0,0,0,0,0,0,0,0,0,0,0,0,0,0,0,0,0
251004-350e6855-a54b-406f-8430-e9b314538ef2,禀媄,106830375,9,1,1,24000,24000,24000,16,16,0,1,0,0,0,0,0,3,18900,6300,0,0,1,14,14,0,0,1,1,1,2,0,0,0,0,0,0,0,1,1,1,0,0,0,0,0,0,0,0,0,0,1,0,1,1,0,0,1,0,0,0,0,0,0,0,0,0,0,0,0,0,0,0,0,0,0,0,0,0,0,0,0,0,0,0,0,0,0,0,0,0,0
251004-3451eb2a-ab99-43b4-8493-bbce157724db,禀媄,106830375,10,1,1,1300,1300,1300,5,5,0,1,0,0,0,0,0,3,26900,8967,1,0,4,32,8,1,3,1,3,0,4,0,1,0,0,0,0,0,0,0,0,0,0,0,0,0,0,0,0,0,0,0,0,0,0,0,0,0,0,0,0,0,0,0,0,0,0,0,0,0,0,0,0,0,0,0,0,0,0,0,0,0,0,0,0,0,0,0,0,0,0,0
251004-3451eb2a-ab99-43b4-8493-bbce157724db,うっかりゆるる,105758204,10,2,4,16900,4225,8000,41,10.3,3,1,0,0,3,1,2,1,8000,8000,0,0,2,16,8,1,1,1,5,3,10,1,1,0,0,0,0,0,0,0,0,0,2,0,0,0,0,2,0,0,0,0,0,0,0,0,0,0,0,0,0,0,0,0,0,0,0,0,0,0,0,0,0,0,0,0,0,0,0,0,0,0,0,0,0,0,0,0,0,0,0,0
251004-3451eb2a-ab99-43b4-8493-bbce157724db,suzuken3,74756413,10,1,1,8000,8000,8000,17,17,0,1,0,0,0,0,0,0,0,,0,0,1,11,11,1,1,0,3,0,3,0,1,0,0,0,0,0,1,0,0,0,0,0,0,0,0,0,0,0,0,0,0,0,0,0,0,1,0,0,0,0,0,0,0,0,0,0,0,0,0,0,0,0,0,0,0,0,0,0,0,0,0,0,0,0,0,0,0,0,0,0
251004-3451eb2a-ab99-43b4-8493-bbce157724db,ちたーふ,68331919,10,2,3,36000,12000,16000,38,12.7,1,2,0,0,6,2,4,1,1300,1300,0,0,4,36,9,2,2,2,2,1,3,0,2,0,0,0,0,0,0,0,1,1,0,0,0,0,0,0,0,0,0,0,0,0,0,0,0,0,0,0,1,0,0,0,0,0,0,0,0,0,0,0,0,0,0,0,0,0,0,0,0,0,0,0,0,0,0,0,0,0,0,0
251005-0d303a2a-76d3-4a03-a139-56d6ade8b737,SaRa,72014327,10,1,1,1300,1300,1300,9,9,0,1,0,0,0,0,0,4,19500,4875,0,0,1,7,7,1,1,0,1,0,2,0,1,0,0,0,0,0,0,0,0,0,0,0,0,0,0,0,0,0,0,0,0,0,0,0,0,0,0,0,0,0,0,0,0,0,0,0,0,0,0,0,0,0,0,0,0,0,0,0,0,0,0,0,0,0,0,0,0,0,0,0
251005-0d303a2a-76d3-4a03-a139-56d6ade8b737,Kasumisou,69812091,10,2,4,27600,6900,12000,58,14.5,1,3,1,0,1,3,2,2,10000,5000,1,0,3,30,10,2,3,0,2,1,3,1,2,0,0,0,0,1,0,0,0,0,3,0,1,0,0,0,0,0,0,0,0,0,0,0,0,0,0,0,0,0,0,0,0,0,0,0,0,0,0,0,0,0,0,0,0,0,0,0,0,0,0,0,0,0,0,0,0,0,0,0
251005-0d303a2a-76d3-4a03-a139-56d6ade8b737,ひつじ04,69255735,10,2,2,5900,2950,3900,27,13.5,0,2,0,0,0,2,0,1,2000,2000,0,0,0,0,,0,0,0,6,2,13,0,0,0,0,0,0,0,1,1,0,0,0,0,0,0,0,1,0,0,0,0,0,0,0,0,0,0,0,0,0,0,0,0,0,0,0,0,0,0,0,0,0,0,0,0,0,0,0,0,0,0,0,0,0,0,0,0,0,0,0,0
251005-0d303a2a-76d3-4a03-a139-56d6ade8b737,かんんちゃ,104219450,10,1,2,10000,5000,8000,16,8,0,2,0,0,0,0,1,1,1300,1300,0,0,2,14,7,1,2,0,3,1,3,0,1,0,0,0,0,0,0,1,0,0,1,1,0,0,0,0,0,0,0,0,0,0,0,0,0,0,0,0,0,0,0,0,0,0,0,0,0,0,0,0,0,0,0,0,0,0,0,0,0,0,0,0,0,0,0,0,0,0,0,0
251005-f71c2c3c-f36c-4e4b-9184-15a839a9edfe,かんんちゃ,104219450,14,2,4,13300,3325,5200,42,10.5,2,2,2,0,1,1,1,2,27600,13800,0,0,1,10,10,1,1,0,2,1,4,2,1,0,0,0,0,0,0,2,0,0,1,0,1,0,0,0,0,0,0,0,0,0,0,0,0,0,0,0,0,0,0,0,0,0,0,0,0,0,0,0,0,0,0,0,0,0,0,0,0,0,0,0,0,0,0,0,0,0,0,0
251005-f71c2c3c-f36c-4e4b-9184-15a839a9edfe,ひつじ04,69255735,14,1,2,18000,9000,16000,25,12.5,0,2,0,0,0,0,0,4,15000,3750,0,0,3,35,11.7,1,1,2,8,1,10,0,1,0,0,0,0,0,1,0,0,0,0,1,1,0,0,1,0,0,0,0,0,0,0,0,0,0,0,1,0,0,0,0,0,0,0,0,0,0,0,0,0,0,0,0,0,0,0,0,0,0,0,0,0,0,0,0,0,0,0,0
251005-f71c2c3c-f36c-4e4b-9184-15a839a9edfe,Kasumisou,69812091,14,4,3,18900,6300,12000,34,11.3,1,2,0,0,2,2,0,1,16000,16000,0,0,3,36,12,2,2,1,4,1,6,1,2,0,0,0,0,0,0,1,0,0,0,0,1,0,0,0,0,0,0,0,0,0,0,0,0,0,0,0,1,0,0,0,0,0,0,0,0,0,0,0,0,0,0,0,0,0,0,0,0,0,0,0,0,0,0,0,0,0,0,0
251005-f71c2c3c-f36c-4e4b-9184-15a839a9edfe,SaRa,72014327,14,2,3,35600,11867,16000,36,12,0,3,1,0,2,1,0,2,14000,7000,0,0,4,42,10.5,1,4,0,1,1,3,0,1,0,0,0,0,0,1,1,0,0,1,0,2,0,0,1,0,0,0,1,0,0,0,0,1,0,0,0,1,0,0,0,0,0,0,0,0,0,0,0,0,0,0,0,0,0,0,0,0,0,0,0,0,0,0,0,0,0,0,0
251005-5dc4458c-cd05-4f97-8868-9bb51af05966,ひつじ04,69255735,13,2,1,1500,1500,1500,15,15,0,1,0,0,0,0,0,0,0,,0,0,1,13,13,0,0,1,6,1,7,0,0,0,0,0,0,0,0,0,0,0,1,0,0,0,0,0,0,0,0,0,0,0,0,0,0,0,0,0,0,0,0,0,0,0,0,0,0,0,0,0,0,0,0,0,0,0,0,0,0,0,0,0,0,0,0,0,0,0,0,0
251005-5dc4458c-cd05-4f97-8868-9bb51af05966,suzuken3,74756413,13,1,2,13000,6500,12000,30,15,0,2,0,0,2,1,0,1,11600,11600,0,0,1,8,8,1,1,0,6,1,9,0,1,0,0,0,0,0,0,0,0,1,1,1,0,0,0,0,0,0,0,0,0,0,0,0,0,0,0,0,0,0,0,0,0,0,0,0,0,0,0,0,0,0,0,0,0,0,0,0,0,0,0,0,0,0,0,0,0,0,0,0
251005-5dc4458c-cd05-4f97-8868-9bb51af05966,　biss,69498125,13,3,4,25300,6325,11700,41,10.3,2,2,1,0,1,2,1,4,14100,3525,0,0,2,21,10.5,2,2,0,8,1,17,2,2,0,0,0,0,1,0,1,0,0,1,0,1,0,0,0,0,0,0,0,0,0,0,0,0,0,0,0,0,0,0,0,0,0,0,0,0,0,0,0,0,0,0,0,0,0,0,0,0,0,0,0,0,0,0,0,0,0,0,0
251005-5dc4458c-cd05-4f97-8868-9bb51af05966,Kasumisou,69812091,13,2,5,43200,8640,18000,52,10.4,2,3,0,0,4,3,2,3,23600,7867,1,0,4,39,9.8,3,3,1,4,2,4,2,3,0,0,0,0,1,0,0,1,0,0,0,1,0,0,0,0,0,0,0,0,0,0,0,0,1,0,0,0,0,0,0,0,0,0,0,0,0,0,0,0,0,0,0,0,0,0,0,0,0,0,0,0,0,0,0,0,0,0,0
251005-d9c9df7c-2133-479b-9a8e-bc383bae6b42,suzuken3,74756413,15,1,0,0,,,0,,0,0,0,0,0,0,0,3,12100,4033,0,0,3,29,9.7,0,3,0,2,0,3,0,0,0,0,0,0,0,0,0,0,0,0,0,0,0,0,0,0,0,0,0,0,0,0,0,0,0,0,0,0,0,0,0,0,0,0,0,0,0,0,0,0,0,0,0,0,0,0,0,0,0,0,0,0,0,0,0,0,0,0,0
251005-d9c9df7c-2133-479b-9a8e-bc383bae6b42,ゴン三郎ニキ,104908039,15,2,2,13800,6900,8000,20,10,1,1,0,0,4,0,0,2,11100,5550,1,0,2,22,11,1,2,0,4,1,5,1,1,0,0,0,0,0,0,0,0,1,0,1,0,0,0,0,0,0,0,0,0,0,0,0,0,0,0,0,0,0,0,0,0,0,0,0,0,0,0,0,0,0,0,0,0,0,0,0,0,0,0,0,0,0,0,0,0,0,0,0
251005-d9c9df7c-2133-479b-9a8e-bc383bae6b42,kotetsu0422,68590027,15,2,6,32900,5483,12000,76,12.7,2,4,1,0,2,0,1,1,5800,5800,0,0,2,17,8.5,2,2,0,6,3,8,1,2,0,0,1,1,1,0,0,0,2,1,0,1,0,0,0,0,0,0,0,0,0,0,0,0,0,0,1,0,0,0,0,0,0,0,0,0,0,0,0,0,0,0,0,0,0,0,0,0,0,0,0,0,0,0,0,0,0,0,0
251005-d9c9df7c-2133-479b-9a8e-bc383bae6b42,HARUBOKKURl,69199453,15,3,6,36000,6000,12000,71,11.8,2,4,1,0,5,2,0,2,10000,5000,0,0,4,44,11,3,3,1,4,2,4,1,3,0,0,0,1,0,1,1,0,0,0,1,0,0,0,0,0,0,0,0,0,0,0,0,0,0,0,0,2,0,0,0,0,0,0,0,0,0,0,0,0,0,0,0,0,0,0,0,0,0,0,0,0,0,0,0,0,0,0,0
251005-d18de889-7d93-4230-94b5-a10af6805f24,suzuken3,74756413,12,2,2,6300,3150,5200,22,11,2,0,0,0,0,0,0,1,1600,1600,0,0,2,16,8,1,1,1,3,1,4,1,1,0,0,0,0,0,1,0,0,0,0,1,1,0,0,0,0,0,0,0,0,0,0,0,0,0,0,0,0,0,0,0,0,0,0,0,0,0,0,0,0,0,0,0,0,0,0,0,0,0,0,0,0,0,0,0,0,0,0,0
251005-d18de889-7d93-4230-94b5-a10af6805f24,ゴン三郎ニキ,104908039,12,2,1,3900,3900,3900,15,15,0,1,0,0,0,0,0,2,6800,3400,0,0,4,38,9.5,1,4,0,1,0,1,0,1,0,0,0,0,0,0,0,0,1,0,0,0,0,0,0,0,0,0,0,0,0,0,0,0,0,0,0,0,0,0,0,0,0,0,0,0,0,0,0,0,0,0,0,0,0,0,0,0,0,0,0,0,0,0,0,0,0,0,0
251005-d18de889-7d93-4230-94b5-a10af6805f24,ほかほか亭白米,107968426,12,1,3,7000,2333,4000,38,12.7,1,2,0,0,0,2,0,1,2000,2000,0,0,1,11,11,1,0,1,4,2,4,1,1,0,0,0,0,0,1,0,1,0,0,0,0,0,0,0,0,0,0,0,0,0,0,0,0,0,0,0,0,0,0,0,0,0,0,0,0,0,0,0,0,0,0,0,0,0,0,0,0,0,0,0,0,0,0,0,0,0,0,0
251005-d18de889-7d93-4230-94b5-a10af6805f24,閄くん,102172268,12,3,4,11100,2775,4800,40,10,1,3,0,0,1,1,0,2,4900,2450,0,0,1,7,7,1,1,0,8,3,14,0,1,0,0,0,0,0,0,1,2,0,0,0,0,0,0,0,0,0,0,0,0,0,0,0,0,0,0,0,0,0,0,0,0,0,0,0,0,0,0,0,0,0,0,0,0,0,0,0,0,0,0,0,0,0,0,0,0,0,0,0
251005-43ebc8e0-4616-477e-943e-c33bae47f186,閄くん,102172268,8,1,3,14000,4667,8000,29,9.7,1,2,0,0,0,2,1,1,5200,5200,1,0,3,16,5.3,2,3,0,4,1,4,1,2,0,0,0,0,0,0,0,0,0,2,0,0,0,0,0,0,0,0,0,0,0,0,0,0,0,0,0,1,0,0,0,0,0,0,0,0,0,0,0,0,0,0,0,0,0,0,0,0,0,0,0,0,0,0,0,0,0,0,0
251005-43ebc8e0-4616-477e-943e-c33bae47f186,ゴン三郎ニキ,104908039,8,1,1,2000,2000,2000,18,18,1,0,1,0,1,0,0,0,0,,0,0,0,0,,0,0,0,0,0,0,1,0,0,0,0,0,0,0,0,0,0,0,0,0,0,0,0,0,0,0,0,0,0,0,0,0,0,0,0,0,0,0,0,0,0,0,0,0,0,0,0,0,0,0,0,0,0,0,0,0,0,0,0,0,0,0,0,0,0,0,0
251005-43ebc8e0-4616-477e-943e-c33bae47f186,ルート12345,71218983,8,1,3,13100,4367,5200,32,10.7,1,2,0,0,1,1,1,1,2000,2000,0,0,2,20,10,1,2,0,4,2,8,1,1,0,0,0,0,0,1,1,0,0,0,0,0,0,0,0,0,0,0,1,0,0,0,0,0,0,0,0,0,0,0,0,0,0,0,0,0,0,0,0,0,0,0,0,0,0,0,0,0,0,0,0,0,0,0,0,0,0,0,0
251005-43ebc8e0-4616-477e-943e-c33bae47f186,ほかほか亭白米,107968426,8,1,0,0,,,0,,0,0,0,0,0,0,0,2,11900,5950,1,0,1,14,14,0,0,1,0,0,0,0,0,0,0,0,0,0,0,0,0,0,0,0,0,0,0,0,0,0,0,0,0,0,0,0,0,0,0,0,0,0,0,0,0,0,0,0,0,0,0,0,0,0,0,0,0,0,0,0,0,0,0,0,0,0,0,0,0,0,0,0
251005-f351ab20-5b7b-41f6-9902-3b02a0bdfeef,ほかほか亭白米,107968426,11,3,6,42400,7067,24000,73,12.2,2,4,1,0,3,4,2,0,0,,0,0,3,24,8,3,2,1,3,2,4,2,3,0,0,0,0,0,1,0,0,0,2,0,1,0,0,1,0,0,0,0,0,0,0,0,0,0,0,0,1,0,0,0,0,0,0,0,0,0,0,0,0,0,0,0,0,0,0,0,0,0,0,0,0,0,0,0,0,0,0,0
251005-f351ab20-5b7b-41f6-9902-3b02a0bdfeef,ゴン三郎ニキ,104908039,11,1,0,0,,,0,,0,0,0,0,0,0,0,3,10600,3533,0,1,2,15,7.5,0,2,0,1,0,2,0,0,0,0,0,0,0,0,0,0,0,0,0,0,0,0,0,0,0,0,0,0,0,0,0,0,0,0,0,0,0,0,0,0,0,0,0,0,0,0,0,0,0,0,0,0,0,0,0,0,0,0,0,0,0,0,0,0,0,0,0
251005-f351ab20-5b7b-41f6-9902-3b02a0bdfeef,ルート12345,71218983,11,1,2,17100,8550,16000,17,8.5,2,0,0,0,1,0,3,1,8000,8000,1,0,3,25,8.3,1,1,2,3,1,4,1,1,0,0,0,0,1,0,0,0,0,1,0,0,0,0,0,0,0,0,0,0,0,0,0,0,0,0,0,1,0,0,0,0,0,0,0,0,0,0,0,0,0,0,0,0,0,0,0,0,0,0,0,0,0,0,0,0,0,0,0
251005-f351ab20-5b7b-41f6-9902-3b02a0bdfeef,閄くん,102172268,11,1,1,8000,8000,8000,17,17,0,1,0,0,4,0,0,1,5800,5800,0,0,1,8,8,0,1,0,8,1,10,0,0,0,0,0,0,0,0,1,0,0,0,0,0,0,0,0,0,0,0,0,0,0,0,0,0,0,0,0,0,0,0,0,0,0,0,0,0,0,0,0,0,0,0,0,0,0,0,0,0,0,0,0,0,0,0,0,0,0,0,0
251005-4e73d5e2-49e6-4aa3-90de-5ca6fe061461,閄くん,102172268,12,2,2,8100,4050,5200,27,13.5,0,2,0,0,0,1,0,2,11600,5800,1,0,3,36,12,1,3,0,5,1,9,0,1,0,0,0,0,0,0,0,0,0,2,0,0,0,0,0,0,0,0,0,0,0,0,0,0,0,0,0,1,0,0,0,0,0,0,0,0,0,0,0,0,0,0,0,0,0,0,0,0,0,0,0,0,0,0,0,0,0,0,0
251005-4e73d5e2-49e6-4aa3-90de-5ca6fe061461,ゴン三郎ニキ,104908039,12,3,5,33600,6720,16000,63,12.6,1,4,2,0,5,2,3,3,12000,4000,0,0,2,17,8.5,2,2,0,3,1,5,0,2,0,0,0,0,0,0,0,0,1,3,1,1,0,0,0,0,0,0,0,0,0,0,0,0,0,0,0,0,0,0,0,0,0,0,0,0,0,0,0,0,0,0,0,0,0,0,0,0,0,0,0,0,0,0,0,0,0,0,0
251005-4e73d5e2-49e6-4aa3-90de-5ca6fe061461,ほかほか亭白米,107968426,12,1,0,0,,,0,,0,0,0,0,0,0,0,1,16000,16000,0,0,1,12,12,0,1,0,3,0,6,0,0,0,0,0,0,0,0,0,0,0,0,0,0,0,0,0,0,0,0,0,0,0,0,0,0,0,0,0,0,0,0,0,0,0,0,0,0,0,0,0,0,0,0,0,0,0,0,0,0,0,0,0,0,0,0,0,0,0,0,0
251005-4e73d5e2-49e6-4aa3-90de-5ca6fe061461,ルート12345,71218983,12,1,2,5000,2500,3900,24,12,1,1,0,0,0,0,0,1,2000,2000,0,0,1,13,13,0,1,0,3,2,3,0,0,0,0,0,0,0,0,1,0,0,1,0,0,0,0,0,0,0,0,0,0,0,0,0,0,1,0,0,0,0,0,0,0,0,0,0,0,0,0,0,0,0,0,0,0,0,0,0,0,0,0,0,0,0,0,0,0,0,0,0
