開始時間,終了時間,非表示状態,1位プレイヤー名,1位PT,1位最終点数,2位プレイヤー名,2位PT,2位最終点数,3位プレイヤー名,3位PT,3位最終点数,4位プレイヤー名,4位PT,4位最終点数,牌譜リンク,備考
2026-08-30 23:19:27,2026-08-30 23:53:42,no,[JP][128142273]ーはまちー,33300,43.3,[JP][130865092]ゆあんぴょん,25900,5.9,[JP][127500682]めいぴょい,21100,-18.9,[JP][107121024]ミルモでチー,19700,-30.3,260830-44290efa-9fb6-44c2-9303-310f3f1e5e31,
2026-08-30 22:28:55,2026-08-30 23:07:15,no,[JP][107121024]ミルモでチー,70900,80.9,[JP][91745475]のあだよ〜ん,19200,-0.8,[JP][90337603]酔猫0724,8100,-31.9,[JP][127685187]yukke_08,1800,-48.2,260830-79ea0ba4-bb03-45b9-93fc-0d720b92cca2,
2026-08-30 22:16:35,2026-08-30 22:53:53,no,[JP][127500682]めいぴょい,40700,50.7,[JP][113816715]あるですけど,26000,6,[JP][128142273]ーはまちー,17000,-23,[JP][123842955]アヤコぽん,16300,-33.7,260830-dff40267-ae45-4c26-85d8-8c3a6c55281d,
2026-08-30 21:51:10,2026-08-30 22:25:51,no,[JP][127685187]yukke_08,49000,59,[JP][90337603]酔猫0724,38600,18.6,[JP][121573512]wot毒舌妹bot,17500,-22.5,[JP][91745475]のあだよ〜ん,-5100,-55.1,260830-b5e4a6f1-c96c-4577-8a14-bb39f2acb571,
2026-08-30 20:58:17,2026-08-30 21:48:52,no,[JP][127500682]めいぴょい,32500,42.5,[JP][127685187]yukke_08,30000,10,[JP][113816715]あるですけど,19100,-20.9,[JP][121291970]クッション枕,18400,-31.6,260830-52816ca6-7728-49a8-af59-7ea2e4493232,
2026-08-30 20:15:55,2026-08-30 20:54:43,no,[JP][135093176]ちゅんたくや,54100,64.1,[JP][121291970]クッション枕,31800,11.8,[JP][127685187]yukke_08,10100,-29.9,[JP][122700559]ひつじ04,4000,-46,260830-eed45e9c-65a3-47da-9db0-ba55ec672b41,
2026-08-30 19:54:40,2026-08-30 20:30:11,no,[JP][127500682]めいぴょい,37900,47.9,[JP][91745475]のあだよ〜ん,31900,11.9,[JP][101672072]きょーか8,19900,-20.1,[JP][103999753]kotetsu0422,10300,-39.7,260830-0e31604f-fc31-4947-9619-b49a5c148ff5,
2026-08-30 19:05:28,2026-08-30 19:51:54,no,[JP][127500682]めいぴょい,40700,50.7,[JP][91745475]のあだよ〜ん,33400,13.4,[JP][132889350]綴美,19800,-20.2,[JP][104870668]けーびぃー,6100,-43.9,260830-d42e0196-4e49-49f4-8960-1819779d5361,
2026-08-30 16:53:33,2026-08-30 18:05:27,no,[JP][127500682]めいぴょい,41500,51.5,[JP][137746445]ここここきじゅ,29300,9.3,[JP][132889350]綴美,16600,-23.4,[JP][107121024]ミルモでチー,12600,-37.4,260830-51430de2-1a47-4d0e-8e8c-8c76217658ac,
2026-08-30 15:55:02,2026-08-30 16:43:52,no,[JP][137746445]ここここきじゅ,44900,54.9,[JP][132889350]綴美,24300,4.3,[JP][107121024]ミルモでチー,15600,-24.4,[JP][127500682]めいぴょい,15200,-34.8,260830-b63d7248-1264-407e-ac32-6b23b1c3d128,
2026-08-30 14:28:53,2026-08-30 15:16:00,no,[JP][112646465]苺ですよ,35300,45.3,[JP][107121024]ミルモでチー,33200,13.2,[JP][91745475]のあだよ〜ん,21200,-18.8,[JP][132889350]綴美,10300,-39.7,260830-4cdf8e1c-48c7-4e43-a82f-d7f1c2b64f16,
2026-08-30 13:45:50,2026-08-30 14:22:39,no,[JP][112646465]苺ですよ,32100,42.1,[JP][127685187]yukke_08,25600,5.6,[JP][121291970]クッション枕,24200,-15.8,[JP][132889350]綴美,18100,-31.9,260830-cbe63763-7ac4-4059-8e71-ad91f424f2ec,
2026-08-30 11:15:50,2026-08-30 11:51:17,no,[JP][127685187]yukke_08,50900,60.9,[JP][129433410]@はんちゃ,22900,2.9,[JP][91745475]のあだよ〜ん,13300,-26.7,[JP][104870668]けーびぃー,12900,-37.1,260830-b76aa1ea-3309-45f3-a3b2-7fcfaada5371,
2026-08-30 10:36:31,2026-08-30 11:13:56,no,[JP][127685187]yukke_08,56500,66.5,[JP][129433410]@はんちゃ,16800,-3.2,[JP][91745475]のあだよ〜ん,16700,-23.3,[JP][104870668]けーびぃー,10000,-40,260830-7e992822-8ebc-439a-a1d0-4730cdc24ac7,
2026-08-30 02:56:14,2026-08-30 03:23:11,no,[JP][127500682]めいぴょい,44100,54.1,[JP][107121024]ミルモでチー,31300,11.3,[JP][132889350]綴美,26000,-14,[JP][112646465]苺ですよ,-1400,-51.4,260830-2d6dc581-7aed-4297-b82d-d3b1b74a7036,
2026-08-30 02:23:29,2026-08-30 02:51:07,no,[JP][127500682]めいぴょい,33600,43.6,[JP][132889350]綴美,28800,8.8,[JP][107121024]ミルモでチー,22500,-17.5,[JP][112646465]苺ですよ,15100,-34.9,260830-e9055a81-14d9-49b3-9e32-0c61abf9c3d5,
2026-08-30 01:36:06,2026-08-30 02:20:02,no,[JP][112646465]苺ですよ,53700,63.7,[JP][113140034]クロミです,31500,11.5,[JP][132889350]綴美,29000,-11,[JP][137746445]ここここきじゅ,-14200,-64.2,260830-9e561362-46b7-4848-b042-3b8d47e09f72,
2026-08-30 01:02:58,2026-08-30 01:51:58,no,[JP][123842955]アヤコぽん,47700,57.7,[JP][113816715]あるですけど,37400,17.4,[JP][126958659]tazmitu,23400,-16.6,[JP][91745475]のあだよ〜ん,-8500,-58.5,260830-5156a735-35c8-4366-9dbd-8fcfa18d22c2,
2026-08-30 00:38:04,2026-08-30 01:04:27,no,[JP][104870668]けーびぃー,37800,47.8,[JP][132889350]綴美,25900,5.9,[JP][137746445]ここここきじゅ,24500,-15.5,[JP][112646465]苺ですよ,11800,-38.2,260829-9ddfd0ee-3097-405d-8e4b-afca15f63b12,
2026-08-30 00:28:18,2026-08-30 00:59:10,no,[JP][113816715]あるですけど,35200,45.2,[JP][121291970]クッション枕,25300,5.3,[JP][123842955]アヤコぽん,24800,-15.2,[JP][126958659]tazmitu,14700,-35.3,260829-bc50dac1-1033-464b-afbb-b19da55afd7e,
2026-08-29 23:53:46,2026-08-30 00:35:17,no,[JP][112646465]苺ですよ,47500,57.5,[JP][137746445]ここここきじゅ,42000,22,[JP][132889350]綴美,12300,-27.7,[JP][104870668]けーびぃー,-1800,-51.8,260829-8a403c02-af30-4b23-98ad-99fd386cbcec,
2026-08-29 23:24:36,2026-08-30 00:21:54,no,[JP][113816715]あるですけど,51400,61.4,[JP][117826319]びんびんん,36000,16,[JP][91745475]のあだよ〜ん,12500,-27.5,[JP][121291970]クッション枕,100,-49.9,260829-19505f62-d3c4-4bb8-828c-eb2b663dc948,
2026-08-29 23:12:28,2026-08-29 23:46:47,no,[JP][137746445]ここここきじゅ,67100,77.1,[JP][132889350]綴美,23800,3.8,[JP][112646465]苺ですよ,21100,-18.9,[JP][104870668]けーびぃー,-12000,-62,260829-584cf046-dd2b-4184-9bfd-c0426d9dfd8e,
2026-08-29 22:24:00,2026-08-29 23:02:39,no,[JP][104870668]けーびぃー,43500,53.5,[JP][137746445]ここここきじゅ,25800,5.8,[JP][132889350]綴美,22900,-17.1,[JP][112646465]苺ですよ,7800,-42.2,260829-f6abdec2-e708-4053-a5f4-47f7d1b73a35,
2026-08-29 21:45:36,2026-08-29 22:20:32,no,[JP][137746445]ここここきじゅ,32500,42.5,[JP][104870668]けーびぃー,26800,6.8,[JP][132889350]綴美,22200,-17.8,[JP][112646465]苺ですよ,18500,-31.5,260829-970c03db-c97d-4352-ae2e-1b6eda3efe28,
2026-08-29 20:51:52,2026-08-29 21:36:40,no,[JP][113140034]クロミです,35200,45.2,[JP][137746445]ここここきじゅ,32700,12.7,[JP][121573512]wot毒舌妹bot,18600,-21.4,[JP][135093176]ちゅんたくや,13500,-36.5,260829-a8eef64b-5b2b-4e22-a3c7-18e3621fb4c3,
2026-08-29 18:55:18,2026-08-29 19:47:59,no,[JP][132889350]綴美,33900,43.9,[JP][104870668]けーびぃー,26500,6.5,[JP][130865092]ゆあんぴょん,26400,-13.6,[JP][121291970]クッション枕,13200,-36.8,260829-b06bc956-7284-44df-8e87-b9511508fcb1,
2026-08-29 18:09:49,2026-08-29 18:52:17,no,[JP][130865092]ゆあんぴょん,41900,51.9,[JP][132889350]綴美,29700,9.7,[JP][121291970]クッション枕,19500,-20.5,[JP][127685187]yukke_08,8900,-41.1,260829-3c75b811-3361-425d-a828-2475849a4524,
2026-08-29 16:40:22,2026-08-29 17:42:21,no,[JP][127500682]めいぴょい,61500,71.5,[JP][132889350]綴美,24200,4.2,[JP][91745475]のあだよ〜ん,20100,-19.9,[JP][127685187]yukke_08,-5800,-55.8,260829-87b9e0b1-c94d-46dc-9255-52102f33a7a5,
2026-08-29 15:52:59,2026-08-29 16:30:52,no,[JP][127500682]めいぴょい,30400,40.4,[JP][103999753]kotetsu0422,28500,8.5,[JP][91745475]のあだよ〜ん,26400,-13.6,[JP][132889350]綴美,14700,-35.3,260829-b5e5e8fc-c848-4a71-ab88-f1ae7ce63729,
2026-08-29 15:16:48,2026-08-29 15:48:55,no,[JP][127500682]めいぴょい,33200,43.2,[JP][137746445]ここここきじゅ,27400,7.4,[JP][103999753]kotetsu0422,24900,-15.1,[JP][132889350]綴美,14500,-35.5,260829-190c3daf-637c-4f08-9b6f-d40b3127f0c4,
2026-08-29 13:43:58,2026-08-29 14:16:10,no,[JP][127685187]yukke_08,56500,66.5,[JP][129773571]うに嫌い。,44000,24,[JP][127500682]めいぴょい,4200,-35.8,[JP][130636363]龍華。。,-4700,-54.7,260829-08f41ace-af37-497a-aab9-f1b30edfb679,
2026-08-29 11:58:47,2026-08-29 12:26:05,no,[JP][121291970]クッション枕,51200,61.2,[JP][113816715]あるですけど,28200,8.2,[JP][127500682]めいぴょい,12800,-27.2,[JP][108211976]佐鳥乃愛,7800,-42.2,260829-1aeaf5be-b10e-4410-be7a-6246e079734d,
2026-08-29 11:15:31,2026-08-29 11:54:27,no,[JP][113816715]あるですけど,44600,54.6,[JP][121291970]クッション枕,29000,9,[JP][122700559]ひつじ04,15300,-24.7,[JP][127500682]めいぴょい,11100,-38.9,260829-4a4f5c93-68cf-49c3-9c4c-3611a5fc39c9,
2026-08-29 03:02:14,2026-08-29 03:40:29,no,[JP][103999753]kotetsu0422,33300,43.3,[JP][137746445]ここここきじゅ,31600,11.6,[JP][107121024]ミルモでチー,24200,-15.8,[JP][91745475]のあだよ〜ん,10900,-39.1,260829-eb5da0ae-3617-44b6-82c2-f952e5019409,
2026-08-29 02:13:00,2026-08-29 02:53:36,no,[JP][130865092]ゆあんぴょん,55600,65.6,[JP][91745475]のあだよ〜ん,31200,11.2,[JP][103999753]kotetsu0422,17500,-22.5,[JP][127685187]yukke_08,-4300,-54.3,260829-5569537d-4847-4831-817e-86e36a76675e,
2026-08-29 01:25:29,2026-08-29 02:10:14,no,[JP][103999753]kotetsu0422,35200,45.2,[JP][127685187]yukke_08,24600,4.6,[JP][91745475]のあだよ〜ん,21900,-18.1,[JP][130865092]ゆあんぴょん,18300,-31.7,260829-06022077-5c28-4b80-9724-4e36ef766202,
2026-08-28 23:35:23,2026-08-29 00:27:50,no,[JP][130865092]ゆあんぴょん,51900,61.9,[JP][127685187]yukke_08,18500,-1.5,[JP][117826319]びんびんん,15700,-24.3,[JP][113816715]あるですけど,13900,-36.1,260828-72a4e44a-be03-44e7-b68a-64ef62b5dff7,
2026-08-28 22:40:41,2026-08-28 23:30:52,no,[JP][132889350]綴美,63300,73.3,[JP][127685187]yukke_08,21100,1.1,[JP][113140034]クロミです,20200,-19.8,[JP][104870668]けーびぃー,-4600,-54.6,260828-5f8335c0-3fc1-4a43-b8d0-4ba5dd84ae40,
2026-08-28 22:57:25,2026-08-28 23:24:41,no,[JP][91745475]のあだよ〜ん,43000,53,[JP][137746445]ここここきじゅ,34200,14.2,[JP][121573512]wot毒舌妹bot,14900,-25.1,[JP][130865092]ゆあんぴょん,7900,-42.1,260828-e5a1e709-f7ad-4f8a-aa03-85a52fbef556,
2026-08-28 21:43:03,2026-08-28 22:37:42,no,[JP][127685187]yukke_08,32100,42.1,[JP][117826319]びんびんん,23900,3.9,[JP][104870668]けーびぃー,23300,-16.7,[JP][91745475]のあだよ〜ん,20700,-29.3,260828-b3624be9-4d0a-45f3-837c-0de53fe73f36,
2026-08-28 21:07:26,2026-08-28 21:39:46,no,[JP][140986564]ミラージュ梅,38000,48,[JP][127685187]yukke_08,26400,6.4,[JP][91745475]のあだよ〜ん,19100,-20.9,[JP][104870668]けーびぃー,16500,-33.5,260828-dfef9dae-7088-427e-b4bb-176873bc728e,
2026-08-28 18:08:17,2026-08-28 19:08:12,no,[JP][103999753]kotetsu0422,60000,70,[JP][132889350]綴美,33000,13,[JP][126958659]tazmitu,16100,-23.9,[JP][129773571]うに嫌い。,-9100,-59.1,260828-0d9c1531-4c71-4886-852a-3f81f3d20f6e,
2026-08-28 17:02:58,2026-08-28 17:33:22,no,[JP][132889350]綴美,32100,42.1,[JP][103999753]kotetsu0422,29600,9.6,[JP][128534146]アラキ,28400,-11.6,[JP][137300430]あしだやよ,9900,-40.1,260828-c6cdb9d1-bb6d-4071-882c-8c29f6493f49,
2026-08-28 16:43:53,2026-08-28 17:25:38,no,[JP][107121024]ミルモでチー,116000,126,[JP][127685187]yukke_08,5700,-14.3,[JP][129773571]うに嫌い。,-3100,-43.1,[JP][135093176]ちゅんたくや,-18600,-68.6,260828-ebe3c50a-a850-4bec-be9e-98f5713a3028,
2026-08-28 15:53:31,2026-08-28 16:41:23,no,[JP][127500682]めいぴょい,51100,61.1,[JP][132889350]綴美,34700,14.7,[JP][103999753]kotetsu0422,13100,-26.9,[JP][128534146]アラキ,1100,-48.9,260828-a0cf36c4-28c9-416c-821b-f978f49fb566,
2026-08-28 15:15:43,2026-08-28 15:40:22,no,[JP][127500682]めいぴょい,34200,44.2,[JP][107121024]ミルモでチー,31500,11.5,[JP][103999753]kotetsu0422,24000,-16,[JP][132889350]綴美,10300,-39.7,260828-c4e640dd-8a71-453d-96a9-3471e85d68e5,
2026-08-28 14:26:38,2026-08-28 15:16:35,no,[JP][127685187]yukke_08,61500,71.5,[JP][121291970]クッション枕,31100,11.1,[JP][91745475]のあだよ〜ん,8400,-31.6,[JP][122700559]ひつじ04,-1000,-51,260828-64a6b782-336d-455f-8841-e1f6e59c4a52,
2026-08-28 14:27:31,2026-08-28 15:10:59,no,[JP][107121024]ミルモでチー,53100,63.1,[JP][103999753]kotetsu0422,33300,13.3,[JP][127500682]めいぴょい,28600,-11.4,[JP][132889350]綴美,-15000,-65,260828-6a79c6b0-f798-4c10-8c67-a310569f9056,
2026-08-28 13:46:32,2026-08-28 14:22:56,no,[JP][127685187]yukke_08,37500,47.5,[JP][121291970]クッション枕,26300,6.3,[JP][122700559]ひつじ04,21000,-19,[JP][91745475]のあだよ〜ん,15200,-34.8,260828-18f9c4b3-3dc1-4605-8166-c1c1ea27d395,
2026-08-28 13:40:52,2026-08-28 14:21:29,no,[JP][103999753]kotetsu0422,47200,57.2,[JP][107121024]ミルモでチー,37900,17.9,[JP][132889350]綴美,10800,-29.2,[JP][127500682]めいぴょい,4100,-45.9,260828-c9cae7dd-b21c-465c-8120-2b83e04d18c7,
2026-08-28 13:04:57,2026-08-28 13:36:45,no,[JP][127500682]めいぴょい,43600,53.6,[JP][127685187]yukke_08,35400,15.4,[JP][103999753]kotetsu0422,12500,-27.5,[JP][132889350]綴美,8500,-41.5,260828-f1b8062e-adc1-41eb-b7b5-3c0b13ca0efc,
2026-08-28 11:59:25,2026-08-28 12:33:24,no,[JP][121291970]クッション枕,42700,52.7,[JP][128534146]アラキ,27900,7.9,[JP][132889350]綴美,18100,-21.9,[JP][127500682]めいぴょい,11300,-38.7,260828-c75a5a6c-5cc0-49dc-80fa-cbf4c428f069,
2026-08-28 11:11:45,2026-08-28 11:50:59,no,[JP][127500682]めいぴょい,61400,71.4,[JP][103999753]kotetsu0422,24700,4.7,[JP][128534146]アラキ,21800,-18.2,[JP][132889350]綴美,-7900,-57.9,260828-e46b30e2-a92c-46cc-8f89-d32a0a5c02a2,
2026-08-28 10:34:10,2026-08-28 11:10:29,no,[JP][132889350]綴美,36200,46.2,[JP][128534146]アラキ,25300,5.3,[JP][103999753]kotetsu0422,19600,-20.4,[JP][127500682]めいぴょい,18900,-31.1,260828-ccbc6fa6-9e05-4cc8-84ca-9c4c454e4473,
2026-08-27 23:52:07,2026-08-28 00:33:05,no,[JP][91745475]のあだよ〜ん,42200,52.2,[JP][113816715]あるですけど,34600,14.6,[JP][117826319]びんびんん,18500,-21.5,[JP][123842955]アヤコぽん,4700,-45.3,260827-b38d1f7b-0cf2-4cb3-9e2a-d2e5b12305b5,
2026-08-27 23:21:46,2026-08-28 00:05:24,no,[JP][107121024]ミルモでチー,32700,42.7,[JP][104870668]けーびぃー,26900,6.9,[JP][99259658]CVココア,20500,-19.5,[JP][105958026]モモンs,19900,-30.1,260827-236c3b64-d6b2-425a-af63-1807b82158aa,
2026-08-27 22:31:19,2026-08-27 23:13:36,no,[JP][107121024]ミルモでチー,45200,55.2,[JP][104870668]けーびぃー,31500,11.5,[JP][127685187]yukke_08,18100,-21.9,[JP][117826319]びんびんん,5200,-44.8,260827-2fc65769-f2b8-4b44-aad3-93d00f0db186,
2026-08-27 22:07:27,2026-08-27 22:37:08,no,[JP][135989001]ちたーふ,39100,49.1,[JP][122700559]ひつじ04,31200,11.2,[JP][91745475]のあだよ〜ん,19400,-20.6,[JP][127500682]めいぴょい,10300,-39.7,260827-b7e6b5b2-5ada-4ce0-b1ab-e0b309c4c754,
2026-08-27 21:18:18,2026-08-27 22:04:07,no,[JP][113816715]あるですけど,31000,41,[JP][140986564]ミラージュ梅,26800,6.8,[JP][127685187]yukke_08,24900,-15.1,[JP][135989001]ちたーふ,17300,-32.7,260827-b7b733e7-8814-46bf-a221-5e177170fca5,
2026-08-27 20:30:53,2026-08-27 21:14:22,no,[JP][135989001]ちたーふ,48100,58.1,[JP][91745475]のあだよ〜ん,23100,3.1,[JP][127685187]yukke_08,16600,-23.4,[JP][135093176]ちゅんたくや,12200,-37.8,260827-8c17c5d2-c525-4c13-9979-7dea968eadea,
2026-08-27 18:58:03,2026-08-27 19:29:03,no,[JP][132889350]綴美,43200,53.2,[JP][127500682]めいぴょい,39000,19,[JP][128534146]アラキ,27600,-12.4,[JP][135562955]【くぅー】,-9800,-59.8,260827-7409fa6e-1b8f-4e14-8ff9-f45aa9948d6a,
2026-08-27 17:51:26,2026-08-27 18:40:19,no,[JP][132889350]綴美,52000,62,[JP][113816715]あるですけど,32000,12,[JP][128534146]アラキ,25700,-14.3,[JP][91745475]のあだよ〜ん,-9700,-59.7,260827-efae9319-5b04-4976-bd67-4eb4654816ef,
2026-08-27 17:25:34,2026-08-27 18:00:23,no,[JP][103999753]kotetsu0422,37400,47.4,[JP][127685187]yukke_08,25500,5.5,[JP][127500682]めいぴょい,19100,-20.9,[JP][122700559]ひつじ04,18000,-32,260827-a903d1be-4cf1-41fe-90d6-68ce5a462ddb,
2026-08-27 16:44:52,2026-08-27 17:18:55,no,[JP][127685187]yukke_08,69000,79,[JP][107121024]ミルモでチー,27900,7.9,[JP][91745475]のあだよ〜ん,16700,-23.3,[JP][103999753]kotetsu0422,-13600,-63.6,260827-61f65f78-33e0-4304-8095-9c469ce35687,
2026-08-27 15:58:44,2026-08-27 16:35:11,no,[JP][122700559]ひつじ04,32300,42.3,[JP][127685187]yukke_08,25400,5.4,[JP][107121024]ミルモでチー,24100,-15.9,[JP][91745475]のあだよ〜ん,18200,-31.8,260827-4a39f455-abc4-433c-8610-ff6ead2cbc95,
2026-08-27 13:34:25,2026-08-27 14:19:02,no,[JP][135562955]【くぅー】,50800,60.8,[JP][132889350]綴美,27700,7.7,[JP][103999753]kotetsu0422,12800,-27.2,[JP][127500682]めいぴょい,8700,-41.3,260827-7f5ed4d8-6317-4684-9242-34d238cd708f,
2026-08-27 11:38:38,2026-08-27 12:30:30,no,[JP][127500682]めいぴょい,36200,46.2,[JP][132889350]綴美,31000,11,[JP][103999753]kotetsu0422,26500,-13.5,[JP][135562955]【くぅー】,6300,-43.7,260827-5bbc67d8-a475-4b46-ad12-5d1a26a589cb,
2026-08-27 10:47:55,2026-08-27 11:35:20,no,[JP][135562955]【くぅー】,40300,50.3,[JP][132889350]綴美,34800,14.8,[JP][127500682]めいぴょい,34800,-5.2,[JP][103999753]kotetsu0422,-9900,-59.9,260827-cf167409-e38a-4808-a6fd-ea411b103646,
2026-08-26 23:36:12,2026-08-27 00:13:42,no,[JP][91745475]のあだよ〜ん,48500,58.5,[JP][121573512]wot毒舌妹bot,32400,12.4,[JP][137746445]ここここきじゅ,29300,-10.7,[JP][135989001]ちたーふ,-10200,-60.2,260826-0ee40012-c9c4-4e98-b10a-44ac2d4c02f3,
2026-08-26 22:47:49,2026-08-26 23:45:31,no,[JP][130636363]龍華。。,37000,47,[JP][99259658]CVココア,29300,9.3,[JP][117826319]びんびんん,18400,-21.6,[JP][116517186]ぞじまーじゃん,15300,-34.7,260826-e02837f8-4ec3-45d1-afd0-73d97ccecf4d,
2026-08-26 22:10:26,2026-08-26 22:47:27,no,[JP][121573512]wot毒舌妹bot,81400,91.4,[JP][135989001]ちたーふ,19500,-0.5,[JP][91745475]のあだよ〜ん,4300,-35.7,[JP][126958659]tazmitu,-5200,-55.2,260826-fe7609d1-7998-483d-9b0f-b9451f69a811,
2026-08-26 21:52:25,2026-08-26 22:45:54,no,[JP][132889350]綴美,53500,63.5,[JP][101672072]きょーか8,30700,10.7,[JP][128142273]ーはまちー,9300,-30.7,[JP][103999753]kotetsu0422,6500,-43.5,260826-da38197d-74f8-459b-8fe2-23c445743390,
2026-08-26 21:25:37,2026-08-26 22:08:01,no,[JP][117826319]びんびんん,31900,41.9,[JP][126958659]tazmitu,26800,6.8,[JP][135989001]ちたーふ,22600,-17.4,[JP][91745475]のあだよ〜ん,18700,-31.3,260826-76c09936-84b5-4b30-9416-82575f36dbf7,
2026-08-26 21:15:53,2026-08-26 21:46:57,no,[JP][127500682]めいぴょい,32400,42.4,[JP][127685187]yukke_08,27300,7.3,[JP][128142273]ーはまちー,25400,-14.6,[JP][132889350]綴美,14900,-35.1,260826-e5df0d15-a6b7-4423-b0a5-010eca6391e5,
2026-08-26 20:54:47,2026-08-26 21:23:49,no,[JP][140986564]ミラージュ梅,48900,58.9,[JP][116517186]ぞじまーじゃん,36600,16.6,[JP][104870668]けーびぃー,14300,-25.7,[JP][121573512]wot毒舌妹bot,200,-49.8,260826-c7acc2d3-1987-4e66-8379-4b643b6cc99f,
2026-08-26 20:20:46,2026-08-26 21:22:49,no,[JP][113816715]あるですけど,45600,55.6,[JP][123842955]アヤコぽん,31500,11.5,[JP][91745475]のあだよ〜ん,18100,-21.9,[JP][85850055]十勝寅,4800,-45.2,260826-ea682abc-c68f-404a-a4d5-ff1157291350,
2026-08-26 20:11:50,2026-08-26 21:16:12,no,[JP][130636363]龍華。。,43600,53.6,[JP][117826319]びんびんん,39400,19.4,[JP][135989001]ちたーふ,19800,-20.2,[JP][135093176]ちゅんたくや,-2800,-52.8,260826-1d66fece-9e6c-4cc2-83cf-5cd4de689bd3,
2026-08-26 20:13:45,2026-08-26 21:08:30,no,[JP][127500682]めいぴょい,58700,68.7,[JP][103999753]kotetsu0422,44900,24.9,[JP][101672072]きょーか8,8200,-31.8,[JP][128142273]ーはまちー,-11800,-61.8,260826-1abcf378-c542-45d6-8611-c992031ef287,
2026-08-26 19:19:36,2026-08-26 20:06:27,no,[JP][103999753]kotetsu0422,45000,55,[JP][101672072]きょーか8,33400,13.4,[JP][127685187]yukke_08,15500,-24.5,[JP][128142273]ーはまちー,6100,-43.9,260826-d1e3649f-be87-452b-9079-59f111c492db,
2026-08-26 18:25:32,2026-08-26 19:13:31,no,[JP][101672072]きょーか8,48200,58.2,[JP][127685187]yukke_08,30500,10.5,[JP][128142273]ーはまちー,29600,-10.4,[JP][103999753]kotetsu0422,-8300,-58.3,260826-1a67e497-249a-48aa-a7f6-9a7df260aff9,
2026-08-26 17:43:58,2026-08-26 18:18:31,no,[JP][132889350]綴美,63500,73.5,[JP][121291970]クッション枕,15500,-4.5,[JP][127685187]yukke_08,15300,-24.7,[JP][128142273]ーはまちー,5700,-44.3,260826-471fcc24-9178-43ef-b1b7-30e8dbc6e990,
2026-08-26 16:52:22,2026-08-26 17:35:03,no,[JP][121291970]クッション枕,43100,53.1,[JP][128142273]ーはまちー,28900,8.9,[JP][132889350]綴美,20100,-19.9,[JP][135562955]【くぅー】,7900,-42.1,260826-e3d6a513-e4c5-4915-9181-d3ce4f9d502f,
2026-08-26 16:09:45,2026-08-26 16:50:51,no,[JP][135562955]【くぅー】,48300,58.3,[JP][121291970]クッション枕,31900,11.9,[JP][132889350]綴美,26600,-13.4,[JP][128142273]ーはまちー,-6800,-56.8,260826-56709b2e-4341-4f13-9c41-87cc665c8c76,
2026-08-26 15:33:37,2026-08-26 16:06:19,no,[JP][128142273]ーはまちー,38300,48.3,[JP][135562955]【くぅー】,32200,12.2,[JP][132889350]綴美,24300,-15.7,[JP][121291970]クッション枕,5200,-44.8,260826-ffb30adb-db5b-40a5-b2ae-db914cd54d7d,
2026-08-26 11:55:02,2026-08-26 12:44:26,no,[JP][132889350]綴美,49200,59.2,[JP][121291970]クッション枕,20700,0.7,[JP][108211976]佐鳥乃愛,16600,-23.4,[JP][91745475]のあだよ〜ん,13500,-36.5,260826-5237e7da-5fe3-4016-b911-d0b4d8248c49,
2026-08-26 11:04:14,2026-08-26 11:35:11,no,[JP][113816715]あるですけど,40100,50.1,[JP][132889350]綴美,25300,5.3,[JP][135562955]【くぅー】,23900,-16.1,[JP][91745475]のあだよ〜ん,10700,-39.3,260826-26a4698e-0f07-4d35-9fab-a2888e66ab4a,
2026-08-26 09:57:49,2026-08-26 10:36:40,no,[JP][135562955]【くぅー】,48200,58.2,[JP][132889350]綴美,22400,2.4,[JP][91745475]のあだよ〜ん,21500,-18.5,[JP][121573512]wot毒舌妹bot,7900,-42.1,260826-bc83fc86-7946-45a9-804f-cf60792fb257,
2026-08-26 01:49:12,2026-08-26 02:39:47,no,[JP][137746445]ここここきじゅ,47900,57.9,[JP][107121024]ミルモでチー,41000,21,[JP][129433410]@はんちゃ,10100,-29.9,[JP][129773571]うに嫌い。,1000,-49,260826-62abef5e-463c-40cf-9481-9d505ab4dc79,
2026-08-26 01:09:47,2026-08-26 01:44:31,no,[JP][129773571]うに嫌い。,43800,53.8,[JP][129433410]@はんちゃ,26900,6.9,[JP][107121024]ミルモでチー,18900,-21.1,[JP][137746445]ここここきじゅ,10400,-39.6,260826-dfbaa15d-db10-42e8-9a09-ca363523debb,
2026-08-26 00:29:37,2026-08-26 01:06:16,no,[JP][91745475]のあだよ〜ん,41700,51.7,[JP][126958659]tazmitu,28100,8.1,[JP][129433410]@はんちゃ,21700,-18.3,[JP][137746445]ここここきじゅ,8500,-41.5,260825-191e922e-8113-42e0-92d8-b36d7932737d,
2026-08-25 23:34:15,2026-08-26 00:15:00,no,[JP][117826319]びんびんん,40800,50.8,[JP][116517186]ぞじまーじゃん,32700,12.7,[JP][91745475]のあだよ〜ん,17200,-22.8,[JP][137746445]ここここきじゅ,9300,-40.7,260825-8d842cb7-b697-4c33-a5fa-95e4f739f9b9,
2026-08-25 19:17:44,2026-08-25 20:16:22,no,[JP][127500682]めいぴょい,36400,46.4,[JP][103999753]kotetsu0422,34500,14.5,[JP][127685187]yukke_08,16700,-23.3,[JP][128142273]ーはまちー,12400,-37.6,260825-ca1e4590-918d-488b-9d61-305842e0b24a,
2026-08-25 18:34:45,2026-08-25 19:11:08,no,[JP][127685187]yukke_08,45700,55.7,[JP][132889350]綴美,32500,12.5,[JP][128142273]ーはまちー,31100,-8.9,[JP][129773571]うに嫌い。,-9300,-59.3,260825-5864cbbf-3073-45e7-b32f-5c79e58b1400,
2026-08-25 17:45:08,2026-08-25 18:24:47,no,[JP][103999753]kotetsu0422,63900,73.9,[JP][127685187]yukke_08,25000,5,[JP][128142273]ーはまちー,14200,-25.8,[JP][129773571]うに嫌い。,-3100,-53.1,260825-cbbe7033-4fd8-4fbe-bc6a-6f77a6614f99,
2026-08-25 16:58:41,2026-08-25 17:40:43,no,[JP][127685187]yukke_08,47100,57.1,[JP][122700559]ひつじ04,42800,22.8,[JP][91745475]のあだよ〜ん,17800,-22.2,[JP][135562955]【くぅー】,-7700,-57.7,260825-4f69702d-6233-4be8-b512-ef2a83386d96,
2026-08-25 16:23:46,2026-08-25 16:56:14,no,[JP][91745475]のあだよ〜ん,33600,43.6,[JP][127685187]yukke_08,29900,9.9,[JP][135562955]【くぅー】,29300,-10.7,[JP][122700559]ひつじ04,7200,-42.8,260825-ca1b02b5-59ba-4a02-8b20-0160dc09e734,
2026-08-25 15:31:50,2026-08-25 16:20:31,no,[JP][129773571]うに嫌い。,32800,42.8,[JP][121291970]クッション枕,28100,8.1,[JP][127685187]yukke_08,22400,-17.6,[JP][122700559]ひつじ04,16700,-33.3,260825-652e9ec0-5a81-4368-9b06-7b7bef3375b3,
2026-08-25 14:57:11,2026-08-25 15:26:41,no,[JP][129773571]うに嫌い。,55200,65.2,[JP][128142273]ーはまちー,18000,-2,[JP][91745475]のあだよ〜ん,14300,-25.7,[JP][135562955]【くぅー】,12500,-37.5,260825-086de0a1-9464-42c4-a80b-e8862f2a3a6d,
2026-08-25 13:55:24,2026-08-25 14:38:23,no,[JP][128142273]ーはまちー,46200,56.2,[JP][129773571]うに嫌い。,20600,0.6,[JP][135562955]【くぅー】,17000,-23,[JP][127685187]yukke_08,16200,-33.8,260825-28796be6-1b3f-4142-84cb-04cce27a81f7,
2026-08-25 13:03:34,2026-08-25 13:50:30,no,[JP][128142273]ーはまちー,43600,53.6,[JP][129773571]うに嫌い。,28700,8.7,[JP][91745475]のあだよ〜ん,18600,-21.4,[JP][135562955]【くぅー】,9100,-40.9,260825-3b4d20fd-4875-4bd7-bc3f-fecb512c80db,
2026-08-25 12:14:25,2026-08-25 12:45:36,no,[JP][129773571]うに嫌い。,33400,43.4,[JP][128142273]ーはまちー,31200,11.2,[JP][135562955]【くぅー】,22500,-17.5,[JP][91745475]のあだよ〜ん,12900,-37.1,260825-1fc346bb-5faa-4c61-8b31-4968eaf5f015,
2026-08-25 11:26:30,2026-08-25 12:00:16,no,[JP][128142273]ーはまちー,40000,50,[JP][127685187]yukke_08,27800,7.8,[JP][121291970]クッション枕,25500,-14.5,[JP][129773571]うに嫌い。,6700,-43.3,260825-6e77d0c1-96a3-4b5f-a2f4-dd02f35fb62e,
2026-08-25 02:19:02,2026-08-25 02:52:56,no,[JP][137746445]ここここきじゅ,43300,53.3,[JP][91745475]のあだよ〜ん,31300,11.3,[JP][132889350]綴美,17700,-22.3,[JP][129433410]@はんちゃ,7700,-42.3,260825-2e7fd9b3-c0e9-45d4-83eb-992d571503e8,
2026-08-25 01:27:47,2026-08-25 02:07:40,no,[JP][137746445]ここここきじゅ,50200,60.2,[JP][104870668]けーびぃー,28000,8,[JP][91745475]のあだよ〜ん,18900,-21.1,[JP][129433410]@はんちゃ,2900,-47.1,260825-384529ff-c936-4f60-9485-3c14e5985d4e,
2026-08-25 00:21:06,2026-08-25 01:25:04,no,[JP][126958659]tazmitu,55400,65.4,[JP][108211976]佐鳥乃愛,33000,13,[JP][121446473]Akise299,14100,-25.9,[JP][128534146]アラキ,-2500,-52.5,260824-75aeb8e1-27f5-4c84-81f2-92639f11b20c,
2026-08-25 00:40:49,2026-08-25 01:24:34,no,[JP][137746445]ここここきじゅ,36600,46.6,[JP][104870668]けーびぃー,31700,11.7,[JP][91745475]のあだよ〜ん,24200,-15.8,[JP][129433410]@はんちゃ,7500,-42.5,260824-bf82b78d-1fa7-44b6-a81d-a6c7b1d215ea,
2026-08-24 23:55:35,2026-08-25 00:37:05,no,[JP][127685187]yukke_08,46400,56.4,[JP][129433410]@はんちゃ,40300,20.3,[JP][137746445]ここここきじゅ,33400,-6.6,[JP][104870668]けーびぃー,-20100,-70.1,260824-35ee74ef-0387-4bc9-93bd-6e5837637d26,
2026-08-24 23:34:39,2026-08-25 00:10:48,no,[JP][128534146]アラキ,73100,83.1,[JP][130636363]龍華。。,22400,2.4,[JP][91745475]のあだよ〜ん,9300,-30.7,[JP][121446473]Akise299,-4800,-54.8,260824-e407dbdb-123a-4378-9b07-314696b78072,
2026-08-24 22:50:03,2026-08-24 23:30:48,no,[JP][129433410]@はんちゃ,34100,44.1,[JP][130636363]龍華。。,32000,12,[JP][91745475]のあだよ〜ん,25800,-14.2,[JP][128534146]アラキ,8100,-41.9,260824-6059a6f3-b603-4bf0-938b-b8ed9deb1e29,
2026-08-24 22:15:28,2026-08-24 22:47:45,no,[JP][130636363]龍華。。,34900,44.9,[JP][91745475]のあだよ〜ん,30000,10,[JP][128826565]ぬこうどんー,26400,-13.6,[JP][129433410]@はんちゃ,8700,-41.3,260824-ad9203a0-5464-4ae1-9902-79b50b494f43,
2026-08-24 20:48:32,2026-08-24 21:24:24,no,[JP][104870668]けーびぃー,31200,41.2,[JP][91745475]のあだよ〜ん,30900,10.9,[JP][127685187]yukke_08,29600,-10.4,[JP][121573512]wot毒舌妹bot,8300,-41.7,260824-d3718ba6-4c38-4be2-b71b-f2ca6adf4216,
2026-08-24 20:08:41,2026-08-24 20:43:07,no,[JP][127685187]yukke_08,53800,63.8,[JP][104870668]けーびぃー,18700,-1.3,[JP][128826565]ぬこうどんー,16700,-23.3,[JP][91745475]のあだよ〜ん,10800,-39.2,260824-52b94713-4e82-4731-a8b0-7c1c7527508c,
2026-08-24 19:18:37,2026-08-24 19:58:24,no,[JP][113816715]あるですけど,47600,57.6,[JP][91745475]のあだよ〜ん,31900,11.9,[JP][135093176]ちゅんたくや,20400,-19.6,[JP][127500682]めいぴょい,100,-49.9,260824-eba2d450-703d-4b9f-a58c-88d87601f03b,
2026-08-24 17:37:00,2026-08-24 18:19:40,no,[JP][113816715]あるですけど,34600,44.6,[JP][127685187]yukke_08,34500,14.5,[JP][91745475]のあだよ〜ん,29800,-10.2,[JP][117826319]びんびんん,1100,-48.9,260824-1d052c17-85df-4b9c-bb7c-dd3d26918b71,
2026-08-24 15:33:33,2026-08-24 16:13:52,no,[JP][127685187]yukke_08,43500,53.5,[JP][91745475]のあだよ〜ん,24200,4.2,[JP][107121024]ミルモでチー,18200,-21.8,[JP][135562955]【くぅー】,14100,-35.9,260824-1752c1c6-7660-4b75-a31e-cd9a0f483f6c,
2026-08-24 14:47:10,2026-08-24 15:26:57,no,[JP][90337603]酔猫0724,53200,63.2,[JP][127685187]yukke_08,31900,11.9,[JP][91745475]のあだよ〜ん,22800,-17.2,[JP][135562955]【くぅー】,-7900,-57.9,260824-25c14ae5-5c22-4731-97cd-63315099faec,
2026-08-24 13:32:42,2026-08-24 14:16:49,no,[JP][91745475]のあだよ〜ん,58800,68.8,[JP][127685187]yukke_08,24000,4,[JP][90337603]酔猫0724,9400,-30.6,[JP][113816715]あるですけど,7800,-42.2,260824-09cad0cc-f3b2-46df-b54c-3551c1cedbac,
2026-08-24 12:50:55,2026-08-24 13:30:01,no,[JP][127685187]yukke_08,35500,45.5,[JP][113816715]あるですけど,28100,8.1,[JP][135562955]【くぅー】,21300,-18.7,[JP][128826565]ぬこうどんー,15100,-34.9,260824-5d034233-2498-4eb6-9fe9-331f11d3f177,
2026-08-24 01:08:35,2026-08-24 01:35:59,no,[JP][91745475]のあだよ〜ん,39700,49.7,[JP][135562955]【くぅー】,29000,9,[JP][137746445]ここここきじゅ,22300,-17.7,[JP][135989001]ちたーふ,9000,-41,260824-7869606c-3699-419f-acd8-4c7f81e30933,
2026-08-24 00:16:54,2026-08-24 00:51:56,no,[JP][135989001]ちたーふ,42800,52.8,[JP][137746445]ここここきじゅ,24400,4.4,[JP][89745024]椎名_彩矢奈,16600,-23.4,[JP][91745475]のあだよ〜ん,16200,-33.8,260823-741975f6-b85d-4247-b680-f6820e7090c3,
2026-08-23 23:40:03,2026-08-24 00:13:07,no,[JP][137746445]ここここきじゅ,45600,55.6,[JP][135989001]ちたーふ,19500,-0.5,[JP][89745024]椎名_彩矢奈,19400,-20.6,[JP][91745475]のあだよ〜ん,15500,-34.5,260823-bd4899e1-a6ce-4477-9e55-64b9578f5674,
2026-08-23 22:58:34,2026-08-23 23:58:12,no,[JP][121446473]Akise299,52800,62.8,[JP][108211976]佐鳥乃愛,29800,9.8,[JP][127685187]yukke_08,13300,-26.7,[JP][104870668]けーびぃー,4100,-45.9,260823-26183e8e-3e54-49cb-a942-e4d78be48372,
2026-08-23 22:29:51,2026-08-23 22:54:28,no,[JP][107121024]ミルモでチー,39400,49.4,[JP][87368974]むしちゃんです,26400,6.4,[JP][128534146]アラキ,17600,-22.4,[JP][104870668]けーびぃー,16600,-33.4,260823-28f36db6-1c45-428d-aa42-2cf8f32dd4aa,
2026-08-23 21:51:26,2026-08-23 22:26:15,no,[JP][87368974]むしちゃんです,41500,51.5,[JP][107121024]ミルモでチー,29800,9.8,[JP][91745475]のあだよ〜ん,25700,-14.3,[JP][128534146]アラキ,3000,-47,260823-a1610d29-ec0f-4ef3-9c4c-186c840a781d,
2026-08-23 20:39:33,2026-08-23 21:25:04,no,[JP][127500682]めいぴょい,45300,55.3,[JP][91745475]のあだよ〜ん,45000,25,[JP][135093176]ちゅんたくや,8000,-32,[JP][121291970]クッション枕,1700,-48.3,260823-6840e3bb-bd29-4d28-a82d-684bd0f83a9e,
2026-08-23 16:03:48,2026-08-23 16:41:43,no,[JP][126012808]さゆy,39400,49.4,[JP][107121024]ミルモでチー,34600,14.6,[JP][117826319]びんびんん,24500,-15.5,[JP][126958659]tazmitu,1500,-48.5,260823-3c9ad582-26c0-44dc-bc5f-413972ea5cb6,
2026-08-23 14:17:30,2026-08-23 15:08:31,no,[JP][122700559]ひつじ04,41400,51.4,[JP][130636363]龍華。。,22400,2.4,[JP][91745475]のあだよ〜ん,20800,-19.2,[JP][129773571]うに嫌い。,15400,-34.6,260823-78b2a9a1-ed21-47ea-923c-6b29c4513450,
2026-08-23 11:43:19,2026-08-23 12:39:33,no,[JP][107121024]ミルモでチー,35700,45.7,[JP][127500682]めいぴょい,32800,12.8,[JP][135093176]ちゅんたくや,29000,-11,[JP][91745475]のあだよ〜ん,2500,-47.5,260823-9d89ad63-cf20-44da-b7dd-85e872a66bc7,
2026-08-23 05:30:45,2026-08-23 06:00:05,no,[JP][135562955]【くぅー】,31100,41.1,[JP][127500682]めいぴょい,30400,10.4,[JP][107121024]ミルモでチー,27200,-12.8,[JP][132889350]綴美,11300,-38.7,260823-9242da28-7b4f-4b4e-ba28-4eee40e1b42d,
2026-08-23 03:05:52,2026-08-23 03:58:27,no,[JP][137746445]ここここきじゅ,59000,69,[JP][127500682]めいぴょい,50500,30.5,[JP][128826565]ぬこうどんー,-2300,-42.3,[JP][132889350]綴美,-7200,-57.2,260823-9073db6c-fb25-442c-9621-370c313836f0,
2026-08-23 01:53:11,2026-08-23 02:36:58,no,[JP][137746445]ここここきじゅ,40100,50.1,[JP][135562955]【くぅー】,38200,18.2,[JP][113140034]クロミです,18400,-21.6,[JP][130636363]龍華。。,3300,-46.7,260823-57898af6-544b-4084-bd0e-5b5eb829ce8b,
2026-08-23 01:08:30,2026-08-23 01:46:50,no,[JP][135562955]【くぅー】,40400,50.4,[JP][137746445]ここここきじゅ,26000,6,[JP][130636363]龍華。。,17300,-22.7,[JP][113140034]クロミです,16300,-33.7,260823-033799a3-b37b-4d5b-ab77-1726bf68656d,
2026-08-23 00:37:28,2026-08-23 01:06:04,no,[JP][130636363]龍華。。,46400,56.4,[JP][135562955]【くぅー】,36800,16.8,[JP][113140034]クロミです,10000,-30,[JP][107121024]ミルモでチー,6800,-43.2,260822-33a211aa-dfaa-444e-bfff-1cfd5885ad34,
2026-08-22 23:52:46,2026-08-23 00:34:24,no,[JP][127685187]yukke_08,47400,57.4,[JP][107121024]ミルモでチー,26100,6.1,[JP][136949124]シャルにゃん,22200,-17.8,[JP][113140034]クロミです,4300,-45.7,260822-b0c36c8c-7eb1-4d97-acac-cc18fe26d223,
2026-08-22 23:20:25,2026-08-23 00:09:19,no,[JP][91745475]のあだよ〜ん,67600,77.6,[JP][130636363]龍華。。,23800,3.8,[JP][113816715]あるですけど,6900,-33.1,[JP][137746445]ここここきじゅ,1700,-48.3,260822-9a1e5bea-0984-48a0-982b-991f42e4d6d5,
2026-08-22 23:00:24,2026-08-22 23:43:17,no,[JP][127685187]yukke_08,47200,57.2,[JP][132889350]綴美,33700,13.7,[JP][113140034]クロミです,11700,-28.3,[JP][107121024]ミルモでチー,7400,-42.6,260822-585ea5bb-190c-48fb-9e65-30740b8f98cf,
2026-08-22 22:04:56,2026-08-22 22:29:04,no,[JP][137746445]ここここきじゅ,45200,55.2,[JP][113140034]クロミです,29000,9,[JP][132889350]綴美,17900,-22.1,[JP][107121024]ミルモでチー,7900,-42.1,260822-9ca1397d-e20d-47b7-aee9-9b07645ef68a,
2026-08-22 21:23:06,2026-08-22 21:56:45,no,[JP][130945282]プニ太郎,44800,54.8,[JP][91745475]のあだよ〜ん,42500,22.5,[JP][130636363]龍華。。,23500,-16.5,[JP][137746445]ここここきじゅ,-10800,-60.8,260822-da397ed4-d0f9-4b35-a056-8c4d9d8875ba,
2026-08-22 21:22:17,2026-08-22 21:51:33,no,[JP][113140034]クロミです,37300,47.3,[JP][116517186]ぞじまーじゃん,29700,9.7,[JP][87368974]むしちゃんです,25500,-14.5,[JP][104870668]けーびぃー,7500,-42.5,260822-b8984181-992f-4417-a1d4-eca24e5a1a61,
2026-08-22 20:55:31,2026-08-22 21:29:19,no,[JP][132889350]綴美,35500,45.5,[JP][127500682]めいぴょい,29600,9.6,[JP][117826319]びんびんん,24600,-15.4,[JP][135093176]ちゅんたくや,10300,-39.7,260822-d6a46bd8-7811-4c04-9071-edf4f8779f0a,
2026-08-22 20:36:41,2026-08-22 21:14:05,no,[JP][137746445]ここここきじゅ,44000,54,[JP][104870668]けーびぃー,23900,3.9,[JP][113140034]クロミです,23800,-16.2,[JP][130945282]プニ太郎,8300,-41.7,260822-ee4ff91a-4789-4fda-b016-427c47d79846,
2026-08-22 20:18:50,2026-08-22 20:52:35,no,[JP][127500682]めいぴょい,37500,47.5,[JP][135093176]ちゅんたくや,30400,10.4,[JP][132889350]綴美,21400,-18.6,[JP][130636363]龍華。。,10700,-39.3,260822-f0f87e36-171a-451b-94de-2833455fb193,
2026-08-22 20:04:24,2026-08-22 20:30:47,no,[JP][116517186]ぞじまーじゃん,36900,46.9,[JP][137746445]ここここきじゅ,29900,9.9,[JP][104870668]けーびぃー,29700,-10.3,[JP][130945282]プニ太郎,3500,-46.5,260822-7c01330b-db21-4877-8e8b-8ec398e5ebb4,
2026-08-22 17:07:09,2026-08-22 17:31:37,no,[JP][113816715]あるですけど,43800,53.8,[JP][123842955]アヤコぽん,25600,5.6,[JP][127685187]yukke_08,23400,-16.6,[JP][108211976]佐鳥乃愛,7200,-42.8,260822-52257b44-2c6a-4a58-94f4-a7dac0759010,
2026-08-22 14:19:10,2026-08-22 15:19:03,no,[JP][107121024]ミルモでチー,71300,81.3,[JP][113140034]クロミです,33700,13.7,[JP][132889350]綴美,-400,-40.4,[JP][127500682]めいぴょい,-4600,-54.6,260822-0f23621b-49d5-45cc-adf0-3998e35908cd,
2026-08-22 13:12:21,2026-08-22 13:51:56,no,[JP][127500682]めいぴょい,41500,51.5,[JP][132889350]綴美,33000,13,[JP][107121024]ミルモでチー,16200,-23.8,[JP][129773571]うに嫌い。,9300,-40.7,260822-052f5e00-7443-4573-b511-2a84faccf9f6,
2026-08-22 12:27:07,2026-08-22 13:10:18,no,[JP][127500682]めいぴょい,56000,66,[JP][91745475]のあだよ〜ん,34200,14.2,[JP][132889350]綴美,8200,-31.8,[JP][129773571]うに嫌い。,1600,-48.4,260822-f6f5ce69-057b-4941-b409-400a1d5b3c0c,
2026-08-22 11:52:43,2026-08-22 12:23:16,no,[JP][129773571]うに嫌い。,34700,44.7,[JP][85850055]十勝寅,29900,9.9,[JP][113140034]クロミです,17900,-22.1,[JP][108211976]佐鳥乃愛,17500,-32.5,260822-b4cd47b2-2d83-4d05-8b28-6cb19485923e,
2026-08-22 10:38:49,2026-08-22 11:36:19,no,[JP][129773571]うに嫌い。,74600,84.6,[JP][127685187]yukke_08,19500,-0.5,[JP][127500682]めいぴょい,18300,-21.7,[JP][130636363]龍華。。,-12400,-62.4,260822-0b9a12fd-a43e-4a60-b30f-5cb839e221a6,
2026-08-22 10:11:13,2026-08-22 10:34:48,no,[JP][127500682]めいぴょい,41300,51.3,[JP][108211976]佐鳥乃愛,35400,15.4,[JP][129773571]うに嫌い。,29000,-11,[JP][127685187]yukke_08,-5700,-55.7,260822-647d2bfc-f2d9-4ab5-bd1b-cd0dda7fe8d8,
2026-08-22 00:28:17,2026-08-22 01:20:14,no,[JP][113816715]あるですけど,53600,63.6,[JP][108211976]佐鳥乃愛,31100,11.1,[JP][107121024]ミルモでチー,13800,-26.2,[JP][123842955]アヤコぽん,1500,-48.5,260821-e71b8448-cb26-4dd1-b4de-8cdb5685054a,
2026-08-21 23:40:14,2026-08-22 00:38:31,no,[JP][91745475]のあだよ〜ん,47900,57.9,[JP][135562955]【くぅー】,27200,7.2,[JP][135989001]ちたーふ,14800,-25.2,[JP][122700559]ひつじ04,10100,-39.9,260821-5a2ce057-9a14-4385-9761-1d008853f6bf,
2026-08-22 00:05:26,2026-08-22 00:37:25,no,[JP][137746445]ここここきじゅ,53800,63.8,[JP][129773571]うに嫌い。,37300,17.3,[JP][127685187]yukke_08,18300,-21.7,[JP][117826319]びんびんん,-9400,-59.4,260821-37e408fc-bb26-447b-85c5-53c3335c938a,
2026-08-21 22:18:09,2026-08-21 23:06:01,no,[JP][83747017]わにさんの涙,43900,53.9,[JP][113140034]クロミです,38500,18.5,[JP][126958659]tazmitu,37700,-2.3,[JP][129773571]うに嫌い。,-20100,-70.1,260821-13978041-0578-4e9e-9433-9fff96f652ea,
2026-08-21 22:28:23,2026-08-21 23:03:11,no,[JP][85850055]十勝寅,38900,48.9,[JP][121446473]Akise299,31600,11.6,[JP][117826319]びんびんん,27700,-12.3,[JP][85657666]tsuna_san,1800,-48.2,260821-08db5ad9-8675-440f-bea8-2c10faab70dd,
2026-08-21 21:32:36,2026-08-21 22:20:54,no,[JP][137746445]ここここきじゅ,46800,56.8,[JP][91745475]のあだよ〜ん,43800,23.8,[JP][104870668]けーびぃー,13600,-26.4,[JP][107121024]ミルモでチー,-4200,-54.2,260821-8c9980f3-513d-43bf-baaf-4d7f5d687525,
2026-08-21 21:45:14,2026-08-21 22:10:59,no,[JP][113816715]あるですけど,30000,40,[JP][126012808]さゆy,28900,8.9,[JP][83747017]わにさんの涙,26000,-14,[JP][129773571]うに嫌い。,15100,-34.9,260821-2e091615-cba4-44ef-8523-3c5c8f679991,
2026-08-21 20:53:23,2026-08-21 21:30:06,no,[JP][135093176]ちゅんたくや,47100,57.1,[JP][127500682]めいぴょい,20200,0.2,[JP][136949124]シャルにゃん,19700,-20.3,[JP][104870668]けーびぃー,13000,-37,260821-148b76bd-1abf-49de-95af-88f6530ceb69,
2026-08-21 20:07:11,2026-08-21 20:48:20,no,[JP][127500682]めいぴょい,53900,63.9,[JP][140986564]ミラージュ梅,53800,33.8,[JP][91745475]のあだよ〜ん,2400,-37.6,[JP][127685187]yukke_08,-10100,-60.1,260821-d0cb753e-b30c-48c0-923e-684ae928ccf1,
2026-08-21 17:39:18,2026-08-21 18:10:34,no,[JP][91745475]のあだよ〜ん,45900,55.9,[JP][136949124]シャルにゃん,41900,21.9,[JP][113816715]あるですけど,29100,-10.9,[JP][121291970]クッション枕,-16900,-66.9,260821-f3cf0a04-02eb-4927-b077-187f939066b5,
2026-08-21 16:36:58,2026-08-21 17:36:17,no,[JP][113816715]あるですけど,86700,96.7,[JP][123842955]アヤコぽん,17100,-2.9,[JP][91745475]のあだよ〜ん,1600,-38.4,[JP][121291970]クッション枕,-5400,-55.4,260821-c34f9080-b982-4ee7-8b1b-761eded7ae59,
2026-08-21 15:35:24,2026-08-21 16:14:54,no,[JP][91745475]のあだよ〜ん,42700,52.7,[JP][113816715]あるですけど,19700,-0.3,[JP][122700559]ひつじ04,19300,-20.7,[JP][121291970]クッション枕,18300,-31.7,260821-6d053f9c-8f47-42e7-b9e7-a6b8ec385fd3,
2026-08-21 12:28:18,2026-08-21 12:56:29,no,[JP][113816715]あるですけど,31100,41.1,[JP][123842955]アヤコぽん,30500,10.5,[JP][129773571]うに嫌い。,23100,-16.9,[JP][127685187]yukke_08,15300,-34.7,260821-d0deb921-4ecf-4152-b154-a06f3673df2b,
2026-08-21 11:52:52,2026-08-21 12:20:32,no,[JP][132889350]綴美,45300,55.3,[JP][91745475]のあだよ〜ん,38100,18.1,[JP][113816715]あるですけど,14800,-25.2,[JP][127685187]yukke_08,1800,-48.2,260821-a3e0c2fe-735e-4122-bc5e-4f43d8022e33,
2026-08-21 11:17:24,2026-08-21 11:48:54,no,[JP][121291970]クッション枕,33200,43.2,[JP][132889350]綴美,23800,3.8,[JP][127685187]yukke_08,22000,-18,[JP][91745475]のあだよ〜ん,21000,-29,260821-e0fabc6d-4ed6-415f-b91e-415bcbc24535,
2026-08-21 02:10:05,2026-08-21 03:11:05,no,[JP][107121024]ミルモでチー,88200,98.2,[JP][127685187]yukke_08,30800,10.8,[JP][132889350]綴美,8000,-32,[JP][129773571]うに嫌い。,-27000,-77,260821-01864a70-153e-44a1-bbe7-cea3696a161e,
2026-08-21 00:02:57,2026-08-21 00:59:07,no,[JP][135562955]【くぅー】,43600,53.6,[JP][128826565]ぬこうどんー,34800,14.8,[JP][91745475]のあだよ〜ん,20400,-19.6,[JP][135989001]ちたーふ,1200,-48.8,260820-cb4bb404-b040-416c-9f5c-781992596553,
2026-08-20 23:01:54,2026-08-20 23:53:22,no,[JP][99259658]CVココア,31100,41.1,[JP][130636363]龍華。。,30200,10.2,[JP][107121024]ミルモでチー,20400,-19.6,[JP][135989001]ちたーふ,18300,-31.7,260820-5ff4235f-0e53-4a7b-885b-cf64c5f9354d,
2026-08-20 23:12:47,2026-08-20 23:50:16,no,[JP][132889350]綴美,39600,49.6,[JP][104870668]けーびぃー,35300,15.3,[JP][91745475]のあだよ〜ん,19800,-20.2,[JP][128534146]アラキ,5300,-44.7,260820-13332799-ac42-4745-abba-76803e934aa9,
2026-08-20 22:39:03,2026-08-20 23:10:32,no,[JP][104870668]けーびぃー,32000,42,[JP][132889350]綴美,26600,6.6,[JP][128534146]アラキ,22600,-17.4,[JP][91745475]のあだよ〜ん,18800,-31.2,260820-2b859f88-4bd6-4fc3-bc33-8f0a9ed55b3e,
2026-08-20 22:26:21,2026-08-20 22:57:33,no,[JP][130636363]龍華。。,46400,56.4,[JP][85657666]tsuna_san,36000,16,[JP][99259658]CVココア,12900,-27.1,[JP][117826319]びんびんん,4700,-45.3,260820-183de495-0ca7-4747-b9b0-f9c488a6835e,
2026-08-20 21:10:09,2026-08-20 22:00:53,no,[JP][117826319]びんびんん,36700,46.7,[JP][132385032]富士丸ラーメン,33600,13.6,[JP][129773571]うに嫌い。,18200,-21.8,[JP][91745475]のあだよ〜ん,11500,-38.5,260820-f3984b96-291c-43cb-8a40-a60725572c25,
2026-08-20 21:24:48,2026-08-20 21:51:17,no,[JP][140986564]ミラージュ梅,30200,40.2,[JP][113140034]クロミです,27500,7.5,[JP][136949124]シャルにゃん,25900,-14.1,[JP][108211976]佐鳥乃愛,16400,-33.6,260820-aed26ee6-aabe-4541-8892-d90bf2b27dc8,
2026-08-20 20:16:30,2026-08-20 21:05:06,no,[JP][135989001]ちたーふ,46100,56.1,[JP][113140034]クロミです,38800,18.8,[JP][104870668]けーびぃー,12200,-27.8,[JP][117826319]びんびんん,2900,-47.1,260820-75803b02-624a-4323-8bcc-0f006bb60ce8,
2026-08-20 19:41:03,2026-08-20 20:11:09,no,[JP][84158849]しゅんんたろう,36200,46.2,[JP][91745475]のあだよ〜ん,34300,14.3,[JP][135562955]【くぅー】,16500,-23.5,[JP][117826319]びんびんん,13000,-37,260820-224a2287-a299-477d-9edd-7f373609adab,
2026-08-20 18:38:12,2026-08-20 19:14:18,no,[JP][135562955]【くぅー】,59100,69.1,[JP][90337603]酔猫0724,47100,27.1,[JP][121573512]wot毒舌妹bot,0,-40,[JP][91745475]のあだよ〜ん,-6200,-56.2,260820-2832ad70-41e5-4e4c-ad66-078a834e7fda,
2026-08-20 17:40:15,2026-08-20 18:16:55,no,[JP][107121024]ミルモでチー,60700,70.7,[JP][132385032]富士丸ラーメン,34100,14.1,[JP][91745475]のあだよ〜ん,3700,-36.3,[JP][136949124]シャルにゃん,1500,-48.5,260820-748ff8cf-d070-4a74-89f1-28a8373d58e8,
2026-08-20 12:47:34,2026-08-20 13:38:22,no,[JP][121291970]クッション枕,43100,53.1,[JP][132889350]綴美,27700,7.7,[JP][127685187]yukke_08,26300,-13.7,[JP][128142273]ーはまちー,2900,-47.1,260820-5ba49922-8a0e-46d0-8b63-acdb39feb8c5,
2026-08-20 11:41:52,2026-08-20 12:37:28,no,[JP][132889350]綴美,53600,63.6,[JP][121291970]クッション枕,33500,13.5,[JP][127685187]yukke_08,8500,-31.5,[JP][91745475]のあだよ〜ん,4400,-45.6,260820-f52a6279-9a3f-4116-8dca-2d4dd98ca5a2,
2026-08-20 11:06:00,2026-08-20 11:38:05,no,[JP][121291970]クッション枕,51600,61.6,[JP][132385032]富士丸ラーメン,26200,6.2,[JP][127685187]yukke_08,23000,-17,[JP][91745475]のあだよ〜ん,-800,-50.8,260820-8840f685-b9b7-4d46-974c-6a4ff918b8f5,
2026-08-20 01:30:37,2026-08-20 02:15:55,no,[JP][132889350]綴美,63200,73.2,[JP][107121024]ミルモでチー,24100,4.1,[JP][91745475]のあだよ〜ん,6900,-33.1,[JP][117826319]びんびんん,5800,-44.2,260820-30b2a2e5-3991-429f-b6b2-745139a26095,
2026-08-20 00:48:22,2026-08-20 01:26:59,no,[JP][117826319]びんびんん,48300,58.3,[JP][107121024]ミルモでチー,22000,2,[JP][132889350]綴美,18000,-22,[JP][91745475]のあだよ〜ん,11700,-38.3,260819-dfba845f-59e1-4fce-ac70-95b143a1254e,
2026-08-19 23:46:01,2026-08-20 00:10:34,no,[JP][117826319]びんびんん,33000,43,[JP][107121024]ミルモでチー,27700,7.7,[JP][121446473]Akise299,22600,-17.4,[JP][91745475]のあだよ〜ん,16700,-33.3,260819-4664f986-f4e6-450e-aaf9-6387cb916659,
2026-08-19 22:59:39,2026-08-19 23:37:14,no,[JP][132385032]富士丸ラーメン,59600,69.6,[JP][121446473]Akise299,52700,32.7,[JP][91745475]のあだよ〜ん,8800,-31.2,[JP][130636363]龍華。。,-21100,-71.1,260819-1c37e84d-c13b-458c-b225-f6b0e584dd99,
2026-08-19 22:16:05,2026-08-19 23:01:18,no,[JP][127685187]yukke_08,64400,74.4,[JP][104870668]けーびぃー,28400,8.4,[JP][117826319]びんびんん,17700,-22.3,[JP][123842955]アヤコぽん,-10500,-60.5,260819-98c5baab-5f07-41b0-9275-1a7f9ded689e,
2026-08-19 21:56:13,2026-08-19 22:29:38,no,[JP][140986564]ミラージュ梅,45200,55.2,[JP][132385032]富士丸ラーメン,20200,0.2,[JP][91745475]のあだよ〜ん,18200,-21.8,[JP][135989001]ちたーふ,16400,-33.6,260819-f292ecfe-d6bf-4b30-b71c-a7cf3e33914a,
2026-08-19 21:32:54,2026-08-19 22:09:27,no,[JP][113140034]クロミです,43500,53.5,[JP][123842955]アヤコぽん,28900,8.9,[JP][117826319]びんびんん,26600,-13.4,[JP][127685187]yukke_08,1000,-49,260819-bfc3de65-e30e-433a-9702-65f547d135bb,
2026-08-19 19:26:21,2026-08-19 20:10:37,no,[JP][127685187]yukke_08,40500,50.5,[JP][91745475]のあだよ〜ん,28000,8,[JP][121291970]クッション枕,23600,-16.4,[JP][103999753]kotetsu0422,7900,-42.1,260819-6f737783-cea9-4a4a-bf62-c53e8b83884a,
2026-08-19 18:46:49,2026-08-19 19:18:43,no,[JP][129773571]うに嫌い。,37100,47.1,[JP][122700559]ひつじ04,22500,2.5,[JP][103999753]kotetsu0422,20900,-19.1,[JP][127685187]yukke_08,19500,-30.5,260819-0c497cd9-9903-4d6b-8b78-509e4546dada,
2026-08-19 17:57:33,2026-08-19 18:37:32,no,[JP][122700559]ひつじ04,76600,86.6,[JP][91745475]のあだよ〜ん,41700,21.7,[JP][121291970]クッション枕,29600,-10.4,[JP][117826319]びんびんん,-47900,-97.9,260819-7627918a-56cc-41ed-b5ef-91dd88cfcae0,
2026-08-19 13:52:46,2026-08-19 14:33:17,no,[JP][108211976]佐鳥乃愛,35400,45.4,[JP][132889350]綴美,31500,11.5,[JP][117826319]びんびんん,26300,-13.7,[JP][128142273]ーはまちー,6800,-43.2,260819-92f2c6ed-96cf-4951-96aa-d34a17d28b64,
2026-08-19 12:25:23,2026-08-19 13:02:24,no,[JP][117826319]びんびんん,31500,41.5,[JP][121291970]クッション枕,29300,9.3,[JP][101672072]きょーか8,21100,-18.9,[JP][110084301]かんんちゃ,18100,-31.9,260819-e7d8b554-2bd4-4838-ac26-10a05da270ba,
2026-08-19 11:37:47,2026-08-19 12:21:43,no,[JP][129773571]うに嫌い。,86200,96.2,[JP][101672072]きょーか8,13100,-6.9,[JP][121291970]クッション枕,8100,-31.9,[JP][117826319]びんびんん,-7400,-57.4,260819-e8928c2e-fe8b-4075-8e6f-f60f0038b01b,
2026-08-19 10:59:00,2026-08-19 11:33:50,no,[JP][101672072]きょーか8,36100,46.1,[JP][132889350]綴美,33500,13.5,[JP][128142273]ーはまちー,21700,-18.3,[JP][129773571]うに嫌い。,8700,-41.3,260819-1c9fe2ba-a938-43f6-be75-40f2659331f7,
2026-08-18 23:58:44,2026-08-19 00:32:46,no,[JP][104870668]けーびぃー,41300,51.3,[JP][127685187]yukke_08,28800,8.8,[JP][102767246]やまどりぃ,28800,-11.2,[JP][132889350]綴美,1100,-48.9,260818-3076395e-51ce-454b-a2a4-b91f6346570a,
2026-08-18 23:48:16,2026-08-19 00:14:25,no,[JP][135989001]ちたーふ,44300,54.3,[JP][117826319]びんびんん,21000,1,[JP][121573512]wot毒舌妹bot,20000,-20,[JP][128826565]ぬこうどんー,14700,-35.3,260818-e03c7f80-ba9a-4085-bc01-9d7ab9c91809,
2026-08-18 23:22:25,2026-08-18 23:47:47,no,[JP][132889350]綴美,33500,43.5,[JP][121291970]クッション枕,27100,7.1,[JP][104870668]けーびぃー,21800,-18.2,[JP][127685187]yukke_08,17600,-32.4,260818-50d0f23b-501f-439d-9fc9-a9f8353de6ad,
2026-08-18 23:13:36,2026-08-18 23:47:07,no,[JP][121573512]wot毒舌妹bot,62800,72.8,[JP][135989001]ちたーふ,20200,0.2,[JP][117826319]びんびんん,16800,-23.2,[JP][128826565]ぬこうどんー,200,-49.8,260818-e1aedbbf-52a5-4bb8-a68f-618097218471,
2026-08-18 21:13:07,2026-08-18 21:55:04,no,[JP][102767246]やまどりぃ,46400,56.4,[JP][140986564]ミラージュ梅,24400,4.4,[JP][117826319]びんびんん,20000,-20,[JP][127500682]めいぴょい,9200,-40.8,260818-8176434b-5d53-4a61-883d-f1d6ce2322bf,
2026-08-18 20:22:22,2026-08-18 21:02:53,no,[JP][127500682]めいぴょい,46700,56.7,[JP][102767246]やまどりぃ,25200,5.2,[JP][117826319]びんびんん,23500,-16.5,[JP][104870668]けーびぃー,4600,-45.4,260818-7c605044-c81f-4d37-b8af-93a7f1ac4532,
2026-08-18 19:38:37,2026-08-18 20:14:55,no,[JP][102767246]やまどりぃ,50000,60,[JP][117826319]びんびんん,35000,15,[JP][104870668]けーびぃー,21500,-18.5,[JP][122700559]ひつじ04,-6500,-56.5,260818-d9a00f1f-31f0-45d4-af02-841eda45fff5,
2026-08-18 17:57:36,2026-08-18 18:38:37,no,[JP][91745475]のあだよ〜ん,35900,45.9,[JP][117826319]びんびんん,34800,14.8,[JP][127685187]yukke_08,29200,-10.8,[JP][128142273]ーはまちー,100,-49.9,260818-0f322755-9ffa-47da-b290-08a6cb44dcc7,
2026-08-18 17:09:40,2026-08-18 17:44:39,no,[JP][128142273]ーはまちー,42400,52.4,[JP][91745475]のあだよ〜ん,35700,15.7,[JP][127685187]yukke_08,11600,-28.4,[JP][107121024]ミルモでチー,10300,-39.7,260818-5fa511b5-78dc-43b8-b1a4-4f7fff4f7946,
2026-08-18 15:06:56,2026-08-18 16:00:41,no,[JP][107121024]ミルモでチー,35600,45.6,[JP][128142273]ーはまちー,32100,12.1,[JP][121291970]クッション枕,18000,-22,[JP][91745475]のあだよ〜ん,14300,-35.7,260818-b29c85bf-85ed-4263-ac40-ae6ebca3b5cf,
2026-08-18 14:05:50,2026-08-18 14:52:23,no,[JP][91745475]のあだよ〜ん,61700,71.7,[JP][128142273]ーはまちー,30000,10,[JP][121291970]クッション枕,11700,-28.3,[JP][127685187]yukke_08,-3400,-53.4,260818-9dd68e40-446a-4b32-9395-b131f9cc4ccb,
2026-08-18 13:24:33,2026-08-18 14:03:27,no,[JP][127685187]yukke_08,46100,56.1,[JP][91745475]のあだよ〜ん,28600,8.6,[JP][121291970]クッション枕,23600,-16.4,[JP][128142273]ーはまちー,1700,-48.3,260818-e780505d-eb60-4187-b973-011e420dbd39,
2026-08-18 12:34:19,2026-08-18 13:09:53,no,[JP][127685187]yukke_08,63600,73.6,[JP][91745475]のあだよ〜ん,14400,-5.6,[JP][110084301]かんんちゃ,11700,-28.3,[JP][121291970]クッション枕,10300,-39.7,260818-fb5249a2-0e2b-419c-b38c-93542c4d0e60,
2026-08-18 02:42:55,2026-08-18 03:33:13,no,[JP][141442184]パラセクト。,56400,66.4,[JP][107121024]ミルモでチー,36100,16.1,[JP][129773571]うに嫌い。,6200,-33.8,[JP][100881664]ハッチz,1300,-48.7,260818-7170b44a-ac1f-43dc-82a7-6ea5dde8476f,
2026-08-18 01:58:18,2026-08-18 02:34:06,no,[JP][141442184]パラセクト。,52000,62,[JP][129773571]うに嫌い。,35700,15.7,[JP][100881664]ハッチz,15200,-24.8,[JP][107121024]ミルモでチー,-2900,-52.9,260818-6f287168-9f4c-43dc-bbb3-5674244eb49e,
2026-08-18 00:55:16,2026-08-18 01:26:45,no,[JP][117826319]びんびんん,39500,49.5,[JP][121573512]wot毒舌妹bot,24800,4.8,[JP][128826565]ぬこうどんー,20100,-19.9,[JP][104870668]けーびぃー,15600,-34.4,260817-8245cdc0-d1d9-4cc3-9734-dde2a5ec3b03,
2026-08-18 00:15:13,2026-08-18 00:53:20,no,[JP][121573512]wot毒舌妹bot,41300,51.3,[JP][104870668]けーびぃー,32500,12.5,[JP][128826565]ぬこうどんー,23200,-16.8,[JP][117826319]びんびんん,3000,-47,260817-b5fde58d-5189-445e-9c96-8478dc8e7c45,
2026-08-17 23:34:54,2026-08-18 00:10:41,no,[JP][91745475]のあだよ〜ん,43400,53.4,[JP][104870668]けーびぃー,33900,13.9,[JP][127685187]yukke_08,20700,-19.3,[JP][128826565]ぬこうどんー,2000,-48,260817-8f72c75f-3e9f-4fd3-9fad-ff91a2c7357a,
2026-08-17 23:07:01,2026-08-17 23:43:37,no,[JP][87509386]鷲頭布夫,36800,46.8,[JP][113140034]クロミです,29300,9.3,[JP][132385032]富士丸ラーメン,28100,-11.9,[JP][117826319]びんびんん,5800,-44.2,260817-ae8e4526-5f97-495f-8d89-b6c40a7513f3,
2026-08-17 22:10:58,2026-08-17 22:55:59,no,[JP][126958659]tazmitu,55800,65.8,[JP][113140034]クロミです,26100,6.1,[JP][135989001]ちたーふ,17700,-22.3,[JP][117826319]びんびんん,400,-49.6,260817-d7709ea7-93cd-41a3-991b-7fafc53bfcbf,
2026-08-17 21:24:00,2026-08-17 22:03:08,no,[JP][117826319]びんびんん,57300,67.3,[JP][136949124]シャルにゃん,43700,23.7,[JP][135989001]ちたーふ,10900,-29.1,[JP][126958659]tazmitu,-11900,-61.9,260817-c3ebb9eb-73a6-4645-ba64-fa7dc284eb6e,
2026-08-17 21:17:36,2026-08-17 21:49:21,no,[JP][104870668]けーびぃー,42600,52.6,[JP][113140034]クロミです,22000,2,[JP][122700559]ひつじ04,18000,-22,[JP][132385032]富士丸ラーメン,17400,-32.6,260817-2b61c4d3-aed3-4ff3-a04e-efe5389041f7,
2026-08-17 20:04:08,2026-08-17 20:47:48,no,[JP][132385032]富士丸ラーメン,37000,47,[JP][135989001]ちたーふ,31300,11.3,[JP][121573512]wot毒舌妹bot,19600,-20.4,[JP][117826319]びんびんん,12100,-37.9,260817-c8c2c80a-3e1f-4823-bf48-4f5f6d7b1bb9,
2026-08-17 19:22:07,2026-08-17 20:01:47,no,[JP][121573512]wot毒舌妹bot,88400,98.4,[JP][135989001]ちたーふ,58200,38.2,[JP][117826319]びんびんん,6400,-33.6,[JP][132385032]富士丸ラーメン,-53000,-103,260817-ea4c4644-9fe6-473c-bf1d-7f8b20eb1223,
2026-08-17 17:18:01,2026-08-17 17:52:53,no,[JP][91745475]のあだよ〜ん,33500,43.5,[JP][107121024]ミルモでチー,26800,6.8,[JP][117826319]びんびんん,24600,-15.4,[JP][122700559]ひつじ04,15100,-34.9,260817-debdb172-4f3e-4ab6-94ab-3497693d2c4c,
2026-08-17 16:31:46,2026-08-17 17:15:38,no,[JP][127685187]yukke_08,59000,69,[JP][113140034]クロミです,16000,-4,[JP][121291970]クッション枕,13300,-26.7,[JP][128142273]ーはまちー,11700,-38.3,260817-d1fd4d85-f726-4c5a-b283-f054e0c6ee5c,
2026-08-17 15:30:46,2026-08-17 16:28:20,no,[JP][121291970]クッション枕,41300,51.3,[JP][128142273]ーはまちー,23500,3.5,[JP][113140034]クロミです,20600,-19.4,[JP][127685187]yukke_08,14600,-35.4,260817-81690fc2-e432-42ff-a64f-5822e3e199ff,
2026-08-17 14:10:01,2026-08-17 15:18:44,no,[JP][121291970]クッション枕,44100,54.1,[JP][128142273]ーはまちー,39900,19.9,[JP][100881664]ハッチz,15600,-24.4,[JP][91745475]のあだよ〜ん,400,-49.6,260817-4d2012db-1c2d-48d4-be48-3a61d09df294,
2026-08-17 13:22:44,2026-08-17 13:49:41,no,[JP][91745475]のあだよ〜ん,37200,47.2,[JP][100881664]ハッチz,29600,9.6,[JP][113140034]クロミです,17900,-22.1,[JP][121291970]クッション枕,15300,-34.7,260817-d10b08fc-5eef-4711-af90-0d0cc3a6bba0,
2026-08-17 12:42:57,2026-08-17 13:18:40,no,[JP][127685187]yukke_08,48000,58,[JP][128142273]ーはまちー,46200,26.2,[JP][100881664]ハッチz,5300,-34.7,[JP][113140034]クロミです,500,-49.5,260817-25610689-2854-4f1d-8fd9-0e42b51062cf,
2026-08-17 01:14:19,2026-08-17 02:18:05,no,[JP][135989001]ちたーふ,58100,68.1,[JP][107121024]ミルモでチー,26400,6.4,[JP][91745475]のあだよ〜ん,19700,-20.3,[JP][90337603]酔猫0724,-4200,-54.2,260817-4bc1a8b8-df16-444d-82de-931487774757,
2026-08-17 00:27:00,2026-08-17 01:04:00,no,[JP][107121024]ミルモでチー,45300,55.3,[JP][135989001]ちたーふ,39400,19.4,[JP][91745475]のあだよ〜ん,8900,-31.1,[JP][135562955]【くぅー】,6400,-43.6,260816-0fcb2169-2b8c-41d5-88d0-e5deb2e74b4f,
2026-08-17 00:24:08,2026-08-17 00:58:55,no,[JP][104870668]けーびぃー,41100,51.1,[JP][127685187]yukke_08,30100,10.1,[JP][113140034]クロミです,15500,-24.5,[JP][128142273]ーはまちー,13300,-36.7,260816-d067fb93-fd1b-40b6-99a6-8c829baa669d,
2026-08-16 23:49:18,2026-08-17 00:23:25,no,[JP][91745475]のあだよ〜ん,56900,66.9,[JP][135562955]【くぅー】,27900,7.9,[JP][90337603]酔猫0724,13900,-26.1,[JP][100881664]ハッチz,1300,-48.7,260816-d9356ba0-889f-424e-81e4-957670657dd6,
2026-08-16 23:47:00,2026-08-17 00:21:10,no,[JP][127685187]yukke_08,34300,44.3,[JP][104870668]けーびぃー,23900,3.9,[JP][113140034]クロミです,21900,-18.1,[JP][126958659]tazmitu,19900,-30.1,260816-1e66f6ad-f9ea-46b7-a801-147e397f7035,
2026-08-16 23:27:12,2026-08-17 00:03:46,no,[JP][107121024]ミルモでチー,43900,53.9,[JP][86425605]suzuken3,35200,15.2,[JP][130636363]龍華。。,29400,-10.6,[JP][99489737]閄くん,-8500,-58.5,260816-98bebd24-ae77-4c9a-992c-77cac2a712d5,
2026-08-16 22:41:11,2026-08-16 23:43:29,no,[JP][128142273]ーはまちー,45900,55.9,[JP][104870668]けーびぃー,37800,17.8,[JP][126958659]tazmitu,15600,-24.4,[JP][113140034]クロミです,700,-49.3,260816-fa2f9638-fe64-490a-8f33-225616fac091,
2026-08-16 22:05:26,2026-08-16 22:39:51,no,[JP][128534146]アラキ,45500,55.5,[JP][91745475]のあだよ〜ん,24200,4.2,[JP][121291970]クッション枕,15200,-24.8,[JP][100881664]ハッチz,15100,-34.9,260816-828fc1ad-d62b-449f-825d-4adbfe4d1905,
2026-08-16 21:50:19,2026-08-16 22:32:37,no,[JP][136949124]シャルにゃん,36000,46,[JP][104870668]けーびぃー,33400,13.4,[JP][122700559]ひつじ04,17500,-22.5,[JP][128142273]ーはまちー,13100,-36.9,260816-e4931d13-b38d-4829-85b8-03e5e3b63966,
2026-08-16 21:22:10,2026-08-16 22:00:38,no,[JP][121291970]クッション枕,34400,44.4,[JP][100881664]ハッチz,23300,3.3,[JP][91745475]のあだよ〜ん,22900,-17.1,[JP][127685187]yukke_08,19400,-30.6,260816-ee6f96b6-3285-4cb7-9277-9db51da00752,
2026-08-16 21:19:39,2026-08-16 21:54:21,no,[JP][128534146]アラキ,61400,71.4,[JP][121446473]Akise299,26000,6,[JP][113140034]クロミです,17500,-22.5,[JP][117826319]びんびんん,-4900,-54.9,260816-604c76db-a014-44c0-8260-1142ce29d257,
2026-08-16 20:36:25,2026-08-16 21:06:57,no,[JP][128534146]アラキ,33200,43.2,[JP][113140034]クロミです,32200,12.2,[JP][121446473]Akise299,23700,-16.3,[JP][117826319]びんびんん,10900,-39.1,260816-ddd5920f-ce02-4354-be97-11501a60287a,
2026-08-16 20:26:38,2026-08-16 21:05:17,no,[JP][90337603]酔猫0724,42700,52.7,[JP][121291970]クッション枕,22700,2.7,[JP][102767246]やまどりぃ,19900,-20.1,[JP][91745475]のあだよ〜ん,14700,-35.3,260816-c5ca2db3-0dc7-4b7b-84fe-aeb72b6b57df,
2026-08-16 20:13:36,2026-08-16 20:33:11,no,[JP][117826319]びんびんん,41200,51.2,[JP][128534146]アラキ,25600,5.6,[JP][113140034]クロミです,17700,-22.3,[JP][121446473]Akise299,15500,-34.5,260816-78e07063-3ebe-40eb-8c95-042dc4a47671,
2026-08-16 17:39:04,2026-08-16 18:25:43,no,[JP][127500682]めいぴょい,58600,68.6,[JP][130636363]龍華。。,17700,-2.3,[JP][127685187]yukke_08,13500,-26.5,[JP][117826319]びんびんん,10200,-39.8,260816-c440c460-5cc1-4ffc-903b-c0a1377d23f4,
2026-08-16 16:52:45,2026-08-16 17:35:00,no,[JP][117826319]びんびんん,35300,45.3,[JP][91745475]のあだよ〜ん,30600,10.6,[JP][127500682]めいぴょい,22600,-17.4,[JP][127685187]yukke_08,11500,-38.5,260816-bdbe3e17-9509-4734-bb5e-4cd031e7f24d,
2026-08-16 16:11:43,2026-08-16 16:50:43,no,[JP][117826319]びんびんん,39700,49.7,[JP][127685187]yukke_08,24900,4.9,[JP][127500682]めいぴょい,17800,-22.2,[JP][126958659]tazmitu,17600,-32.4,260816-43788f36-e1fa-43e4-915f-d4bdb444fb76,
2026-08-16 14:18:05,2026-08-16 14:44:39,no,[JP][127685187]yukke_08,37200,47.2,[JP][121291970]クッション枕,36000,16,[JP][104870668]けーびぃー,28500,-11.5,[JP][110084301]かんんちゃ,-1700,-51.7,260816-e0855f14-d8b2-4968-8b76-6e800c7d36a9,
2026-08-16 13:53:19,2026-08-16 14:16:26,no,[JP][110084301]かんんちゃ,40200,50.2,[JP][127685187]yukke_08,35800,15.8,[JP][104870668]けーびぃー,20200,-19.8,[JP][121291970]クッション枕,3800,-46.2,260816-ec6cd6ed-65c5-4576-9bad-2494d4fbf90d,
2026-08-16 13:15:23,2026-08-16 13:51:04,no,[JP][104870668]けーびぃー,49400,59.4,[JP][127685187]yukke_08,38200,18.2,[JP][121291970]クッション枕,11900,-28.1,[JP][110084301]かんんちゃ,500,-49.5,260816-318538a2-1077-461d-be1e-9ff89e60e54d,
2026-08-16 12:49:00,2026-08-16 13:11:14,no,[JP][127685187]yukke_08,40200,50.2,[JP][110084301]かんんちゃ,28200,8.2,[JP][121291970]クッション枕,27400,-12.6,[JP][104870668]けーびぃー,4200,-45.8,260816-bf37f75b-1e22-4e94-827c-d48b4bb65277,
2026-08-16 12:06:40,2026-08-16 12:47:10,no,[JP][127685187]yukke_08,42000,52,[JP][110084301]かんんちゃ,34400,14.4,[JP][104870668]けーびぃー,15800,-24.2,[JP][121291970]クッション枕,7800,-42.2,260816-735d78ce-efa1-4cd4-b00d-072dd7601d2c,
2026-08-16 11:23:48,2026-08-16 12:28:33,no,[JP][135562955]【くぅー】,50200,60.2,[JP][135989001]ちたーふ,20700,0.7,[JP][130636363]龍華。。,16600,-23.4,[JP][86425605]suzuken3,12500,-37.5,260816-67d35064-f12e-4ac2-8ec0-3fbfc802408b,
2026-08-16 10:59:09,2026-08-16 11:40:56,no,[JP][127685187]yukke_08,40900,50.9,[JP][113140034]クロミです,35400,15.4,[JP][121291970]クッション枕,16200,-23.8,[JP][117826319]びんびんん,7500,-42.5,260816-ee31cd40-6fd0-42a9-8f56-3ca8e18009b6,
2026-08-16 10:41:45,2026-08-16 11:09:15,no,[JP][135562955]【くぅー】,43600,53.6,[JP][86425605]suzuken3,32700,12.7,[JP][130636363]龍華。。,16900,-23.1,[JP][135989001]ちたーふ,6800,-43.2,260816-8c09069d-ce2a-48d5-b68c-bed26821a3f2,
2026-08-16 10:13:04,2026-08-16 10:46:56,no,[JP][117826319]びんびんん,36400,46.4,[JP][129773571]うに嫌い。,24700,4.7,[JP][127685187]yukke_08,20100,-19.9,[JP][104870668]けーびぃー,18800,-31.2,260816-9d9b94de-a5c2-427c-9707-ffacb87801cb,
2026-08-16 01:32:16,2026-08-16 02:03:02,no,[JP][91745475]のあだよ〜ん,42800,52.8,[JP][107121024]ミルモでチー,36900,16.9,[JP][135562955]【くぅー】,11100,-28.9,[JP][121291970]クッション枕,9200,-40.8,260816-766fa1b1-122b-480b-bb69-443075061438,
2026-08-16 00:46:36,2026-08-16 01:17:46,no,[JP][135562955]【くぅー】,47900,57.9,[JP][91745475]のあだよ〜ん,34700,14.7,[JP][127685187]yukke_08,32200,-7.8,[JP][121291970]クッション枕,-14800,-64.8,260815-f05c51db-0b58-4ccb-8d3f-39842376fa0d,
2026-08-15 23:57:05,2026-08-16 00:42:09,no,[JP][127685187]yukke_08,76400,86.4,[JP][130636363]龍華。。,12800,-7.2,[JP][91745475]のあだよ〜ん,12300,-27.7,[JP][121291970]クッション枕,-1500,-51.5,260815-17033a37-735f-4e01-8602-a6cf35495eaf,
2026-08-15 23:05:24,2026-08-15 23:52:23,no,[JP][100881664]ハッチz,46900,56.9,[JP][130636363]龍華。。,33500,13.5,[JP][91745475]のあだよ〜ん,16400,-23.6,[JP][121291970]クッション枕,3200,-46.8,260815-8af68a3f-5c29-4bbe-9f21-11abfe1390ea,
2026-08-15 22:45:01,2026-08-15 23:21:58,no,[JP][113140034]クロミです,45000,55,[JP][136949124]シャルにゃん,41100,21.1,[JP][135989001]ちたーふ,22900,-17.1,[JP][103136012]ルート12345,-9000,-59,260815-d3755604-7354-482a-8a55-e8ae588578c6,
2026-08-15 22:22:36,2026-08-15 23:02:08,no,[JP][100881664]ハッチz,41700,51.7,[JP][123842955]アヤコぽん,23000,3,[JP][121291970]クッション枕,19900,-20.1,[JP][91745475]のあだよ〜ん,15400,-34.6,260815-51a98195-4952-4794-91bc-f0bba8960d48,
2026-08-15 21:56:18,2026-08-15 22:31:16,no,[JP][104870668]けーびぃー,35800,45.8,[JP][113140034]クロミです,25600,5.6,[JP][130636363]龍華。。,19300,-20.7,[JP][127500682]めいぴょい,19300,-30.7,260815-b02445ba-776e-4c62-a14c-c8460a12b0bd,
2026-08-15 21:25:21,2026-08-15 22:04:51,no,[JP][117826319]びんびんん,56600,66.6,[JP][121291970]クッション枕,26200,6.2,[JP][91745475]のあだよ〜ん,25200,-14.8,[JP][123842955]アヤコぽん,-8000,-58,260815-d7f550ad-b36e-4a8b-97ee-137d7110c312,
2026-08-15 20:56:20,2026-08-15 21:50:35,no,[JP][132889350]綴美,49900,59.9,[JP][104870668]けーびぃー,38400,18.4,[JP][127500682]めいぴょい,30800,-9.2,[JP][113140034]クロミです,-19100,-69.1,260815-a322bd50-96a7-46e8-a58c-5187bfca2fb9,
2026-08-15 20:27:30,2026-08-15 21:19:03,no,[JP][86425605]suzuken3,40600,50.6,[JP][117826319]びんびんん,39600,19.6,[JP][129773571]うに嫌い。,22700,-17.3,[JP][87509386]鷲頭布夫,-2900,-52.9,260815-13df1a39-90fc-4a81-89c5-e258c96d9c42,
2026-08-15 19:12:10,2026-08-15 20:09:31,no,[JP][135989001]ちたーふ,44900,54.9,[JP][117826319]びんびんん,33400,13.4,[JP][104870668]けーびぃー,13300,-26.7,[JP][121291970]クッション枕,8400,-41.6,260815-38263f51-78d8-48e8-b24d-d861d90ccbec,
2026-08-15 18:35:34,2026-08-15 19:08:10,no,[JP][104870668]けーびぃー,38200,48.2,[JP][127685187]yukke_08,37700,17.7,[JP][117826319]びんびんん,21600,-18.4,[JP][129773571]うに嫌い。,2500,-47.5,260815-f280241b-f162-4583-b36e-7a821257f4e2,
2026-08-15 17:48:24,2026-08-15 18:26:44,no,[JP][91745475]のあだよ〜ん,62900,72.9,[JP][127685187]yukke_08,25700,5.7,[JP][90337603]酔猫0724,14300,-25.7,[JP][104870668]けーびぃー,-2900,-52.9,260815-a65cc35a-7505-42ee-8e69-a80251f528c5,
2026-08-15 17:11:22,2026-08-15 17:53:25,no,[JP][117826319]びんびんん,39700,49.7,[JP][129773571]うに嫌い。,31500,11.5,[JP][113140034]クロミです,16400,-23.6,[JP][130636363]龍華。。,12400,-37.6,260815-90c6cb7f-598f-4c8d-85a0-05506ade7696,
2026-08-15 16:56:48,2026-08-15 17:26:05,no,[JP][108211976]佐鳥乃愛,39000,49,[JP][127685187]yukke_08,34200,14.2,[JP][104870668]けーびぃー,28000,-12,[JP][113816715]あるですけど,-1200,-51.2,260815-0481877e-6f5b-413c-b8e6-01151ce90d5a,
2026-08-15 16:29:37,2026-08-15 17:03:48,no,[JP][117826319]びんびんん,70800,80.8,[JP][129773571]うに嫌い。,19700,-0.3,[JP][121291970]クッション枕,7100,-32.9,[JP][113140034]クロミです,2400,-47.6,260815-6c5f4b5f-2e39-4b00-ab38-7c6e8bd356de,
2026-08-15 16:01:16,2026-08-15 16:45:59,no,[JP][90337603]酔猫0724,47900,57.9,[JP][91745475]のあだよ〜ん,31700,11.7,[JP][122700559]ひつじ04,14600,-25.4,[JP][127685187]yukke_08,5800,-44.2,260815-dd9bdc16-a786-46a0-99a8-479451047ced,
2026-08-15 14:58:06,2026-08-15 15:45:25,no,[JP][122700559]ひつじ04,31800,41.8,[JP][130636363]龍華。。,29700,9.7,[JP][91745475]のあだよ〜ん,20800,-19.2,[JP][126958659]tazmitu,17700,-32.3,260815-3bbf0dc6-403d-4f02-abd2-dcf48d89be7e,
2026-08-15 14:44:47,2026-08-15 15:33:56,no,[JP][113140034]クロミです,41800,51.8,[JP][86425605]suzuken3,40000,20,[JP][117826319]びんびんん,11900,-28.1,[JP][127500682]めいぴょい,6300,-43.7,260815-a7537c8b-a9da-4fb9-8111-36f8f404a5f4,
2026-08-15 14:17:16,2026-08-15 14:50:42,no,[JP][130636363]龍華。。,36800,46.8,[JP][122700559]ひつじ04,26400,6.4,[JP][91745475]のあだよ〜ん,20000,-20,[JP][127685187]yukke_08,16800,-33.2,260815-19aa3d70-dd19-49c8-b72b-d1b2febf4dea,
2026-08-15 13:43:32,2026-08-15 14:13:16,no,[JP][130636363]龍華。。,36300,46.3,[JP][127685187]yukke_08,24600,4.6,[JP][104870668]けーびぃー,22600,-17.4,[JP][113140034]クロミです,16500,-33.5,260815-7d9d6534-414b-48f8-b42f-1ff90cc3081e,
2026-08-15 12:52:16,2026-08-15 13:40:03,no,[JP][104870668]けーびぃー,53800,63.8,[JP][127685187]yukke_08,47800,27.8,[JP][113140034]クロミです,27600,-12.4,[JP][130636363]龍華。。,-29200,-79.2,260815-13225c7f-8dea-480f-80a9-fb3de4f5b186,
2026-08-15 12:03:58,2026-08-15 12:48:59,no,[JP][127685187]yukke_08,45900,55.9,[JP][104870668]けーびぃー,35500,15.5,[JP][113140034]クロミです,13700,-26.3,[JP][130636363]龍華。。,4900,-45.1,260815-7ba43211-b800-4e23-86cb-c36e88c14d70,
2026-08-15 11:05:48,2026-08-15 11:58:50,no,[JP][127500682]めいぴょい,71700,81.7,[JP][132889350]綴美,28600,8.6,[JP][113816715]あるですけど,4000,-36,[JP][130636363]龍華。。,-4300,-54.3,260815-b569c2db-d96b-41ac-84a8-89a77a69f0fa,
2026-08-15 10:15:54,2026-08-15 11:01:31,no,[JP][127500682]めいぴょい,51200,61.2,[JP][123842955]アヤコぽん,35500,15.5,[JP][127685187]yukke_08,12000,-28,[JP][130636363]龍華。。,1300,-48.7,260815-1d50888f-3e6b-49c9-ab94-6eaaf08d56f8,
2026-08-15 09:38:12,2026-08-15 10:11:42,no,[JP][127500682]めいぴょい,39700,49.7,[JP][108211976]佐鳥乃愛,28700,8.7,[JP][130636363]龍華。。,24300,-15.7,[JP][132889350]綴美,7300,-42.7,260815-5339cf5b-de7f-42a2-b5ac-229e9e2ea889,
2026-08-15 01:06:04,2026-08-15 01:35:35,no,[JP][117826319]びんびんん,44600,54.6,[JP][135989001]ちたーふ,24300,4.3,[JP][104870668]けーびぃー,20100,-19.9,[JP][127685187]yukke_08,11000,-39,260815-2463f47f-27ab-4979-95c5-151b836f80fc,
2026-08-15 00:33:35,2026-08-15 01:01:30,no,[JP][135989001]ちたーふ,41300,51.3,[JP][127685187]yukke_08,29800,9.8,[JP][128826565]ぬこうどんー,14500,-25.5,[JP][117826319]びんびんん,14400,-35.6,260814-23652a99-f28b-431f-9380-42dc61103561,
2026-08-14 23:42:16,2026-08-15 00:27:14,no,[JP][104870668]けーびぃー,52100,62.1,[JP][121573512]wot毒舌妹bot,48400,28.4,[JP][135989001]ちたーふ,8700,-31.3,[JP][107121024]ミルモでチー,-9200,-59.2,260814-73ac0658-8e4e-44b0-aebd-3017f4acd2f5,
2026-08-14 23:24:09,2026-08-14 23:49:21,no,[JP][127685187]yukke_08,40900,50.9,[JP][99489737]閄くん,28700,8.7,[JP][121291970]クッション枕,25100,-14.9,[JP][122700559]ひつじ04,5300,-44.7,260814-eff91092-66ea-43ce-a644-a556408d0f3f,
2026-08-14 22:55:43,2026-08-14 23:38:49,no,[JP][104870668]けーびぃー,53000,63,[JP][121573512]wot毒舌妹bot,23700,3.7,[JP][117826319]びんびんん,22700,-17.3,[JP][107121024]ミルモでチー,600,-49.4,260814-a19659a0-8120-4f8a-a7cd-0d7bad7e1177,
2026-08-14 22:20:43,2026-08-14 22:53:13,no,[JP][132889350]綴美,38600,48.6,[JP][107121024]ミルモでチー,29000,9,[JP][117826319]びんびんん,19900,-20.1,[JP][104870668]けーびぃー,12500,-37.5,260814-53af7c04-5905-4bf1-9cf4-dcac8f6715dc,
2026-08-14 21:28:06,2026-08-14 22:16:16,no,[JP][117826319]びんびんん,68400,78.4,[JP][107121024]ミルモでチー,52900,32.9,[JP][104870668]けーびぃー,10100,-29.9,[JP][86425605]suzuken3,-31400,-81.4,260814-91390205-7ea0-42b2-ae62-9784a760e496,
2026-08-14 21:01:06,2026-08-14 21:32:10,no,[JP][110084301]かんんちゃ,35900,45.9,[JP][113140034]クロミです,30500,10.5,[JP][122700559]ひつじ04,23400,-16.6,[JP][121291970]クッション枕,10200,-39.8,260814-3df62585-b2a0-499a-9e6c-b36016fae3b8,
2026-08-14 20:43:14,2026-08-14 21:25:35,no,[JP][117826319]びんびんん,48100,58.1,[JP][107121024]ミルモでチー,37000,17,[JP][104870668]けーびぃー,18500,-21.5,[JP][86425605]suzuken3,-3600,-53.6,260814-4a228721-e63c-460c-983e-9e3879f812e4,
2026-08-14 20:19:02,2026-08-14 20:56:16,no,[JP][122700559]ひつじ04,30300,40.3,[JP][127500682]めいぴょい,26200,6.2,[JP][110084301]かんんちゃ,22200,-17.8,[JP][121291970]クッション枕,21300,-28.7,260814-50625453-406b-47fe-9ff6-f98c78310884,
2026-08-14 20:03:00,2026-08-14 20:38:42,no,[JP][121573512]wot毒舌妹bot,39700,49.7,[JP][135989001]ちたーふ,36600,16.6,[JP][104870668]けーびぃー,26000,-14,[JP][117826319]びんびんん,-2300,-52.3,260814-d65a0d08-9211-4b3c-9fee-03f1e6bbf63b,
2026-08-14 19:25:34,2026-08-14 19:59:08,no,[JP][122700559]ひつじ04,50600,60.6,[JP][121291970]クッション枕,30100,10.1,[JP][113140034]クロミです,14600,-25.4,[JP][110084301]かんんちゃ,4700,-45.3,260814-066c4dcf-beac-4a5b-bba7-265018a04cf2,
2026-08-14 18:59:28,2026-08-14 19:18:23,no,[JP][122700559]ひつじ04,40100,50.1,[JP][121291970]クッション枕,37000,17,[JP][117826319]びんびんん,17200,-22.8,[JP][110084301]かんんちゃ,5700,-44.3,260814-692124c8-b873-44ff-a3a4-4119d0e9bf8d,
2026-08-14 17:33:55,2026-08-14 18:09:21,no,[JP][122700559]ひつじ04,65400,75.4,[JP][135989001]ちたーふ,23100,3.1,[JP][127685187]yukke_08,14100,-25.9,[JP][117826319]びんびんん,-2600,-52.6,260814-aef45195-24c8-4e20-80c0-da3584b53cf0,
2026-08-14 17:00:09,2026-08-14 17:31:27,no,[JP][128826565]ぬこうどんー,50400,60.4,[JP][122700559]ひつじ04,24400,4.4,[JP][121291970]クッション枕,19400,-20.6,[JP][127685187]yukke_08,5800,-44.2,260814-5cc15730-1824-40c4-90bf-831737f940f9,
2026-08-14 16:30:12,2026-08-14 16:58:11,no,[JP][135989001]ちたーふ,64200,74.2,[JP][122700559]ひつじ04,28900,8.9,[JP][121291970]クッション枕,4800,-35.2,[JP][127500682]めいぴょい,2100,-47.9,260814-934cbedf-60f4-44a9-b7eb-1aad3e007794,
2026-08-14 15:52:36,2026-08-14 16:26:20,no,[JP][127685187]yukke_08,66000,76,[JP][128826565]ぬこうどんー,35800,15.8,[JP][127500682]めいぴょい,6600,-33.4,[JP][126958659]tazmitu,-8400,-58.4,260814-703d08f8-0009-4e35-97c5-5490d5b4e3b2,
2026-08-14 14:57:17,2026-08-14 15:34:00,no,[JP][91745475]のあだよ〜ん,43300,53.3,[JP][126958659]tazmitu,34900,14.9,[JP][108211976]佐鳥乃愛,27200,-12.8,[JP][113816715]あるですけど,-5400,-55.4,260814-dcfbec66-29ee-43a3-af80-5a667a31f70b,
2026-08-14 10:39:45,2026-08-14 11:33:33,no,[JP][113140034]クロミです,45300,55.3,[JP][127500682]めいぴょい,30400,10.4,[JP][130636363]龍華。。,18600,-21.4,[JP][104870668]けーびぃー,5700,-44.3,260814-38443c1d-a747-45e3-bcee-405b36315b59,
2026-08-14 10:01:26,2026-08-14 10:32:32,no,[JP][127685187]yukke_08,35900,45.9,[JP][127500682]めいぴょい,33300,13.3,[JP][113140034]クロミです,26900,-13.1,[JP][104870668]けーびぃー,3900,-46.1,260814-8f27e587-71c8-4b86-9737-330be1db484e,
2026-08-14 01:54:10,2026-08-14 03:13:40,no,[JP][129773571]うに嫌い。,42200,52.2,[JP][130636363]龍華。。,40300,20.3,[JP][107121024]ミルモでチー,18200,-21.8,[JP][132889350]綴美,-700,-50.7,260814-fdf02184-c108-411f-bd39-7f115ad6a21e,
2026-08-14 01:06:33,2026-08-14 01:49:19,no,[JP][117826319]びんびんん,50800,60.8,[JP][130636363]龍華。。,24800,4.8,[JP][132889350]綴美,16800,-23.2,[JP][107121024]ミルモでチー,7600,-42.4,260814-889034ff-c6fa-4381-8952-25bde9f2bb7b,
2026-08-14 00:24:22,2026-08-14 01:02:07,no,[JP][135989001]ちたーふ,39500,49.5,[JP][117826319]びんびんん,26900,6.9,[JP][132889350]綴美,22000,-18,[JP][130636363]龍華。。,11600,-38.4,260813-89472536-a49c-44af-9b21-b2967b538cbb,
2026-08-13 23:44:40,2026-08-14 00:21:02,no,[JP][117826319]びんびんん,35800,45.8,[JP][130636363]龍華。。,27900,7.9,[JP][99259658]CVココア,21000,-19,[JP][132889350]綴美,15300,-34.7,260813-5477ddfe-a2f8-4ba1-9d16-7a4530f06002,
2026-08-13 23:19:49,2026-08-13 23:40:47,no,[JP][113140034]クロミです,33600,43.6,[JP][127685187]yukke_08,31100,11.1,[JP][99259658]CVココア,22000,-18,[JP][129773571]うに嫌い。,13300,-36.7,260813-b1aedb82-79bf-4774-9cda-7ccb38cbf3a6,
2026-08-13 22:00:59,2026-08-13 22:34:26,no,[JP][130636363]龍華。。,38400,48.4,[JP][102767246]やまどりぃ,35400,15.4,[JP][123842955]アヤコぽん,26700,-13.3,[JP][113816715]あるですけど,-500,-50.5,260813-d9f05de3-bbb2-4e39-a7fc-412e9416a8e2,
2026-08-13 21:26:17,2026-08-13 22:06:58,no,[JP][104870668]けーびぃー,49500,59.5,[JP][127685187]yukke_08,20800,0.8,[JP][129773571]うに嫌い。,19300,-20.7,[JP][107121024]ミルモでチー,10400,-39.6,260813-55df75be-bdb7-467c-9628-1d467ebe3779,
2026-08-13 20:55:10,2026-08-13 21:45:28,no,[JP][103136012]ルート12345,48300,58.3,[JP][108211976]佐鳥乃愛,45300,25.3,[JP][130636363]龍華。。,5600,-34.4,[JP][117826319]びんびんん,800,-49.2,260813-46bf0fbf-b104-4ff1-9a79-5fc949353aa1,
2026-08-13 20:07:50,2026-08-13 20:42:33,no,[JP][117826319]びんびんん,36000,46,[JP][130636363]龍華。。,26300,6.3,[JP][123842955]アヤコぽん,20600,-19.4,[JP][104870668]けーびぃー,17100,-32.9,260813-4f162f00-34dd-4193-bc38-5dab33899296,
2026-08-13 19:32:22,2026-08-13 20:17:00,no,[JP][91745475]のあだよ〜ん,41800,51.8,[JP][128534146]アラキ,34200,14.2,[JP][121573512]wot毒舌妹bot,20900,-19.1,[JP][129773571]うに嫌い。,3100,-46.9,260813-d109b2a3-baee-401b-9e18-a9a73b7036f9,
2026-08-13 18:46:25,2026-08-13 19:29:04,no,[JP][128826565]ぬこうどんー,59400,69.4,[JP][129773571]うに嫌い。,25300,5.3,[JP][117826319]びんびんん,20200,-19.8,[JP][128534146]アラキ,-4900,-54.9,260813-37eb2d1f-82ea-41af-8c20-d1bfbfe99e46,
2026-08-13 17:54:06,2026-08-13 18:32:47,no,[JP][121291970]クッション枕,51100,61.1,[JP][122700559]ひつじ04,21100,1.1,[JP][110084301]かんんちゃ,18600,-21.4,[JP][117826319]びんびんん,9200,-40.8,260813-36877fc8-4749-4fec-b0a4-767891f29361,
2026-08-13 16:06:14,2026-08-13 16:51:08,no,[JP][130636363]龍華。。,38400,48.4,[JP][91745475]のあだよ〜ん,36400,16.4,[JP][90337603]酔猫0724,19800,-20.2,[JP][127685187]yukke_08,5400,-44.6,260813-d55a464c-f1e1-45d2-8e0a-dec025f41b20,
2026-08-13 14:12:47,2026-08-13 14:41:28,no,[JP][122700559]ひつじ04,41900,51.9,[JP][121291970]クッション枕,35500,15.5,[JP][127685187]yukke_08,18100,-21.9,[JP][130636363]龍華。。,4500,-45.5,260813-085247dd-0dfb-4e62-90e7-38c228ddedaf,
2026-08-13 12:10:11,2026-08-13 12:56:30,no,[JP][127685187]yukke_08,36900,46.9,[JP][104870668]けーびぃー,35200,15.2,[JP][113140034]クロミです,20300,-19.7,[JP][108211976]佐鳥乃愛,7600,-42.4,260813-6085531a-6412-46d0-8bc9-25b30f527c19,
2026-08-13 04:29:41,2026-08-13 05:02:14,no,[JP][129773571]うに嫌い。,33600,43.6,[JP][128142273]ーはまちー,31300,11.3,[JP][127500682]めいぴょい,21600,-18.4,[JP][132889350]綴美,13500,-36.5,260813-1a82293e-aa71-430e-9399-3b38eca498fe,
2026-08-13 03:32:46,2026-08-13 04:05:33,no,[JP][128142273]ーはまちー,36700,46.7,[JP][132889350]綴美,33800,13.8,[JP][129773571]うに嫌い。,15500,-24.5,[JP][127500682]めいぴょい,14000,-36,260813-c31201e6-0b82-4f1e-b794-5ecc9ff4e984,
2026-08-13 02:34:40,2026-08-13 03:26:55,no,[JP][127500682]めいぴょい,58300,68.3,[JP][113140034]クロミです,27100,7.1,[JP][128142273]ーはまちー,11500,-28.5,[JP][127685187]yukke_08,3100,-46.9,260813-dfabd854-da3e-473d-bfef-406c008956b1,
2026-08-13 01:54:50,2026-08-13 02:27:17,no,[JP][103999753]kotetsu0422,32300,42.3,[JP][128142273]ーはまちー,29800,9.8,[JP][127500682]めいぴょい,27500,-12.5,[JP][121291970]クッション枕,10400,-39.6,260813-9d4f62c4-e5ac-4636-aa72-901f9ce7798a,
2026-08-13 02:00:08,2026-08-13 02:22:34,no,[JP][107121024]ミルモでチー,45000,55,[JP][122700559]ひつじ04,22900,2.9,[JP][128534146]アラキ,18000,-22,[JP][127685187]yukke_08,14100,-35.9,260813-25ff1220-89ab-425b-99b2-ae6536371ee9,
2026-08-13 00:54:16,2026-08-13 01:51:34,no,[JP][103999753]kotetsu0422,44600,54.6,[JP][127500682]めいぴょい,41600,21.6,[JP][121291970]クッション枕,15800,-24.2,[JP][128142273]ーはまちー,-2000,-52,260812-2b712daf-2252-4025-882b-37d9569c283a,
2026-08-12 23:03:13,2026-08-12 23:36:55,no,[JP][91745475]のあだよ〜ん,42500,52.5,[JP][117826319]びんびんん,33000,13,[JP][107121024]ミルモでチー,26500,-13.5,[JP][121573512]wot毒舌妹bot,-2000,-52,260812-92d4093e-de9c-4009-878f-24a9ad88346f,
2026-08-12 22:16:03,2026-08-12 23:01:29,no,[JP][107121024]ミルモでチー,45700,55.7,[JP][99259658]CVココア,41500,21.5,[JP][91745475]のあだよ〜ん,13300,-26.7,[JP][121573512]wot毒舌妹bot,-500,-50.5,260812-87d836c8-a1a0-4e0b-8c13-32a177bd5fb2,
2026-08-12 22:25:27,2026-08-12 22:53:53,no,[JP][117826319]びんびんん,34200,44.2,[JP][104870668]けーびぃー,29900,9.9,[JP][127685187]yukke_08,21600,-18.4,[JP][109353088]2PAC,14300,-35.7,260812-4c84e650-3239-40fe-a140-1a8321ab4701,
2026-08-12 21:48:50,2026-08-12 22:22:19,no,[JP][109353088]2PAC,33600,43.6,[JP][104870668]けーびぃー,29500,9.5,[JP][117826319]びんびんん,23000,-17,[JP][127685187]yukke_08,13900,-36.1,260812-aad0bef5-6d1b-4cfb-bd2f-2959c27c8cf9,
2026-08-12 21:15:23,2026-08-12 21:43:18,no,[JP][121573512]wot毒舌妹bot,41400,51.4,[JP][91745475]のあだよ〜ん,29500,9.5,[JP][117826319]びんびんん,18000,-22,[JP][109353088]2PAC,11100,-38.9,260812-eec6b820-1447-4215-ad69-46518651432e,
2026-08-12 20:40:36,2026-08-12 21:08:24,no,[JP][113140034]クロミです,36900,46.9,[JP][117826319]びんびんん,32900,12.9,[JP][109353088]2PAC,22300,-17.7,[JP][126958659]tazmitu,7900,-42.1,260812-afa90962-82e0-4123-9c29-58942f7c38f8,
2026-08-12 19:50:33,2026-08-12 20:32:00,no,[JP][121573512]wot毒舌妹bot,50700,60.7,[JP][129773571]うに嫌い。,28200,8.2,[JP][113140034]クロミです,17700,-22.3,[JP][117826319]びんびんん,3400,-46.6,260812-9e6aded8-903b-4306-8d82-20d4013a4e7c,
2026-08-12 18:49:38,2026-08-12 19:35:26,no,[JP][132889350]綴美,52900,62.9,[JP][122700559]ひつじ04,28500,8.5,[JP][127685187]yukke_08,13500,-26.5,[JP][121291970]クッション枕,5100,-44.9,260812-1a5c297e-f524-400d-a42c-8c9517e7ea1c,
2026-08-12 18:23:16,2026-08-12 18:46:00,no,[JP][127685187]yukke_08,39200,49.2,[JP][121291970]クッション枕,35100,15.1,[JP][132889350]綴美,18500,-21.5,[JP][122700559]ひつじ04,7200,-42.8,260812-45b16d33-16f5-44e7-8157-76be366ee02e,
2026-08-12 17:44:19,2026-08-12 18:21:26,no,[JP][121291970]クッション枕,47700,57.7,[JP][127685187]yukke_08,32600,12.6,[JP][122700559]ひつじ04,27600,-12.4,[JP][132889350]綴美,-7900,-57.9,260812-8fc087a7-1e54-4a18-8a64-67b3dd6f38bb,
2026-08-12 16:49:26,2026-08-12 17:40:54,no,[JP][122700559]ひつじ04,80800,90.8,[JP][121291970]クッション枕,11400,-8.6,[JP][117826319]びんびんん,11300,-28.7,[JP][107121024]ミルモでチー,-3500,-53.5,260812-ecd5c647-398d-48d9-81a1-365c44095d98,
2026-08-12 15:58:21,2026-08-12 16:31:05,no,[JP][117826319]びんびんん,35100,45.1,[JP][107121024]ミルモでチー,24900,4.9,[JP][129773571]うに嫌い。,21100,-18.9,[JP][81263434]devil1892,18900,-31.1,260812-821665ab-4fa1-46a0-855d-9a90eb0f9c3e,
2026-08-12 15:33:09,2026-08-12 16:08:43,no,[JP][126958659]tazmitu,46400,56.4,[JP][127685187]yukke_08,30600,10.6,[JP][103136012]ルート12345,15400,-24.6,[JP][135989001]ちたーふ,7600,-42.4,260812-e0c1fe95-9c9a-4f8a-b440-883875c906d6,
2026-08-12 14:50:42,2026-08-12 15:25:22,no,[JP][117826319]びんびんん,37200,47.2,[JP][103136012]ルート12345,33300,13.3,[JP][102591375]本家のうさぎ,15200,-24.8,[JP][126958659]tazmitu,14300,-35.7,260812-298823a2-8c95-4bcc-b6d3-ab9b16aa4db7,
2026-08-12 14:13:00,2026-08-12 14:44:24,no,[JP][102591375]本家のうさぎ,42700,52.7,[JP][91745475]のあだよ〜ん,39500,19.5,[JP][117826319]びんびんん,15400,-24.6,[JP][121573512]wot毒舌妹bot,2400,-47.6,260812-5e8d8fad-f137-4ac0-9d6e-4b8650a22b05,
2026-08-12 12:20:54,2026-08-12 12:52:12,no,[JP][100881664]ハッチz,48100,58.1,[JP][121573512]wot毒舌妹bot,28800,8.8,[JP][91745475]のあだよ〜ん,23000,-17,[JP][90337603]酔猫0724,100,-49.9,260812-26d51cca-d6cb-405c-9158-d822367b0aad,
2026-08-12 11:51:54,2026-08-12 12:16:32,no,[JP][91745475]のあだよ〜ん,41300,51.3,[JP][128534146]アラキ,29900,9.9,[JP][121573512]wot毒舌妹bot,21000,-19,[JP][100881664]ハッチz,7800,-42.2,260812-9e55f4c5-cab2-4784-b47a-1c5457c574de,
2026-08-12 11:24:05,2026-08-12 11:49:47,no,[JP][121573512]wot毒舌妹bot,52600,62.6,[JP][100881664]ハッチz,32100,12.1,[JP][91745475]のあだよ〜ん,13000,-27,[JP][128534146]アラキ,2300,-47.7,260812-372e78e1-e7f0-4812-8383-94f8f42203c7,
2026-08-12 10:30:37,2026-08-12 11:10:00,no,[JP][128534146]アラキ,43800,53.8,[JP][91745475]のあだよ〜ん,25900,5.9,[JP][121573512]wot毒舌妹bot,17300,-22.7,[JP][100881664]ハッチz,13000,-37,260812-1c02360e-8032-4b7a-b559-01b26fa1fc18,
2026-08-12 09:58:48,2026-08-12 10:27:53,no,[JP][121573512]wot毒舌妹bot,32600,42.6,[JP][128534146]アラキ,25700,5.7,[JP][127685187]yukke_08,25300,-14.7,[JP][91745475]のあだよ〜ん,16400,-33.6,260812-65124bd8-9ba3-4186-b309-3dbddb35f249,
2026-08-12 09:25:29,2026-08-12 09:54:40,no,[JP][121573512]wot毒舌妹bot,37800,47.8,[JP][128534146]アラキ,21800,1.8,[JP][91745475]のあだよ〜ん,20700,-19.3,[JP][135989001]ちたーふ,19700,-30.3,260812-5be694aa-bf6d-4eda-802a-073343c95821,
2026-08-12 02:06:39,2026-08-12 02:48:27,no,[JP][107121024]ミルモでチー,45700,55.7,[JP][132889350]綴美,35000,15,[JP][113140034]クロミです,14400,-25.6,[JP][122700559]ひつじ04,4900,-45.1,260812-203a8d4e-78f3-4aeb-84df-c21e24462439,
2026-08-12 00:56:03,2026-08-12 01:53:53,no,[JP][107121024]ミルモでチー,57900,67.9,[JP][103136012]ルート12345,40900,20.9,[JP][113140034]クロミです,4000,-36,[JP][132889350]綴美,-2800,-52.8,260811-bad6120e-432a-49a3-ba64-c9431ea9afb7,
2026-08-12 01:14:57,2026-08-12 01:47:13,no,[JP][104870668]けーびぃー,33400,43.4,[JP][121573512]wot毒舌妹bot,25300,5.3,[JP][128826565]ぬこうどんー,23300,-16.7,[JP][126958659]tazmitu,18000,-32,260812-95b97f66-4837-4282-85dc-b342a4ea1615,
2026-08-12 00:35:57,2026-08-12 01:06:43,no,[JP][90337603]酔猫0724,30900,40.9,[JP][121573512]wot毒舌妹bot,27900,7.9,[JP][128826565]ぬこうどんー,26300,-13.7,[JP][126958659]tazmitu,14900,-35.1,260811-72ee74d8-530e-4428-8619-05009fe9c2c8,
2026-08-12 00:11:00,2026-08-12 00:50:17,no,[JP][127685187]yukke_08,39800,49.8,[JP][132889350]綴美,25800,5.8,[JP][127500682]めいぴょい,19800,-20.2,[JP][113140034]クロミです,14600,-35.4,260811-6ff40f93-100f-4684-991e-2d10c28141f7,
2026-08-11 23:57:34,2026-08-12 00:29:01,no,[JP][121573512]wot毒舌妹bot,38000,48,[JP][90337603]酔猫0724,35500,15.5,[JP][128826565]ぬこうどんー,15600,-24.4,[JP][135989001]ちたーふ,10900,-39.1,260811-e5207561-cdb2-4fac-ad69-6e6223a251ca,
2026-08-11 23:26:40,2026-08-12 00:06:45,no,[JP][127500682]めいぴょい,49200,59.2,[JP][132889350]綴美,26800,6.8,[JP][128142273]ーはまちー,21500,-18.5,[JP][113140034]クロミです,2500,-47.5,260811-5e76f3bd-27f9-4ba2-b352-bc187470e32f,
2026-08-11 23:11:25,2026-08-11 23:53:49,no,[JP][128826565]ぬこうどんー,53000,63,[JP][117826319]びんびんん,21000,1,[JP][121573512]wot毒舌妹bot,17400,-22.6,[JP][90337603]酔猫0724,8600,-41.4,260811-ee76d4c5-2e5f-4716-84a5-5b7f9f2ea3d0,
2026-08-11 23:03:18,2026-08-11 23:24:48,no,[JP][128142273]ーはまちー,59000,69,[JP][132889350]綴美,19300,-0.7,[JP][113140034]クロミです,18900,-21.1,[JP][127500682]めいぴょい,2800,-47.2,260811-ce543bff-b19d-45ba-8479-fab948074307,
2026-08-11 22:42:15,2026-08-11 23:07:36,no,[JP][91745475]のあだよ〜ん,51800,61.8,[JP][117826319]びんびんん,23100,3.1,[JP][121573512]wot毒舌妹bot,15200,-24.8,[JP][90337603]酔猫0724,9900,-40.1,260811-d3d1679e-04e8-4e7c-98ed-1b7ec2b00329,
2026-08-11 22:09:06,2026-08-11 22:40:20,no,[JP][121573512]wot毒舌妹bot,46600,56.6,[JP][117826319]びんびんん,37800,17.8,[JP][91745475]のあだよ〜ん,15600,-24.4,[JP][90337603]酔猫0724,0,-50,260811-11c16238-b90a-4d59-a409-0613300e35ef,
2026-08-11 21:38:02,2026-08-11 22:13:12,no,[JP][132385032]富士丸ラーメン,41400,51.4,[JP][104870668]けーびぃー,38700,18.7,[JP][140986564]ミラージュ梅,16500,-23.5,[JP][128826565]ぬこうどんー,3400,-46.6,260811-c3b609b6-f53d-4fca-874a-01c56814b4df,
2026-08-11 21:16:20,2026-08-11 21:51:39,no,[JP][121446473]Akise299,60400,70.4,[JP][117826319]びんびんん,31600,11.6,[JP][87368974]むしちゃんです,17500,-22.5,[JP][128534146]アラキ,-9500,-59.5,260811-a3eba989-8da5-4ac1-a460-07e6feea2302,
2026-08-11 20:24:14,2026-08-11 21:11:46,no,[JP][132889350]綴美,37500,47.5,[JP][128534146]アラキ,24200,4.2,[JP][121573512]wot毒舌妹bot,20100,-19.9,[JP][117826319]びんびんん,18200,-31.8,260811-a582f5fc-47b4-42b4-bf5b-096c86266e4b,
2026-08-11 19:39:17,2026-08-11 20:19:31,no,[JP][121291970]クッション枕,46400,56.4,[JP][122700559]ひつじ04,26900,6.9,[JP][115450126]Kasumisou,21200,-18.8,[JP][117826319]びんびんん,5500,-44.5,260811-cf47736e-d9aa-4d89-adb3-5f72fac2f477,
2026-08-11 16:58:17,2026-08-11 17:21:07,no,[JP][132889350]綴美,32400,42.4,[JP][121291970]クッション枕,26300,6.3,[JP][122700559]ひつじ04,26000,-14,[JP][127685187]yukke_08,15300,-34.7,260811-aa5f550e-e74b-4c85-9364-9896ad690253,
2026-08-11 15:51:51,2026-08-11 16:51:57,no,[JP][132889350]綴美,56500,66.5,[JP][121573512]wot毒舌妹bot,16500,-3.5,[JP][117826319]びんびんん,13600,-26.4,[JP][126958659]tazmitu,13400,-36.6,260811-3915131b-60cc-453d-a78d-bb4f176eb8eb,
2026-08-11 16:02:44,2026-08-11 16:44:12,no,[JP][127685187]yukke_08,46400,56.4,[JP][132385032]富士丸ラーメン,41000,21,[JP][122700559]ひつじ04,22900,-17.1,[JP][121291970]クッション枕,-10300,-60.3,260811-da776a4c-96bc-4ee5-b283-6525f3e0d5cb,
2026-08-11 15:26:43,2026-08-11 15:59:13,no,[JP][127685187]yukke_08,53800,63.8,[JP][91745475]のあだよ〜ん,22900,2.9,[JP][122700559]ひつじ04,15600,-24.4,[JP][121291970]クッション枕,7700,-42.3,260811-303fc6d8-8b89-4e7f-aa4b-46c687599b2b,
2026-08-11 14:25:21,2026-08-11 15:19:15,no,[JP][121573512]wot毒舌妹bot,76100,86.1,[JP][117826319]びんびんん,23800,3.8,[JP][128534146]アラキ,13300,-26.7,[JP][130636363]龍華。。,-13200,-63.2,260811-885e4ecf-9a00-4c96-a753-bdeb66fa2283,
2026-08-11 13:54:30,2026-08-11 14:25:02,no,[JP][127685187]yukke_08,47700,57.7,[JP][113140034]クロミです,27000,7,[JP][122700559]ひつじ04,14300,-25.7,[JP][104870668]けーびぃー,11000,-39,260811-ca47b584-4b17-4d2d-ae31-a76d302a23f1,
2026-08-11 13:12:04,2026-08-11 13:50:36,no,[JP][113140034]クロミです,85600,95.6,[JP][127685187]yukke_08,8100,-11.9,[JP][104870668]けーびぃー,4300,-35.7,[JP][117826319]びんびんん,2000,-48,260811-9c2365f3-8ca9-4702-9c5a-6b98287b9f30,
2026-08-11 12:10:32,2026-08-11 13:01:58,no,[JP][117826319]びんびんん,89000,99,[JP][127500682]めいぴょい,16500,-3.5,[JP][113140034]クロミです,15900,-24.1,[JP][127685187]yukke_08,-21400,-71.4,260811-717126ec-fae0-43d9-9ad6-20a6bcb79f66,
2026-08-11 11:39:53,2026-08-11 12:07:45,no,[JP][127685187]yukke_08,34500,44.5,[JP][113140034]クロミです,33000,13,[JP][117826319]びんびんん,17600,-22.4,[JP][127500682]めいぴょい,14900,-35.1,260811-cdeea63d-b0aa-43bc-842c-d0b8bf760abe,
2026-08-11 11:00:41,2026-08-11 11:37:54,no,[JP][127685187]yukke_08,40500,50.5,[JP][117826319]びんびんん,30500,10.5,[JP][113140034]クロミです,23800,-16.2,[JP][127500682]めいぴょい,5200,-44.8,260811-a71d9eb7-620f-4c03-b33a-4f177074c09d,
2026-08-11 10:15:20,2026-08-11 10:57:58,no,[JP][127685187]yukke_08,55000,65,[JP][113140034]クロミです,24400,4.4,[JP][91745475]のあだよ〜ん,22400,-17.6,[JP][117826319]びんびんん,-1800,-51.8,260811-19eb651a-d540-4d7e-a976-d50cea9af75a,
2026-08-11 02:53:59,2026-08-11 03:41:50,no,[JP][122700559]ひつじ04,69300,79.3,[JP][107121024]ミルモでチー,63700,43.7,[JP][132889350]綴美,-500,-40.5,[JP][127500682]めいぴょい,-32500,-82.5,260811-b8d3ee0d-44e5-44c9-8512-bea1ad76d779,
2026-08-11 00:33:09,2026-08-11 01:11:59,no,[JP][126958659]tazmitu,46100,56.1,[JP][127685187]yukke_08,35300,15.3,[JP][132889350]綴美,13200,-26.8,[JP][107121024]ミルモでチー,5400,-44.6,260810-37cba709-0959-452d-a989-04407bd16b5a,
2026-08-10 23:26:10,2026-08-11 00:10:46,no,[JP][127685187]yukke_08,48500,58.5,[JP][130636363]龍華。。,32500,12.5,[JP][107121024]ミルモでチー,14000,-26,[JP][103136012]ルート12345,5000,-45,260810-bd587711-53a1-49bc-83b3-a6c5add8e247,
2026-08-10 22:25:46,2026-08-10 23:17:57,no,[JP][113140034]クロミです,64300,74.3,[JP][130636363]龍華。。,19200,-0.8,[JP][132889350]綴美,8600,-31.4,[JP][103136012]ルート12345,7900,-42.1,260810-9afe10a4-8165-405e-afcb-a2126162da11,
2026-08-10 21:59:18,2026-08-10 22:58:31,no,[JP][91745475]のあだよ〜ん,48600,58.6,[JP][126958659]tazmitu,22000,2,[JP][104870668]けーびぃー,22000,-18,[JP][117826319]びんびんん,7400,-42.6,260810-de7aa9ce-e55a-47c2-a7ec-bddc2da31a95,
2026-08-10 21:39:20,2026-08-10 22:05:25,no,[JP][130636363]龍華。。,33600,43.6,[JP][113140034]クロミです,31700,11.7,[JP][132385032]富士丸ラーメン,26900,-13.1,[JP][140986564]ミラージュ梅,7800,-42.2,260810-e61a7932-d998-421f-8867-a7bc3d46ac71,
2026-08-10 21:25:26,2026-08-10 21:53:55,no,[JP][132889350]綴美,33100,43.1,[JP][104870668]けーびぃー,32900,12.9,[JP][91745475]のあだよ〜ん,21200,-18.8,[JP][117826319]びんびんん,12800,-37.2,260810-1374134c-1f6e-4e3c-964e-173a9af1d134,
2026-08-10 20:34:34,2026-08-10 21:22:15,no,[JP][117826319]びんびんん,51400,61.4,[JP][103136012]ルート12345,24200,4.2,[JP][104870668]けーびぃー,16300,-23.7,[JP][91745475]のあだよ〜ん,8100,-41.9,260810-03788312-0b26-4182-b22d-dbf736bbf522,
2026-08-10 18:51:15,2026-08-10 19:54:22,no,[JP][128534146]アラキ,58100,68.1,[JP][132889350]綴美,39600,19.6,[JP][127500682]めいぴょい,31000,-9,[JP][130636363]龍華。。,-28700,-78.7,260810-b7b7d348-780d-4d26-bb1c-f7463544d775,
2026-08-10 18:22:21,2026-08-10 18:50:41,no,[JP][103136012]ルート12345,43200,53.2,[JP][132385032]富士丸ラーメン,32200,12.2,[JP][104870668]けーびぃー,25500,-14.5,[JP][117826319]びんびんん,-900,-50.9,260810-107ee8df-95fa-47b4-aa6c-ae8c7d0cf975,
2026-08-10 17:19:19,2026-08-10 18:17:13,no,[JP][107121024]ミルモでチー,49800,59.8,[JP][117826319]びんびんん,41200,21.2,[JP][103136012]ルート12345,23600,-16.4,[JP][132889350]綴美,-14600,-64.6,260810-9afd56e7-9d29-49f1-9409-dd781c8cfaf5,
2026-08-10 16:20:51,2026-08-10 17:16:01,no,[JP][103136012]ルート12345,45600,55.6,[JP][127685187]yukke_08,26000,6,[JP][107121024]ミルモでチー,15600,-24.4,[JP][117826319]びんびんん,12800,-37.2,260810-6c35887e-ae59-4afc-af63-c66785706d36,
2026-08-10 12:31:23,2026-08-10 13:05:07,no,[JP][91745475]のあだよ〜ん,46000,56,[JP][111407052]きょほほ,45500,25.5,[JP][127685187]yukke_08,24900,-15.1,[JP][117826319]びんびんん,-16400,-66.4,260810-6a96b6b7-4618-4bf6-97cd-8113ea16b7b0,
2026-08-10 11:36:42,2026-08-10 12:09:58,no,[JP][117826319]びんびんん,38700,48.7,[JP][128826565]ぬこうどんー,34000,14,[JP][132385032]富士丸ラーメン,14300,-25.7,[JP][127685187]yukke_08,13000,-37,260810-bd0cd80f-e3ba-43f6-b800-92c9790cebee,
2026-08-10 06:07:54,2026-08-10 06:40:17,no,[JP][128534146]アラキ,46600,56.6,[JP][117826319]びんびんん,39400,19.4,[JP][87368974]むしちゃんです,31300,-8.7,[JP][132889350]綴美,-17300,-67.3,260810-3b172c84-4b9d-44f3-8bfe-c631972e40c6,
2026-08-10 05:42:42,2026-08-10 06:05:34,no,[JP][117826319]びんびんん,36200,46.2,[JP][128534146]アラキ,24300,4.3,[JP][132889350]綴美,22100,-17.9,[JP][87368974]むしちゃんです,17400,-32.6,260810-cc66e122-dc43-4795-883d-1e8ea80ee384,
2026-08-10 05:06:55,2026-08-10 05:39:11,no,[JP][91745475]のあだよ〜ん,39100,49.1,[JP][132889350]綴美,30400,10.4,[JP][128534146]アラキ,23700,-16.3,[JP][117826319]びんびんん,6800,-43.2,260810-37e9864a-f9f1-476f-888a-2d4ddab847a5,
2026-08-10 04:44:26,2026-08-10 05:04:25,no,[JP][128534146]アラキ,44200,54.2,[JP][132889350]綴美,36800,16.8,[JP][91745475]のあだよ〜ん,19400,-20.6,[JP][117826319]びんびんん,-400,-50.4,260810-f0661ae2-e292-4a7a-b665-a4efea750f93,
2026-08-10 04:13:50,2026-08-10 04:42:12,no,[JP][128534146]アラキ,42600,52.6,[JP][92662594]ぱるおex,38000,18,[JP][132889350]綴美,13600,-26.4,[JP][117826319]びんびんん,5800,-44.2,260810-9dd1d6d1-dd61-4dab-a3c5-1736c2d3a8c3,
2026-08-10 03:21:56,2026-08-10 03:47:43,no,[JP][91745475]のあだよ〜ん,39600,49.6,[JP][132889350]綴美,34700,14.7,[JP][128534146]アラキ,25700,-14.3,[JP][129773571]うに嫌い。,0,-50,260810-baa4c330-d3d1-44ad-994e-36b5793de026,
2026-08-10 02:47:04,2026-08-10 03:16:39,no,[JP][128534146]アラキ,56800,66.8,[JP][129773571]うに嫌い。,28000,8,[JP][128826565]ぬこうどんー,11700,-28.3,[JP][132889350]綴美,3500,-46.5,260810-b8255dfd-79b1-4961-9750-15e0c9881347,
2026-08-10 02:06:24,2026-08-10 02:42:43,no,[JP][129773571]うに嫌い。,44700,54.7,[JP][107121024]ミルモでチー,27400,7.4,[JP][132889350]綴美,19000,-21,[JP][128826565]ぬこうどんー,8900,-41.1,260810-b02714e6-ae5e-4483-8539-51a5b15aa83e,
2026-08-10 01:24:16,2026-08-10 01:59:53,no,[JP][107121024]ミルモでチー,43700,53.7,[JP][135989001]ちたーふ,33600,13.6,[JP][129773571]うに嫌い。,24200,-15.8,[JP][132889350]綴美,-1500,-51.5,260810-c6e73f2e-1510-4a9c-8add-d0206664437b,
2026-08-10 00:38:05,2026-08-10 01:19:01,no,[JP][135989001]ちたーふ,50600,60.6,[JP][132889350]綴美,33100,13.1,[JP][129773571]うに嫌い。,27000,-13,[JP][127685187]yukke_08,-10700,-60.7,260809-d1afdd1e-b501-4a01-9aba-b2dc93b395c5,
2026-08-10 00:33:04,2026-08-10 01:01:39,no,[JP][107121024]ミルモでチー,66100,76.1,[JP][117826319]びんびんん,19500,-0.5,[JP][91745475]のあだよ〜ん,14100,-25.9,[JP][130636363]龍華。。,300,-49.7,260809-b7db570f-2ad8-4b82-9d3f-23fe8409bc4d,
2026-08-09 23:49:47,2026-08-10 00:27:17,no,[JP][127685187]yukke_08,31500,41.5,[JP][128826565]ぬこうどんー,27200,7.2,[JP][135989001]ちたーふ,21200,-18.8,[JP][117826319]びんびんん,20100,-29.9,260809-e8452af8-de71-44ee-bf04-ef6feaf81033,
2026-08-09 23:16:34,2026-08-09 23:57:47,no,[JP][141442184]パラセクト。,38300,48.3,[JP][91745475]のあだよ〜ん,27500,7.5,[JP][126958659]tazmitu,23100,-16.9,[JP][123842955]アヤコぽん,11100,-38.9,260809-0c0b7041-29b5-40c6-9e4b-e25f6b179e68,
2026-08-09 22:41:19,2026-08-09 23:14:54,no,[JP][127685187]yukke_08,53200,63.2,[JP][135989001]ちたーふ,32700,12.7,[JP][122700559]ひつじ04,20100,-19.9,[JP][121291970]クッション枕,-6000,-56,260809-3eb3441f-d3ef-4506-b4eb-fbdc86537462,
2026-08-09 21:50:12,2026-08-09 22:34:15,no,[JP][122700559]ひつじ04,41700,51.7,[JP][121291970]クッション枕,36500,16.5,[JP][135989001]ちたーふ,25400,-14.6,[JP][91745475]のあだよ〜ん,-3600,-53.6,260809-3ef8af36-75b4-43b1-803b-a8ee15ed522a,
2026-08-09 20:02:42,2026-08-09 20:44:34,no,[JP][127500682]めいぴょい,42100,52.1,[JP][117826319]びんびんん,39700,19.7,[JP][129773571]うに嫌い。,12600,-27.4,[JP][132889350]綴美,5600,-44.4,260809-aedbcdcb-cb29-4f0e-bc58-1f987302174e,
2026-08-09 19:06:13,2026-08-09 20:00:18,no,[JP][117826319]びんびんん,40000,50,[JP][127500682]めいぴょい,36400,16.4,[JP][132889350]綴美,31500,-8.5,[JP][129773571]うに嫌い。,-7900,-57.9,260809-31271fdb-3c34-4c4a-bf81-cb5713028b50,
2026-08-09 19:20:44,2026-08-09 19:48:44,no,[JP][127685187]yukke_08,38100,48.1,[JP][91745475]のあだよ〜ん,29000,9,[JP][122700559]ひつじ04,20900,-19.1,[JP][121291970]クッション枕,12000,-38,260809-af7a4547-9d61-4f3e-8096-2cdf6280a977,
2026-08-09 18:36:46,2026-08-09 19:17:24,no,[JP][91745475]のあだよ〜ん,47700,57.7,[JP][127685187]yukke_08,21800,1.8,[JP][122700559]ひつじ04,16900,-23.1,[JP][121291970]クッション枕,13600,-36.4,260809-70f448ff-628c-4d79-a69f-934371eb0d9c,
2026-08-09 18:03:37,2026-08-09 18:34:07,no,[JP][127685187]yukke_08,34700,44.7,[JP][122700559]ひつじ04,34400,14.4,[JP][91745475]のあだよ〜ん,15900,-24.1,[JP][121291970]クッション枕,15000,-35,260809-91c8c2ab-0bcf-4172-b414-db03460220c7,
2026-08-09 17:09:27,2026-08-09 17:59:20,no,[JP][122700559]ひつじ04,72900,82.9,[JP][117826319]びんびんん,59700,39.7,[JP][127685187]yukke_08,19500,-20.5,[JP][121291970]クッション枕,-52100,-102.1,260809-ab825998-6400-4040-a3fd-9565a3e9d799,
2026-08-09 16:05:42,2026-08-09 16:55:08,no,[JP][132889350]綴美,45000,55,[JP][104870668]けーびぃー,24400,4.4,[JP][128826565]ぬこうどんー,16400,-23.6,[JP][128534146]アラキ,14200,-35.8,260809-1426e3f5-fefc-4738-b788-1e2cad39773e,
2026-08-09 16:24:50,2026-08-09 16:50:58,no,[JP][127685187]yukke_08,37800,47.8,[JP][127500682]めいぴょい,34000,14,[JP][91745475]のあだよ〜ん,24400,-15.6,[JP][92662594]ぱるおex,3800,-46.2,260809-32a37970-4880-4cdc-b12b-46ed10ed5127,
2026-08-09 15:32:48,2026-08-09 16:03:17,no,[JP][91745475]のあだよ〜ん,33600,43.6,[JP][127500682]めいぴょい,31200,11.2,[JP][104870668]けーびぃー,21000,-19,[JP][135989001]ちたーふ,14200,-35.8,260809-80751dd5-d4d1-4036-bcbb-c8929c4f6b55,
2026-08-09 15:25:20,2026-08-09 16:02:49,no,[JP][127685187]yukke_08,40700,50.7,[JP][126958659]tazmitu,37500,17.5,[JP][132889350]綴美,13700,-26.3,[JP][122700559]ひつじ04,8100,-41.9,260809-25c6deb8-1a6b-4f52-a232-71b8083d40a4,
2026-08-09 14:52:39,2026-08-09 15:26:12,no,[JP][135989001]ちたーふ,42000,52,[JP][128534146]アラキ,31300,11.3,[JP][127500682]めいぴょい,18300,-21.7,[JP][104870668]けーびぃー,8400,-41.6,260809-1d5ae492-9e56-40e6-8038-9bbc06539645,
2026-08-09 14:16:50,2026-08-09 14:50:43,no,[JP][104870668]けーびぃー,44500,54.5,[JP][127500682]めいぴょい,27900,7.9,[JP][128534146]アラキ,22200,-17.8,[JP][135989001]ちたーふ,5400,-44.6,260809-a44388e7-852d-4089-a39f-325ec6c86af2,
2026-08-09 13:38:27,2026-08-09 14:13:11,no,[JP][127685187]yukke_08,47300,57.3,[JP][135989001]ちたーふ,33000,13,[JP][128534146]アラキ,10100,-29.9,[JP][104870668]けーびぃー,9600,-40.4,260809-9e88a92d-db43-4e0b-8052-b372b958e0a3,
2026-08-09 01:51:59,2026-08-09 02:27:05,no,[JP][99259658]CVココア,54600,64.6,[JP][132889350]綴美,40200,20.2,[JP][103136012]ルート12345,18500,-21.5,[JP][107121024]ミルモでチー,-13300,-63.3,260809-32cbd399-c032-4bad-b704-d4ece4231aca,
2026-08-09 00:36:42,2026-08-09 01:22:58,no,[JP][99259658]CVココア,51400,61.4,[JP][103136012]ルート12345,33800,13.8,[JP][132889350]綴美,21700,-18.3,[JP][91745475]のあだよ〜ん,-6900,-56.9,260808-941486c3-82bc-40a2-9d3a-1736d35f4fc3,
2026-08-09 00:11:09,2026-08-09 01:01:19,no,[JP][141442184]パラセクト。,43600,53.6,[JP][108211976]佐鳥乃愛,31600,11.6,[JP][123842955]アヤコぽん,23200,-16.8,[JP][113816715]あるですけど,1600,-48.4,260808-a5fdcc02-0353-4b18-89a2-cddbce408030,
2026-08-08 23:47:56,2026-08-09 00:32:03,no,[JP][103136012]ルート12345,49000,59,[JP][132889350]綴美,30400,10.4,[JP][91745475]のあだよ〜ん,18100,-21.9,[JP][135989001]ちたーふ,2500,-47.5,260808-2216ce7c-f64c-4db9-92f7-875863104a56,
2026-08-08 23:42:55,2026-08-09 00:09:53,no,[JP][123842955]アヤコぽん,51600,61.6,[JP][108211976]佐鳥乃愛,35600,15.6,[JP][113816715]あるですけど,11400,-28.6,[JP][141442184]パラセクト。,1400,-48.6,260808-e5624e71-7f9c-49ea-986a-8ad1496390e3,
2026-08-08 19:28:41,2026-08-08 20:02:37,no,[JP][132889350]綴美,34100,44.1,[JP][129773571]うに嫌い。,26600,6.6,[JP][127500682]めいぴょい,21000,-19,[JP][117826319]びんびんん,18300,-31.7,260808-3ff298d0-0c31-46fd-a6e3-40a19902b18a,
2026-08-08 18:52:44,2026-08-08 19:25:04,no,[JP][127500682]めいぴょい,45900,55.9,[JP][117826319]びんびんん,45700,25.7,[JP][132889350]綴美,6600,-33.4,[JP][113816715]あるですけど,1800,-48.2,260808-b82bd0b3-7fd0-4270-8779-11de1b5ebe3c,
2026-08-08 18:15:47,2026-08-08 18:46:29,no,[JP][117826319]びんびんん,32700,42.7,[JP][132889350]綴美,28900,8.9,[JP][127500682]めいぴょい,19500,-20.5,[JP][91745475]のあだよ〜ん,18900,-31.1,260808-e7b65e48-7530-42a4-a44d-96f74eef2600,
2026-08-08 17:38:36,2026-08-08 18:12:44,no,[JP][127500682]めいぴょい,35700,45.7,[JP][127685187]yukke_08,32700,12.7,[JP][122700559]ひつじ04,23500,-16.5,[JP][91745475]のあだよ〜ん,8100,-41.9,260808-d385f6dc-9588-4f82-8e9f-6c0435eeee19,
2026-08-08 16:01:22,2026-08-08 16:31:22,no,[JP][91745475]のあだよ〜ん,31400,41.4,[JP][122700559]ひつじ04,27500,7.5,[JP][127685187]yukke_08,21100,-18.9,[JP][132889350]綴美,20000,-30,260808-b10c666b-f104-4777-a866-927cd8eee475,
2026-08-08 15:27:16,2026-08-08 15:57:39,no,[JP][104870668]けーびぃー,61200,71.2,[JP][132889350]綴美,35500,15.5,[JP][91745475]のあだよ〜ん,18100,-21.9,[JP][128534146]アラキ,-14800,-64.8,260808-1e570fc7-d01d-4791-b0bf-eb5ce39dbadf,
2026-08-08 14:31:34,2026-08-08 15:03:19,no,[JP][128534146]アラキ,37400,47.4,[JP][129773571]うに嫌い。,31500,11.5,[JP][132889350]綴美,23800,-16.2,[JP][91745475]のあだよ〜ん,7300,-42.7,260808-582bf6d0-4816-44d6-8e43-13b91249abac,
2026-08-08 02:53:17,2026-08-08 03:32:42,no,[JP][99259658]CVココア,44800,54.8,[JP][107121024]ミルモでチー,34200,14.2,[JP][132889350]綴美,15300,-24.7,[JP][128534146]アラキ,5700,-44.3,260808-4b5029fe-eb8a-4607-8b33-25b5147c0f8c,
2026-08-08 02:27:22,2026-08-08 02:51:45,no,[JP][128534146]アラキ,31000,41,[JP][107121024]ミルモでチー,26000,6,[JP][132889350]綴美,25100,-14.9,[JP][99259658]CVココア,17900,-32.1,260808-3e502f56-29cd-4a1f-a6f8-97491bfeb1e0,
2026-08-08 01:59:13,2026-08-08 02:25:26,no,[JP][99259658]CVココア,47700,57.7,[JP][128534146]アラキ,37300,17.3,[JP][132889350]綴美,19800,-20.2,[JP][107121024]ミルモでチー,-4800,-54.8,260808-3e92a9e9-da73-4416-ac2d-a03b9326726f,
2026-08-08 01:23:39,2026-08-08 01:57:04,no,[JP][107121024]ミルモでチー,53500,63.5,[JP][99259658]CVココア,20900,0.9,[JP][121291970]クッション枕,15100,-24.9,[JP][132889350]綴美,10500,-39.5,260808-57e58eca-e39d-4d9e-8f9b-751a6059294b,
2026-08-07 23:48:02,2026-08-08 00:17:36,no,[JP][117826319]びんびんん,71000,81,[JP][104870668]けーびぃー,33600,13.6,[JP][132889350]綴美,18300,-21.7,[JP][121291970]クッション枕,-22900,-72.9,260807-5de98583-0f56-47da-a694-e1ce8d098524,
2026-08-07 23:13:34,2026-08-07 23:44:45,no,[JP][117826319]びんびんん,34600,44.6,[JP][104870668]けーびぃー,26200,6.2,[JP][132889350]綴美,19800,-20.2,[JP][136949124]シャルにゃん,19400,-30.6,260807-bbd930c3-963e-4d72-b1dd-8ddd1ed42282,
2026-08-07 20:55:23,2026-08-07 21:36:51,no,[JP][117826319]びんびんん,50800,60.8,[JP][140986564]ミラージュ梅,18800,-1.2,[JP][132889350]綴美,17200,-22.8,[JP][104870668]けーびぃー,13200,-36.8,260807-0696798d-6430-4a9e-bae8-5dc45188032a,
2026-08-07 20:18:30,2026-08-07 20:50:54,no,[JP][136949124]シャルにゃん,51300,61.3,[JP][104870668]けーびぃー,31100,11.1,[JP][117826319]びんびんん,13900,-26.1,[JP][132889350]綴美,3700,-46.3,260807-30b4ee54-787d-458a-9771-3ae7befeae66,
2026-08-07 19:25:27,2026-08-07 20:01:42,no,[JP][129773571]うに嫌い。,37800,47.8,[JP][132889350]綴美,32500,12.5,[JP][104870668]けーびぃー,17800,-22.2,[JP][127500682]めいぴょい,11900,-38.1,260807-86b428fa-4e0e-4eae-8585-f67aa39a3da3,
2026-08-07 18:07:46,2026-08-07 19:05:25,no,[JP][122700559]ひつじ04,51600,61.6,[JP][127685187]yukke_08,32500,12.5,[JP][132889350]綴美,20200,-19.8,[JP][103999753]kotetsu0422,-4300,-54.3,260807-eb80120d-5ac7-4d4d-a424-0cf00604dc8f,
2026-08-07 16:48:58,2026-08-07 17:33:04,no,[JP][141442184]パラセクト。,59700,69.7,[JP][123842955]アヤコぽん,47800,27.8,[JP][108211976]佐鳥乃愛,15500,-24.5,[JP][121291970]クッション枕,-23000,-73,260807-fe15e1e4-6a44-49bc-99af-49bc91e72996,
2026-08-07 16:07:36,2026-08-07 17:24:25,no,[JP][103999753]kotetsu0422,50000,60,[JP][126958659]tazmitu,24200,4.2,[JP][113140034]クロミです,19600,-20.4,[JP][132889350]綴美,6200,-43.8,260807-3ccb97fc-d23b-40af-a2ee-3fe11373f2fd,
2026-08-07 16:20:10,2026-08-07 16:47:04,no,[JP][121291970]クッション枕,41100,51.1,[JP][108211976]佐鳥乃愛,35900,15.9,[JP][141442184]パラセクト。,29800,-10.2,[JP][123842955]アヤコぽん,-6800,-56.8,260807-e0d80e30-68ce-4d41-a2aa-ec190f26d5b9,
2026-08-07 14:26:04,2026-08-07 15:26:45,no,[JP][121291970]クッション枕,37000,47,[JP][113140034]クロミです,36700,16.7,[JP][132889350]綴美,17600,-22.4,[JP][128826565]ぬこうどんー,8700,-41.3,260807-3220cda3-3958-4dae-a08b-bc1604c37033,
2026-08-07 13:48:31,2026-08-07 14:21:46,no,[JP][113140034]クロミです,64200,74.2,[JP][127685187]yukke_08,41600,21.6,[JP][103999753]kotetsu0422,13400,-26.6,[JP][121291970]クッション枕,-19200,-69.2,260807-7582d292-75e9-40d2-a75c-1a552b175fa6,
2026-08-07 13:01:40,2026-08-07 13:37:00,no,[JP][126958659]tazmitu,36800,46.8,[JP][103999753]kotetsu0422,32400,12.4,[JP][127685187]yukke_08,24000,-16,[JP][113140034]クロミです,6800,-43.2,260807-a1e3858b-b77b-4881-bf77-d01c71d765a9,
2026-08-07 12:11:24,2026-08-07 12:46:23,no,[JP][113140034]クロミです,30500,40.5,[JP][91745475]のあだよ〜ん,26500,6.5,[JP][122700559]ひつじ04,24000,-16,[JP][128534146]アラキ,19000,-31,260807-ce2a6b4e-bbe7-420f-9dc7-de49b7801d38,
2026-08-07 11:41:13,2026-08-07 12:08:27,no,[JP][127685187]yukke_08,46100,56.1,[JP][128534146]アラキ,40700,20.7,[JP][113140034]クロミです,24500,-15.5,[JP][135989001]ちたーふ,-11300,-61.3,260807-6e6f06b5-1481-41e3-b5cc-9a5754fa0614,
2026-08-07 10:50:42,2026-08-07 11:20:57,no,[JP][128534146]アラキ,45600,55.6,[JP][127685187]yukke_08,34400,14.4,[JP][91745475]のあだよ〜ん,23400,-16.6,[JP][135989001]ちたーふ,-3400,-53.4,260807-a8cf455e-5d2a-4786-a527-554aaca8251f,
2026-08-07 02:36:06,2026-08-07 03:17:09,no,[JP][91745475]のあだよ〜ん,45700,55.7,[JP][128826565]ぬこうどんー,26100,6.1,[JP][103136012]ルート12345,21700,-18.3,[JP][132889350]綴美,6500,-43.5,260807-5ef7b8ab-6165-4324-bfda-8d3edc42c949,
2026-08-07 01:30:53,2026-08-07 02:29:28,no,[JP][103999753]kotetsu0422,30700,40.7,[JP][129773571]うに嫌い。,27000,7,[JP][132889350]綴美,24700,-15.3,[JP][103136012]ルート12345,17600,-32.4,260807-43269d06-62ef-4b5e-aa7e-462754236ddb,
2026-08-07 00:46:57,2026-08-07 01:29:26,no,[JP][132889350]綴美,60000,70,[JP][122700559]ひつじ04,27700,7.7,[JP][129773571]うに嫌い。,20000,-20,[JP][103136012]ルート12345,-7700,-57.7,260806-39af2c89-47e8-41d2-88b6-99e2ca670485,
2026-08-06 23:34:24,2026-08-07 00:16:52,no,[JP][104870668]けーびぃー,48500,58.5,[JP][113140034]クロミです,19500,-0.5,[JP][103136012]ルート12345,18900,-21.1,[JP][132889350]綴美,13100,-36.9,260806-813bc1c1-533b-4f4d-a45f-01d31732ea9b,
2026-08-06 23:04:50,2026-08-06 23:36:04,no,[JP][113816715]あるですけど,44200,54.2,[JP][91745475]のあだよ〜ん,31400,11.4,[JP][121291970]クッション枕,12900,-27.1,[JP][130636363]龍華。。,11500,-38.5,260806-adb81e6f-e96d-48b1-93cb-e586a8ec6ae2,
2026-08-06 22:52:45,2026-08-06 23:27:10,no,[JP][113140034]クロミです,49400,59.4,[JP][103136012]ルート12345,21700,1.7,[JP][104870668]けーびぃー,21200,-18.8,[JP][132889350]綴美,7700,-42.3,260806-5f06815a-5b44-4b30-9651-2188023ad846,
2026-08-06 22:14:21,2026-08-06 22:51:10,no,[JP][107121024]ミルモでチー,33800,43.8,[JP][130636363]龍華。。,32700,12.7,[JP][117826319]びんびんん,23200,-16.8,[JP][135989001]ちたーふ,10300,-39.7,260806-2264f5dc-6f69-43b0-b1f1-b85606e57746,
2026-08-06 22:01:25,2026-08-06 22:48:36,no,[JP][132889350]綴美,40600,50.6,[JP][101672072]きょーか8,37000,17,[JP][103136012]ルート12345,20200,-19.8,[JP][113140034]クロミです,2200,-47.8,260806-ece7d22b-dfc3-475c-b709-f62b9603eb9b,
2026-08-06 21:48:21,2026-08-06 22:27:36,no,[JP][91745475]のあだよ〜ん,53900,63.9,[JP][140986564]ミラージュ梅,19500,-0.5,[JP][104870668]けーびぃー,15000,-25,[JP][126958659]tazmitu,11600,-38.4,260806-7575c882-faf6-4795-b188-f1cd9da659dd,
2026-08-06 21:19:41,2026-08-06 22:01:15,no,[JP][128826565]ぬこうどんー,42100,52.1,[JP][135989001]ちたーふ,31200,11.2,[JP][132385032]富士丸ラーメン,27400,-12.6,[JP][121291970]クッション枕,-700,-50.7,260806-97d4d6a1-bb89-44cd-b6a8-c8cbe5941a74,
2026-08-06 21:28:55,2026-08-06 21:45:49,no,[JP][132889350]綴美,41300,51.3,[JP][91745475]のあだよ〜ん,23300,3.3,[JP][127685187]yukke_08,18700,-21.3,[JP][122700559]ひつじ04,16700,-33.3,260806-0084f67a-5e41-4df6-ad13-6c8fca686dc3,
2026-08-06 20:55:02,2026-08-06 21:24:10,no,[JP][117826319]びんびんん,40000,50,[JP][132889350]綴美,38200,18.2,[JP][127500682]めいぴょい,23400,-16.6,[JP][91745475]のあだよ〜ん,-1600,-51.6,260806-fc956cd1-99e3-4a43-978c-4b91fbed8903,
2026-08-06 20:33:18,2026-08-06 21:08:33,no,[JP][122700559]ひつじ04,48300,58.3,[JP][126958659]tazmitu,34600,14.6,[JP][127685187]yukke_08,24000,-16,[JP][128826565]ぬこうどんー,-6900,-56.9,260806-12de8e97-6de2-4d97-8147-a41ea3abe1ab,
2026-08-06 20:08:53,2026-08-06 20:48:42,no,[JP][132889350]綴美,42600,52.6,[JP][130636363]龍華。。,34200,14.2,[JP][91745475]のあだよ〜ん,28500,-11.5,[JP][135562955]【くぅー】,-5300,-55.3,260806-0f82db04-16ec-4daf-988a-a724aa743814,
2026-08-06 19:43:25,2026-08-06 20:40:26,no,[JP][127500682]めいぴょい,76000,86,[JP][117826319]びんびんん,67400,47.4,[JP][104870668]けーびぃー,7800,-32.2,[JP][121291970]クッション枕,-51200,-101.2,260806-4c0e067c-7534-45e1-a1b0-3402fa17b24b,
2026-08-06 19:37:37,2026-08-06 20:02:31,no,[JP][103999753]kotetsu0422,34300,44.3,[JP][129773571]うに嫌い。,27500,7.5,[JP][135989001]ちたーふ,20300,-19.7,[JP][132889350]綴美,17900,-32.1,260806-0c286e95-5f26-4ce7-b491-3ddd7cf38fa7,
2026-08-06 18:59:00,2026-08-06 19:36:38,no,[JP][127500682]めいぴょい,72400,82.4,[JP][121291970]クッション枕,18400,-1.6,[JP][117826319]びんびんん,6300,-33.7,[JP][104870668]けーびぃー,2900,-47.1,260806-6b87f243-9513-49cf-b1c5-64143045b872,
2026-08-06 18:25:58,2026-08-06 18:55:22,no,[JP][130636363]龍華。。,48500,58.5,[JP][129773571]うに嫌い。,27700,7.7,[JP][91745475]のあだよ〜ん,18500,-21.5,[JP][117826319]びんびんん,5300,-44.7,260806-8895e58c-338f-4ed3-89c3-49bfd3a4e683,
2026-08-06 17:57:12,2026-08-06 18:23:23,no,[JP][129773571]うに嫌い。,44900,54.9,[JP][103999753]kotetsu0422,30700,10.7,[JP][127685187]yukke_08,27500,-12.5,[JP][136949124]シャルにゃん,-3100,-53.1,260806-a5efee4e-12e3-472f-8ebf-e693a5c9d5d1,
2026-08-06 17:20:17,2026-08-06 18:04:12,no,[JP][117826319]びんびんん,39100,49.1,[JP][121291970]クッション枕,33800,13.8,[JP][130636363]龍華。。,27800,-12.2,[JP][132889350]綴美,-700,-50.7,260806-12a6c493-f279-44a1-884c-97e3237b0477,
2026-08-06 16:22:47,2026-08-06 17:00:05,no,[JP][121291970]クッション枕,75300,85.3,[JP][91745475]のあだよ〜ん,27100,7.1,[JP][127685187]yukke_08,2000,-38,[JP][107121024]ミルモでチー,-4400,-54.4,260806-d490b600-8ec5-4a0a-8f7c-8fd84b8365df,
2026-08-06 15:47:37,2026-08-06 16:19:03,no,[JP][91745475]のあだよ〜ん,34600,44.6,[JP][127685187]yukke_08,31200,11.2,[JP][107121024]ミルモでチー,19300,-20.7,[JP][121291970]クッション枕,14900,-35.1,260806-b5fcc572-0ba2-4056-ab87-fed1c1ea0aca,
2026-08-06 15:16:43,2026-08-06 15:42:10,no,[JP][107121024]ミルモでチー,49600,59.6,[JP][127685187]yukke_08,27100,7.1,[JP][129773571]うに嫌い。,22400,-17.6,[JP][91745475]のあだよ〜ん,900,-49.1,260806-8455676a-c7f3-4890-9c40-a2fe958ce524,
2026-08-06 14:31:13,2026-08-06 14:58:40,no,[JP][121291970]クッション枕,47600,57.6,[JP][107121024]ミルモでチー,40400,20.4,[JP][91745475]のあだよ〜ん,20700,-19.3,[JP][123015299]Rさんさん,-8700,-58.7,260806-24f045aa-4ca6-4176-a492-2ceddfb7ac15,
2026-08-06 13:55:30,2026-08-06 14:27:07,no,[JP][99259658]CVココア,44800,54.8,[JP][121291970]クッション枕,27400,7.4,[JP][132889350]綴美,19700,-20.3,[JP][123015299]Rさんさん,8100,-41.9,260806-419fab5a-481c-4150-987b-a0f628ae3f77,
2026-08-06 13:20:47,2026-08-06 13:50:26,no,[JP][127685187]yukke_08,52500,62.5,[JP][132889350]綴美,39200,19.2,[JP][121291970]クッション枕,30300,-9.7,[JP][91745475]のあだよ〜ん,-22000,-72,260806-6c7ff6aa-394a-4f8b-b42e-4277d53374e8,
2026-08-06 12:54:13,2026-08-06 13:17:14,no,[JP][91745475]のあだよ〜ん,46500,56.5,[JP][121291970]クッション枕,21200,1.2,[JP][127685187]yukke_08,17500,-22.5,[JP][132889350]綴美,14800,-35.2,260806-61392ffb-6b15-4192-83c2-61bbab0ca201,
2026-08-06 12:13:35,2026-08-06 12:51:23,no,[JP][126958659]tazmitu,61800,71.8,[JP][132889350]綴美,24800,4.8,[JP][127685187]yukke_08,9800,-30.2,[JP][91745475]のあだよ〜ん,3600,-46.4,260806-831b8c42-1d09-44e1-86f0-2438a77a65d3,
2026-08-06 11:33:56,2026-08-06 12:05:07,no,[JP][127685187]yukke_08,47500,57.5,[JP][91745475]のあだよ〜ん,30100,10.1,[JP][132889350]綴美,21300,-18.7,[JP][121291970]クッション枕,1100,-48.9,260806-e7816cc8-3a71-4846-9cc3-b4f2be403158,
2026-08-06 02:27:51,2026-08-06 02:56:29,no,[JP][107121024]ミルモでチー,42000,52,[JP][86425605]suzuken3,30900,10.9,[JP][128534146]アラキ,24000,-16,[JP][129773571]うに嫌い。,3100,-46.9,260806-3ecc975e-11a9-4e05-9275-90a7e5a104dd,
2026-08-06 01:49:52,2026-08-06 02:22:26,no,[JP][107121024]ミルモでチー,33300,43.3,[JP][129773571]うに嫌い。,24100,4.1,[JP][128534146]アラキ,22800,-17.2,[JP][86425605]suzuken3,19800,-30.2,260806-d4c8d0bd-358f-45af-be22-a9859f1bab5d,
2026-08-06 01:15:27,2026-08-06 01:48:03,no,[JP][107121024]ミルモでチー,37100,47.1,[JP][86425605]suzuken3,36500,16.5,[JP][128534146]アラキ,22400,-17.6,[JP][91745475]のあだよ〜ん,4000,-46,260806-bb74d967-947e-4f1d-aa37-d20ac7466677,
2026-08-06 00:41:16,2026-08-06 01:11:51,no,[JP][107121024]ミルモでチー,35200,45.2,[JP][91745475]のあだよ〜ん,25200,5.2,[JP][128534146]アラキ,21800,-18.2,[JP][86425605]suzuken3,17800,-32.2,260805-c6f0b52a-ad01-42a0-8e4e-6ca5ba089d17,
2026-08-05 23:56:31,2026-08-06 00:36:01,no,[JP][128534146]アラキ,54800,64.8,[JP][104870668]けーびぃー,19800,-0.2,[JP][91745475]のあだよ〜ん,17600,-22.4,[JP][129773571]うに嫌い。,7800,-42.2,260805-0c1d3d74-ab51-4071-bba4-e20887142f55,
2026-08-05 23:24:34,2026-08-05 23:54:47,no,[JP][129773571]うに嫌い。,40200,50.2,[JP][128534146]アラキ,31300,11.3,[JP][91745475]のあだよ〜ん,14400,-25.6,[JP][104870668]けーびぃー,14100,-35.9,260805-0b7d2875-c5a0-4986-864d-d5beb8025e4c,
2026-08-05 23:13:19,2026-08-05 23:44:06,no,[JP][103999753]kotetsu0422,39900,49.9,[JP][113140034]クロミです,29800,9.8,[JP][122700559]ひつじ04,22400,-17.6,[JP][127685187]yukke_08,7900,-42.1,260805-4f9c4d31-7741-4b4d-a8e5-ef01788c669a,
2026-08-05 22:44:47,2026-08-05 23:16:41,no,[JP][91745475]のあだよ〜ん,41000,51,[JP][86425605]suzuken3,31600,11.6,[JP][104870668]けーびぃー,18900,-21.1,[JP][128534146]アラキ,8500,-41.5,260805-0caeb3c4-9c83-44fb-b0e1-5cbab9e717f3,
2026-08-05 22:01:01,2026-08-05 23:02:07,no,[JP][103136012]ルート12345,50600,60.6,[JP][101672072]きょーか8,46300,26.3,[JP][128142273]ーはまちー,3500,-36.5,[JP][110084301]かんんちゃ,-400,-50.4,260805-3cee2279-e6ec-4357-92cc-5209b0cd692a,
2026-08-05 22:15:58,2026-08-05 22:42:55,no,[JP][86425605]suzuken3,52000,62,[JP][117826319]びんびんん,35400,15.4,[JP][104870668]けーびぃー,13600,-26.4,[JP][128534146]アラキ,-1000,-51,260805-957e48f5-fa9e-4376-ab3e-15177ec1e634,
2026-08-05 22:03:17,2026-08-05 22:38:27,no,[JP][135989001]ちたーふ,35400,45.4,[JP][103999753]kotetsu0422,24200,4.2,[JP][122700559]ひつじ04,20500,-19.5,[JP][113140034]クロミです,19900,-30.1,260805-893c67db-84ce-48b0-84de-cc44b38fbca2,
2026-08-05 20:56:04,2026-08-05 21:34:08,no,[JP][132889350]綴美,36900,46.9,[JP][104870668]けーびぃー,32900,12.9,[JP][117826319]びんびんん,29300,-10.7,[JP][121573512]wot毒舌妹bot,900,-49.1,260805-4c35635e-98e7-479d-819a-d499ea2747d7,
2026-08-05 20:19:25,2026-08-05 21:01:20,no,[JP][122700559]ひつじ04,72000,82,[JP][91745475]のあだよ〜ん,21600,1.6,[JP][129773571]うに嫌い。,11800,-28.2,[JP][127685187]yukke_08,-5400,-55.4,260805-0ad2e526-8d31-4203-9dc5-1e5cf8d422f4,
2026-08-05 18:51:15,2026-08-05 20:06:10,no,[JP][117826319]びんびんん,43900,53.9,[JP][122700559]ひつじ04,33600,13.6,[JP][91745475]のあだよ〜ん,31300,-8.7,[JP][135989001]ちたーふ,-8800,-58.8,260805-4746c005-f497-4ad6-b86d-46088142c6aa,
2026-08-05 16:00:30,2026-08-05 16:51:38,no,[JP][121291970]クッション枕,39600,49.6,[JP][128142273]ーはまちー,28000,8,[JP][107121024]ミルモでチー,21100,-18.9,[JP][132889350]綴美,11300,-38.7,260805-2538c4b3-3c03-4be6-a020-6a13e7b88ab4,
2026-08-05 15:19:21,2026-08-05 15:57:54,no,[JP][107121024]ミルモでチー,37900,47.9,[JP][132889350]綴美,23300,3.3,[JP][91745475]のあだよ〜ん,23000,-17,[JP][121291970]クッション枕,15800,-34.2,260805-4ad55ea9-4102-4ef8-aeac-bcba7fe91a27,
2026-08-05 14:31:56,2026-08-05 15:01:27,no,[JP][123842955]アヤコぽん,37200,47.2,[JP][107121024]ミルモでチー,22000,2,[JP][121291970]クッション枕,21600,-18.4,[JP][113816715]あるですけど,19200,-30.8,260805-6b64b552-1626-451f-835c-5dbc31c78e93,
2026-08-05 12:42:50,2026-08-05 13:23:04,no,[JP][132889350]綴美,52000,62,[JP][103136012]ルート12345,31800,11.8,[JP][121291970]クッション枕,9000,-31,[JP][129773571]うに嫌い。,7200,-42.8,260805-7cd7519b-dd8a-489a-9f0e-4582dbfba19f,
2026-08-05 12:00:01,2026-08-05 12:24:40,no,[JP][121291970]クッション枕,49500,59.5,[JP][140263736]姫舞ちゃん,26200,6.2,[JP][122700559]ひつじ04,12900,-27.1,[JP][127685187]yukke_08,11400,-38.6,260805-b21e1d34-c6b6-4594-9a99-c5482cffa02c,
2026-08-05 11:00:23,2026-08-05 11:39:22,no,[JP][113816715]あるですけど,33500,43.5,[JP][121291970]クッション枕,30500,10.5,[JP][122700559]ひつじ04,20800,-19.2,[JP][127685187]yukke_08,15200,-34.8,260805-57909d7a-0f50-4271-aa99-9534249f84fd,
2026-08-05 02:34:43,2026-08-05 03:05:47,no,[JP][91745475]のあだよ〜ん,35800,45.8,[JP][109353088]2PAC,28600,8.6,[JP][129773571]うに嫌い。,20700,-19.3,[JP][107121024]ミルモでチー,14900,-35.1,260805-e677588c-4123-4f03-9945-fa9c43307156,
2026-08-05 02:01:29,2026-08-05 02:32:26,no,[JP][107121024]ミルモでチー,41800,51.8,[JP][129773571]うに嫌い。,29900,9.9,[JP][91745475]のあだよ〜ん,23500,-16.5,[JP][109353088]2PAC,4800,-45.2,260805-eda13854-6395-41e5-83b7-2d89e4c960e7,
2026-08-05 01:49:24,2026-08-05 02:24:48,no,[JP][128142273]ーはまちー,50200,60.2,[JP][127685187]yukke_08,49500,29.5,[JP][101672072]きょーか8,11200,-28.8,[JP][103999753]kotetsu0422,-10900,-60.9,260805-6576c315-0612-44ee-bf7b-0c0cbabda7bf,
2026-08-05 00:55:29,2026-08-05 01:56:46,no,[JP][121291970]クッション枕,40000,50,[JP][91745475]のあだよ〜ん,34400,14.4,[JP][126958659]tazmitu,33500,-6.5,[JP][122700559]ひつじ04,-7900,-57.9,260804-d8d8331f-85c8-4c26-ac07-9aa2ca644fdb,
2026-08-05 01:16:45,2026-08-05 01:45:58,no,[JP][101672072]きょーか8,32700,42.7,[JP][103999753]kotetsu0422,27900,7.9,[JP][128142273]ーはまちー,24600,-15.4,[JP][127685187]yukke_08,14800,-35.2,260805-8d70cfe4-a1e6-4725-859b-9696a064955f,
2026-08-05 00:16:23,2026-08-05 01:15:07,no,[JP][127685187]yukke_08,47700,57.7,[JP][101672072]きょーか8,30600,10.6,[JP][128142273]ーはまちー,20000,-20,[JP][103999753]kotetsu0422,1700,-48.3,260804-5c76c002-7017-4c1d-a76e-26b57650da76,
2026-08-04 23:32:46,2026-08-05 00:12:00,no,[JP][128142273]ーはまちー,45900,55.9,[JP][101672072]きょーか8,29900,9.9,[JP][127685187]yukke_08,26100,-13.9,[JP][103999753]kotetsu0422,-1900,-51.9,260804-f050ba56-1890-4f8b-b7ae-c8d8d5b15ba0,
2026-08-04 23:02:42,2026-08-04 23:29:47,no,[JP][128142273]ーはまちー,30200,40.2,[JP][101672072]きょーか8,29200,9.2,[JP][127685187]yukke_08,25200,-14.8,[JP][103999753]kotetsu0422,15400,-34.6,260804-10078947-d987-4eec-88da-9966b8fed70c,
2026-08-04 22:52:35,2026-08-04 23:28:58,no,[JP][91745475]のあだよ〜ん,37700,47.7,[JP][126958659]tazmitu,24600,4.6,[JP][104870668]けーびぃー,21400,-18.6,[JP][128534146]アラキ,16300,-33.7,260804-27f0154d-6872-48cf-a143-4f4189fc0ea5,
2026-08-04 21:37:50,2026-08-04 22:12:19,no,[JP][104870668]けーびぃー,56200,66.2,[JP][117826319]びんびんん,38900,18.9,[JP][91745475]のあだよ〜ん,17100,-22.9,[JP][121573512]wot毒舌妹bot,-12200,-62.2,260804-107d2bce-15e7-4bf7-931f-01d4b55197f8,
2026-08-04 21:03:50,2026-08-04 21:35:32,no,[JP][117826319]びんびんん,34200,44.2,[JP][104870668]けーびぃー,30100,10.1,[JP][121573512]wot毒舌妹bot,22500,-17.5,[JP][91745475]のあだよ〜ん,13200,-36.8,260804-cfe689b4-2cb7-41b8-8c8b-e7ad6a9491e7,
2026-08-04 20:18:16,2026-08-04 20:58:05,no,[JP][91745475]のあだよ〜ん,43800,53.8,[JP][121573512]wot毒舌妹bot,32500,12.5,[JP][104870668]けーびぃー,17200,-22.8,[JP][130636363]龍華。。,6500,-43.5,260804-9d65d41f-5582-4ca3-b2ac-240eaa079f13,
2026-08-04 19:21:44,2026-08-04 19:47:05,no,[JP][127685187]yukke_08,35000,45,[JP][121573512]wot毒舌妹bot,28900,8.9,[JP][129773571]うに嫌い。,22600,-17.4,[JP][91745475]のあだよ〜ん,13500,-36.5,260804-7f5c1b99-e7f7-4353-99bb-dcf00f35905a,
2026-08-04 17:57:12,2026-08-04 18:50:30,no,[JP][128142273]ーはまちー,51100,61.1,[JP][132889350]綴美,18200,-1.8,[JP][91745475]のあだよ〜ん,16900,-23.1,[JP][103999753]kotetsu0422,13800,-36.2,260804-338f8c48-c5b0-4349-b7bd-fa640ce5e91e,
2026-08-04 17:17:13,2026-08-04 17:49:19,no,[JP][91745475]のあだよ〜ん,37900,47.9,[JP][128142273]ーはまちー,33200,13.2,[JP][132889350]綴美,22200,-17.8,[JP][121291970]クッション枕,6700,-43.3,260804-9a6b887a-8677-4077-ac41-5de548bb1731,
2026-08-04 16:40:30,2026-08-04 17:15:22,no,[JP][121291970]クッション枕,38800,48.8,[JP][132889350]綴美,32300,12.3,[JP][103136012]ルート12345,19700,-20.3,[JP][91745475]のあだよ〜ん,9200,-40.8,260804-b0d71ebf-eb52-45ad-84e2-1e2a0572ac2d,
2026-08-04 15:56:10,2026-08-04 16:36:28,no,[JP][121291970]クッション枕,49000,59,[JP][132889350]綴美,30900,10.9,[JP][91745475]のあだよ〜ん,29400,-10.6,[JP][117826319]びんびんん,-9300,-59.3,260804-d3178005-f7e2-4abb-bb59-d060a4c5ec65,
2026-08-04 15:22:38,2026-08-04 15:53:32,no,[JP][121291970]クッション枕,33400,43.4,[JP][129773571]うに嫌い。,26500,6.5,[JP][121573512]wot毒舌妹bot,23300,-16.7,[JP][91745475]のあだよ〜ん,16800,-33.2,260804-25018f5e-f83d-48b0-a29a-30e884f903e9,
2026-08-04 14:23:36,2026-08-04 14:50:44,no,[JP][132889350]綴美,45600,55.6,[JP][128534146]アラキ,28900,8.9,[JP][107121024]ミルモでチー,24700,-15.3,[JP][121291970]クッション枕,800,-49.2,260804-beec6c1d-42a1-4979-8b0d-d8634b91445d,
2026-08-04 13:43:11,2026-08-04 14:20:21,no,[JP][128534146]アラキ,44100,54.1,[JP][132889350]綴美,26900,6.9,[JP][107121024]ミルモでチー,24300,-15.7,[JP][121291970]クッション枕,4700,-45.3,260804-057623ea-84e1-4aac-acde-0bc8bd6431b5,
2026-08-04 12:39:27,2026-08-04 13:45:29,no,[JP][126958659]tazmitu,40700,50.7,[JP][122700559]ひつじ04,25200,5.2,[JP][103136012]ルート12345,19100,-20.9,[JP][127685187]yukke_08,15000,-35,260804-e4f30052-23f2-4117-b83c-19ed0789fabf,
2026-08-04 13:08:18,2026-08-04 13:30:58,no,[JP][121446473]Akise299,41000,51,[JP][128534146]アラキ,32800,12.8,[JP][132889350]綴美,16700,-23.3,[JP][121291970]クッション枕,9500,-40.5,260804-fad3a479-211c-4a55-8c63-2f6435ffc22b,
2026-08-04 03:14:04,2026-08-04 03:48:02,no,[JP][129773571]うに嫌い。,46300,56.3,[JP][107121024]ミルモでチー,31500,11.5,[JP][91745475]のあだよ〜ん,23600,-16.4,[JP][132889350]綴美,-1400,-51.4,260804-af41fdcf-f707-49d7-9b9f-75fc726a42a2,
2026-08-04 02:23:04,2026-08-04 03:06:49,no,[JP][132889350]綴美,46000,56,[JP][107121024]ミルモでチー,26100,6.1,[JP][91745475]のあだよ〜ん,15600,-24.4,[JP][129773571]うに嫌い。,12300,-37.7,260804-f085e657-89e8-4d22-9f0e-5126ab8cf550,
2026-08-04 01:45:43,2026-08-04 02:19:02,no,[JP][107121024]ミルモでチー,48300,58.3,[JP][122700559]ひつじ04,46500,26.5,[JP][132889350]綴美,14200,-25.8,[JP][91745475]のあだよ〜ん,-9000,-59,260804-70c0d89e-2605-44a9-81ad-65f11e41d026,
2026-08-04 00:53:34,2026-08-04 01:39:57,no,[JP][122700559]ひつじ04,46900,56.9,[JP][107121024]ミルモでチー,45700,25.7,[JP][91745475]のあだよ〜ん,25400,-14.6,[JP][132889350]綴美,-18000,-68,260803-08d084be-3b27-451c-baa9-75e295a95975,
2026-08-04 00:22:34,2026-08-04 00:51:05,no,[JP][117826319]びんびんん,33400,43.4,[JP][121573512]wot毒舌妹bot,28900,8.9,[JP][104870668]けーびぃー,27100,-12.9,[JP][91745475]のあだよ〜ん,10600,-39.4,260803-42a16839-d051-410d-b968-273f98d7076f,
2026-08-03 23:27:36,2026-08-04 00:20:38,no,[JP][121573512]wot毒舌妹bot,46200,56.2,[JP][91745475]のあだよ〜ん,35200,15.2,[JP][104870668]けーびぃー,23200,-16.8,[JP][117826319]びんびんん,-4600,-54.6,260803-16e12602-b32a-4a67-a9ae-efeebc84e531,
2026-08-03 22:58:13,2026-08-03 23:25:35,no,[JP][117826319]びんびんん,49200,59.2,[JP][104870668]けーびぃー,30500,10.5,[JP][121573512]wot毒舌妹bot,11100,-28.9,[JP][136949124]シャルにゃん,9200,-40.8,260803-e0d83fe0-1977-48dd-8e71-dadf2dd0ba3f,
2026-08-03 22:40:06,2026-08-03 23:21:55,no,[JP][113140034]クロミです,51400,61.4,[JP][107121024]ミルモでチー,33700,13.7,[JP][132889350]綴美,27000,-13,[JP][128142273]ーはまちー,-12100,-62.1,260803-cfc58778-f7d7-478c-a4ce-34fc4f2d8b35,
2026-08-03 22:09:47,2026-08-03 22:36:50,no,[JP][132889350]綴美,34800,44.8,[JP][127500682]めいぴょい,27100,7.1,[JP][113140034]クロミです,19400,-20.6,[JP][128142273]ーはまちー,18700,-31.3,260803-3c270313-cbea-4764-ada8-74a77a22bd67,
2026-08-03 21:10:15,2026-08-03 22:06:15,no,[JP][91745475]のあだよ〜ん,43200,53.2,[JP][132889350]綴美,22700,2.7,[JP][128142273]ーはまちー,22100,-17.9,[JP][127500682]めいぴょい,12000,-38,260803-86614876-c0fc-4a4c-9620-3b8b2c8b8ce5,
2026-08-03 20:32:41,2026-08-03 21:10:19,no,[JP][104870668]けーびぃー,56100,66.1,[JP][113140034]クロミです,24600,4.6,[JP][117826319]びんびんん,18700,-21.3,[JP][111407052]きょほほ,600,-49.4,260803-93efba90-bd09-43c3-a330-6535533d01ce,
2026-08-03 20:16:38,2026-08-03 21:07:34,no,[JP][129773571]うに嫌い。,48600,58.6,[JP][103136012]ルート12345,33600,13.6,[JP][114923140]鳩のサブ,22800,-17.2,[JP][127500682]めいぴょい,-5000,-55,260803-7c8b3f1e-11e5-46ac-9ace-d9ee9875df5f,
2026-08-03 19:57:46,2026-08-03 20:30:34,no,[JP][135989001]ちたーふ,38300,48.3,[JP][104870668]けーびぃー,27900,7.9,[JP][113140034]クロミです,24100,-15.9,[JP][117826319]びんびんん,9700,-40.3,260803-9c883414-03f0-498e-9016-6ad1f7ba5cc7,
2026-08-03 19:08:09,2026-08-03 19:59:33,no,[JP][127500682]めいぴょい,47800,57.8,[JP][129773571]うに嫌い。,25200,5.2,[JP][91745475]のあだよ〜ん,23700,-16.3,[JP][127685187]yukke_08,3300,-46.7,260803-240b386d-0baf-4d63-9bdf-4a92757561a6,
2026-08-03 17:26:37,2026-08-03 17:53:24,no,[JP][136949124]シャルにゃん,43300,53.3,[JP][113816715]あるですけど,27200,7.2,[JP][91745475]のあだよ〜ん,17900,-22.1,[JP][122700559]ひつじ04,11600,-38.4,260803-be249d66-f28c-4628-89fb-15bc19c9a9b7,
2026-08-03 16:18:14,2026-08-03 17:02:06,no,[JP][123842955]アヤコぽん,46700,56.7,[JP][113816715]あるですけど,23200,3.2,[JP][132889350]綴美,20900,-19.1,[JP][91745475]のあだよ〜ん,9200,-40.8,260803-bea69654-0259-4e5e-855a-ca87c25c1585,
2026-08-03 14:58:43,2026-08-03 15:36:16,no,[JP][128534146]アラキ,37500,47.5,[JP][129773571]うに嫌い。,30500,10.5,[JP][123015299]Rさんさん,24300,-15.7,[JP][121291970]クッション枕,7700,-42.3,260803-56818a3c-f301-4de0-971c-939ff3eaf395,
2026-08-03 14:38:47,2026-08-03 15:24:36,no,[JP][113816715]あるですけど,41400,51.4,[JP][123842955]アヤコぽん,27500,7.5,[JP][107121024]ミルモでチー,25500,-14.5,[JP][132889350]綴美,5600,-44.4,260803-bf36e8d8-8c2c-4107-958b-5508ebc7f694,
2026-08-03 13:24:35,2026-08-03 14:01:18,no,[JP][113816715]あるですけど,39100,49.1,[JP][123842955]アヤコぽん,35400,15.4,[JP][91745475]のあだよ〜ん,14100,-25.9,[JP][132889350]綴美,11400,-38.6,260803-d95a2953-4986-46ec-9e42-81ea46cbbab1,
2026-08-03 12:43:05,2026-08-03 13:21:10,no,[JP][132889350]綴美,31500,41.5,[JP][113816715]あるですけど,28300,8.3,[JP][91745475]のあだよ〜ん,23700,-16.3,[JP][123842955]アヤコぽん,16500,-33.5,260803-07440874-9bce-4b89-ba43-5534977ee4df,
2026-08-03 12:03:39,2026-08-03 12:40:55,no,[JP][132889350]綴美,48400,58.4,[JP][113816715]あるですけど,26400,6.4,[JP][123842955]アヤコぽん,15200,-24.8,[JP][122700559]ひつじ04,10000,-40,260803-f522234b-5edf-4ab1-bc30-fad872e2e63d,
2026-08-03 00:19:43,2026-08-03 00:52:56,no,[JP][141442184]パラセクト。,47500,57.5,[JP][99259658]CVココア,23800,3.8,[JP][130636363]龍華。。,20400,-19.6,[JP][122700559]ひつじ04,8300,-41.7,260802-5b1e82a0-401b-4320-b514-7427fbe9bc6f,
2026-08-03 00:17:34,2026-08-03 00:49:22,no,[JP][91745475]のあだよ〜ん,39500,49.5,[JP][132889350]綴美,38700,18.7,[JP][123842955]アヤコぽん,19000,-21,[JP][113816715]あるですけど,2800,-47.2,260802-ac99c75f-894c-43e9-95dd-9fc2f8abf1d1,
2026-08-02 23:51:02,2026-08-03 00:15:13,no,[JP][123842955]アヤコぽん,39400,49.4,[JP][113816715]あるですけど,28100,8.1,[JP][130636363]龍華。。,18700,-21.3,[JP][91745475]のあだよ〜ん,13800,-36.2,260802-f7036d73-deb1-430b-be8d-beb340865781,
2026-08-02 23:26:25,2026-08-02 23:56:36,no,[JP][103136012]ルート12345,45700,55.7,[JP][99259658]CVココア,45400,25.4,[JP][132889350]綴美,16200,-23.8,[JP][104870668]けーびぃー,-7300,-57.3,260802-f9485c03-4a99-490d-b1b5-f2d19ba44547,
2026-08-02 22:32:15,2026-08-02 23:18:39,no,[JP][132889350]綴美,38700,48.7,[JP][127685187]yukke_08,26700,6.7,[JP][104870668]けーびぃー,19300,-20.7,[JP][113140034]クロミです,15300,-34.7,260802-24d4851a-345f-42ed-b301-2e4f9aaa25af,
2026-08-02 22:05:28,2026-08-02 22:28:58,no,[JP][121573512]wot毒舌妹bot,37100,47.1,[JP][132889350]綴美,28700,8.7,[JP][113140034]クロミです,27700,-12.3,[JP][91745475]のあだよ〜ん,6500,-43.5,260802-8d77f8f6-f2c2-4fe5-8062-c0b7377f59f9,
2026-08-02 21:35:34,2026-08-02 22:03:08,no,[JP][127685187]yukke_08,67900,77.9,[JP][132889350]綴美,21400,1.4,[JP][113140034]クロミです,7300,-32.7,[JP][104870668]けーびぃー,3400,-46.6,260802-7e2a8f7e-cc5f-4c49-889f-d923c0ba5368,
2026-08-02 20:51:00,2026-08-02 21:29:55,no,[JP][130636363]龍華。。,33100,43.1,[JP][122700559]ひつじ04,28400,8.4,[JP][113140034]クロミです,23600,-16.4,[JP][132889350]綴美,14900,-35.1,260802-607a4c19-fccf-45f9-8fd1-c73668e70176,
2026-08-02 20:03:35,2026-08-02 20:42:59,no,[JP][113140034]クロミです,36600,46.6,[JP][130636363]龍華。。,30900,10.9,[JP][126958659]tazmitu,17900,-22.1,[JP][132889350]綴美,14600,-35.4,260802-d73fb979-654e-437e-9afe-7bc663463ce4,
2026-08-02 19:23:05,2026-08-02 19:53:24,no,[JP][113816715]あるですけど,32200,42.2,[JP][130636363]龍華。。,25700,5.7,[JP][132889350]綴美,25200,-14.8,[JP][91745475]のあだよ〜ん,16900,-33.1,260802-67994cfa-6c52-498e-b5a1-445bc1ad5846,
2026-08-02 18:27:32,2026-08-02 19:16:07,no,[JP][113816715]あるですけど,37600,47.6,[JP][91745475]のあだよ〜ん,27500,7.5,[JP][128534146]アラキ,17700,-22.3,[JP][127500682]めいぴょい,17200,-32.8,260802-ace831c8-ec93-41a4-8b7c-3ec1f6269b20,
2026-08-02 17:31:23,2026-08-02 17:54:38,no,[JP][127500682]めいぴょい,40900,50.9,[JP][107121024]ミルモでチー,39800,19.8,[JP][117826319]びんびんん,15900,-24.1,[JP][132889350]綴美,3400,-46.6,260802-cb67ada1-f103-4a3b-b09f-963ad2e969c1,
2026-08-02 16:27:23,2026-08-02 17:08:55,no,[JP][127500682]めいぴょい,88400,98.4,[JP][132889350]綴美,21200,1.2,[JP][126958659]tazmitu,5000,-35,[JP][107121024]ミルモでチー,-14600,-64.6,260802-ee6bccad-41fc-40b3-8d73-33dd220541b9,
2026-08-02 15:19:36,2026-08-02 16:01:56,no,[JP][126958659]tazmitu,44000,54,[JP][91745475]のあだよ〜ん,24600,4.6,[JP][130636363]龍華。。,16600,-23.4,[JP][132889350]綴美,14800,-35.2,260802-969c07a4-7d7d-4e42-9c51-32749e1aa567,
2026-08-02 12:49:07,2026-08-02 13:46:57,no,[JP][104870668]けーびぃー,56200,66.2,[JP][91745475]のあだよ〜ん,30800,10.8,[JP][132889350]綴美,21400,-18.6,[JP][130636363]龍華。。,-8400,-58.4,260802-9957c710-b4b3-4bdd-9d68-b57cfb5f2d6c,
2026-08-02 12:09:15,2026-08-02 12:45:01,no,[JP][123842955]アヤコぽん,38000,48,[JP][91745475]のあだよ〜ん,37100,17.1,[JP][130636363]龍華。。,17300,-22.7,[JP][127500682]めいぴょい,7600,-42.4,260802-9889d105-9515-4104-9228-9fd4914d1be6,
2026-08-02 11:11:34,2026-08-02 12:06:49,no,[JP][127500682]めいぴょい,62300,72.3,[JP][86425605]suzuken3,17200,-2.8,[JP][130636363]龍華。。,13900,-26.1,[JP][91745475]のあだよ〜ん,6600,-43.4,260802-45df37ca-a632-4d55-8f29-8e3b4575d412,
2026-08-02 10:29:28,2026-08-02 11:09:06,no,[JP][102591375]本家のうさぎ,42800,52.8,[JP][91745475]のあだよ〜ん,32600,12.6,[JP][86425605]suzuken3,15200,-24.8,[JP][130636363]龍華。。,9400,-40.6,260802-3d06bb34-cfa2-43e8-8bb0-82476336873b,
2026-08-01 23:27:30,2026-08-02 00:11:13,no,[JP][91745475]のあだよ〜ん,54500,64.5,[JP][128534146]アラキ,21700,1.7,[JP][130636363]龍華。。,17200,-22.8,[JP][127685187]yukke_08,6600,-43.4,260801-f3d7d24e-5e55-4313-8702-a6bf9d0908fb,
2026-08-01 22:24:58,2026-08-01 23:16:59,no,[JP][91745475]のあだよ〜ん,36300,46.3,[JP][103136012]ルート12345,29900,9.9,[JP][130636363]龍華。。,19500,-20.5,[JP][128534146]アラキ,14300,-35.7,260801-9172d4aa-59bc-4ca9-8f7f-0d8f736202ec,
2026-08-01 21:40:58,2026-08-01 22:19:52,no,[JP][128534146]アラキ,33800,43.8,[JP][113140034]クロミです,26000,6,[JP][130636363]龍華。。,24400,-15.6,[JP][91745475]のあだよ〜ん,15800,-34.2,260801-0dc3147b-3804-4668-a80a-806971f27803,
2026-08-01 20:30:57,2026-08-01 21:08:35,no,[JP][128534146]アラキ,40700,50.7,[JP][132889350]綴美,38400,18.4,[JP][126958659]tazmitu,21500,-18.5,[JP][113140034]クロミです,-600,-50.6,260801-abbfcb39-5b84-4b61-a474-5ef47c88960c,
2026-08-01 19:52:25,2026-08-01 20:28:06,no,[JP][91745475]のあだよ〜ん,44400,54.4,[JP][129773571]うに嫌い。,30100,10.1,[JP][113140034]クロミです,24300,-15.7,[JP][128534146]アラキ,1200,-48.8,260801-95c2fec5-2f8a-4ac6-bc65-a2d7c82e8717,
2026-08-01 19:20:28,2026-08-01 19:49:13,no,[JP][128534146]アラキ,47300,57.3,[JP][132889350]綴美,34000,14,[JP][113140034]クロミです,22800,-17.2,[JP][122700559]ひつじ04,-4100,-54.1,260801-0b18fb1f-0e13-4ccb-b4cb-4ed810fa0537,
2026-08-01 18:55:04,2026-08-01 19:17:33,no,[JP][129773571]うに嫌い。,54100,64.1,[JP][122700559]ひつじ04,29000,9,[JP][128534146]アラキ,13400,-26.6,[JP][113140034]クロミです,3500,-46.5,260801-14ef91f4-c2e5-47aa-ad36-0e2eed0827cb,
2026-08-01 18:18:46,2026-08-01 18:49:01,no,[JP][132889350]綴美,59300,69.3,[JP][127500682]めいぴょい,23500,3.5,[JP][128534146]アラキ,18800,-21.2,[JP][122700559]ひつじ04,-1600,-51.6,260801-b0b38ec3-5109-413d-b437-c0ffb1e4b60a,
2026-08-01 17:24:38,2026-08-01 18:15:20,no,[JP][127500682]めいぴょい,52200,62.2,[JP][129773571]うに嫌い。,42500,22.5,[JP][132889350]綴美,27900,-12.1,[JP][91745475]のあだよ〜ん,-22600,-72.6,260801-9e44948a-1904-4530-bd91-5c39799985fb,
2026-08-01 16:52:32,2026-08-01 17:19:32,no,[JP][113816715]あるですけど,39400,49.4,[JP][91745475]のあだよ〜ん,29800,9.8,[JP][132889350]綴美,16300,-23.7,[JP][129773571]うに嫌い。,14500,-35.5,260801-32a12bd0-a228-4530-9263-c1bc13962561,
2026-08-01 16:22:06,2026-08-01 16:49:55,no,[JP][113816715]あるですけど,36300,46.3,[JP][129773571]うに嫌い。,28700,8.7,[JP][132889350]綴美,21400,-18.6,[JP][91745475]のあだよ〜ん,13600,-36.4,260801-c701f2d8-c0ef-4bd5-bcbc-55f5b895ab69,
2026-08-01 15:57:20,2026-08-01 16:17:16,no,[JP][102591375]本家のうさぎ,31500,41.5,[JP][91745475]のあだよ〜ん,30100,10.1,[JP][108211976]佐鳥乃愛,28500,-11.5,[JP][113816715]あるですけど,9900,-40.1,260801-34eb924b-0dad-49cd-afa0-b30acfcfbd60,
2026-08-01 15:21:48,2026-08-01 15:51:48,no,[JP][129773571]うに嫌い。,33400,43.4,[JP][102591375]本家のうさぎ,24300,4.3,[JP][113816715]あるですけど,21900,-18.1,[JP][91745475]のあだよ〜ん,20400,-29.6,260801-24affcd4-f5c5-4073-ae0a-e8ff5ea76a64,
2026-08-01 14:20:46,2026-08-01 15:11:41,no,[JP][129773571]うに嫌い。,40900,50.9,[JP][132889350]綴美,26100,6.1,[JP][122700559]ひつじ04,23600,-16.4,[JP][91745475]のあだよ〜ん,9400,-40.6,260801-abe46cf6-354e-437a-b668-e6e7c22d7c86,
2026-08-01 13:43:41,2026-08-01 14:18:34,no,[JP][132889350]綴美,32100,42.1,[JP][113816715]あるですけど,29600,9.6,[JP][91745475]のあだよ〜ん,29400,-10.6,[JP][136949124]シャルにゃん,8900,-41.1,260801-33cd2c47-d337-4c50-a441-0fc7df60392a,
2026-08-01 13:15:12,2026-08-01 13:39:33,no,[JP][113816715]あるですけど,39100,49.1,[JP][91745475]のあだよ〜ん,34200,14.2,[JP][121291970]クッション枕,16500,-23.5,[JP][136949124]シャルにゃん,10200,-39.8,260801-50f3b601-2238-49bb-b92b-a7a848d2142c,
2026-08-01 12:35:07,2026-08-01 13:05:36,no,[JP][121291970]クッション枕,37300,47.3,[JP][91745475]のあだよ〜ん,25400,5.4,[JP][113816715]あるですけど,19000,-21,[JP][127685187]yukke_08,18300,-31.7,260801-97a59ea6-3924-41bb-abe3-b4b546656075,
2026-08-01 11:45:23,2026-08-01 12:10:50,no,[JP][103999753]kotetsu0422,35100,45.1,[JP][113816715]あるですけど,29700,9.7,[JP][91745475]のあだよ〜ん,22300,-17.7,[JP][121291970]クッション枕,12900,-37.1,260801-7dbf4b9b-9915-4415-bf11-4503dfc31ff6,
2026-08-01 11:05:13,2026-08-01 11:43:14,no,[JP][113816715]あるですけど,55600,65.6,[JP][91745475]のあだよ〜ん,28400,8.4,[JP][103999753]kotetsu0422,16200,-23.8,[JP][121291970]クッション枕,-200,-50.2,260801-b9fae082-57a3-423a-8c13-f54504d2a700,
